2025-04-02 17:23:50 - INFO - ==============================
2025-04-02 17:23:50 - INFO - Starting Automated Scrape Task
2025-04-02 17:23:50 - INFO - Download replays: Disabled
2025-04-02 17:23:50 - INFO - ==============================
2025-04-02 17:23:50 - INFO - Step 1: Loading existing game data...
2025-04-02 17:23:50 - INFO - Loading existing games data from basil_ladder_games.csv
2025-04-02 17:23:50 - INFO - Loaded 3606 games from existing database.
2025-04-02 17:23:50 - INFO - Step 2: Skipping syncing replay status.
2025-04-02 17:23:50 - INFO - Step 3: Fetching bot ratings...
2025-04-02 17:23:50 - INFO - Fetching master rating list from https://data.basil-ladder.net/stats/ranking.json...
2025-04-02 17:23:51 - INFO - Successfully loaded ratings for 290 bots from JSON.
2025-04-02 17:23:51 - INFO - Step 4: Extracting new games from BASIL ladder...
2025-04-02 17:23:51 - INFO - Fetching latest games from BASIL Ladder (Last 24h)...
2025-04-02 17:24:12 - INFO - Navigating to https://basil.bytekeeper.org/...
2025-04-02 17:24:13 - INFO - Waiting for page to load...
2025-04-02 17:24:14 - INFO - Clicking 'Last 24h' button...
2025-04-02 17:24:17 - INFO - Found 1244 games in the table
2025-04-02 17:25:24 - INFO - Browser closed.
2025-04-02 17:25:24 - INFO - Extracted data for 1244 games from the page.
2025-04-02 17:25:24 - INFO - Step 5: Updating games database with new games...
2025-04-02 17:25:24 - INFO - Attempting to update game database with newly scraped games...
2025-04-02 17:25:24 - INFO - Existing games in database: 3606
2025-04-02 17:25:24 - INFO - New games scraped: 1244
2025-04-02 17:25:26 - INFO - Found and skipped 1052 duplicate game(s) already present in the database.
2025-04-02 17:25:26 - INFO - Found 192 new unique games.
2025-04-02 17:25:26 - INFO - Database size: 3606 -> 3798 (+192)
2025-04-02 17:25:26 - INFO - Database saved successfully to basil_ladder_games.csv
2025-04-02 17:25:26 - INFO - Step 6: Skipping replay download.
2025-04-02 17:25:26 - INFO - ==============================
2025-04-02 17:25:26 - INFO - Automated Scrape Task Finished
2025-04-02 17:25:26 - INFO - Outcome: SUCCESS
2025-04-02 17:25:26 - INFO - Total Duration: 95.99 seconds
2025-04-02 17:25:26 - INFO - ==============================
2025-04-02 17:35:09 - INFO - ==============================
2025-04-02 17:35:09 - INFO - Starting Automated Scrape Task
2025-04-02 17:35:09 - INFO - Download replays: Disabled
2025-04-02 17:35:09 - INFO - ==============================
2025-04-02 17:35:09 - INFO - Step 1: Loading existing game data...
2025-04-02 17:35:09 - INFO - Loading existing games data from basil_ladder_games.csv
2025-04-02 17:35:09 - INFO - Loaded 3798 games from existing database.
2025-04-02 17:35:09 - INFO - Step 2: Skipping syncing replay status.
2025-04-02 17:35:09 - INFO - Step 3: Fetching bot ratings...
2025-04-02 17:35:09 - INFO - Fetching master rating list from https://data.basil-ladder.net/stats/ranking.json...
2025-04-02 17:35:09 - INFO - Successfully loaded ratings for 290 bots from JSON.
2025-04-02 17:35:09 - INFO - Step 4: Extracting new games from BASIL ladder...
2025-04-02 17:35:09 - INFO - Fetching latest games from BASIL Ladder (Last 24h)...
2025-04-02 17:35:36 - INFO - Navigating to https://basil.bytekeeper.org/...
2025-04-02 17:35:39 - INFO - Waiting for page to load...
2025-04-02 17:35:40 - INFO - Clicking 'Last 24h' button...
2025-04-02 17:35:43 - INFO - Found 1244 games in the table
2025-04-02 17:36:50 - INFO - Browser closed.
2025-04-02 17:36:50 - INFO - Extracted data for 1244 games from the page.
2025-04-02 17:36:50 - INFO - Step 5: Updating games database with new games...
2025-04-02 17:36:50 - INFO - Attempting to update game database with newly scraped games...
2025-04-02 17:36:50 - INFO - Existing games in database: 3798
2025-04-02 17:36:50 - INFO - New games scraped: 1244
2025-04-02 17:36:52 - INFO - Found and skipped 1242 duplicate game(s) already present in the database.
2025-04-02 17:36:52 - INFO - Found 2 new unique games.
2025-04-02 17:36:52 - INFO - Database size: 3798 -> 3800 (+2)
2025-04-02 17:36:52 - INFO - Database saved successfully to basil_ladder_games.csv
2025-04-02 17:36:52 - INFO - Step 6: Skipping replay download.
2025-04-02 17:36:52 - INFO - ==============================
2025-04-02 17:36:52 - INFO - Automated Scrape Task Finished
2025-04-02 17:36:52 - INFO - Outcome: SUCCESS
2025-04-02 17:36:52 - INFO - Total Duration: 103.23 seconds
2025-04-02 17:36:52 - INFO - ==============================
2025-04-02 18:31:24 - INFO - ==============================
2025-04-02 18:31:24 - INFO - Starting Automated Scrape Task
2025-04-02 18:31:24 - INFO - Download replays: Disabled
2025-04-02 18:31:24 - INFO - ==============================
2025-04-02 18:31:24 - INFO - Step 1: Loading existing game data...
2025-04-02 18:31:24 - INFO - Loading existing games data from basil_ladder_games.csv
2025-04-02 18:31:25 - INFO - Loaded 3797 games from existing database.
2025-04-02 18:31:25 - INFO - Step 2: Skipping syncing replay status.
2025-04-02 18:31:25 - INFO - Step 3: Fetching bot ratings...
2025-04-02 18:31:25 - INFO - Fetching master rating list from https://data.basil-ladder.net/stats/ranking.json...
2025-04-02 18:31:25 - INFO - Successfully loaded ratings for 290 bots from JSON.
2025-04-02 18:31:25 - INFO - Step 4: Extracting new games from BASIL ladder...
2025-04-02 18:31:25 - INFO - Fetching latest games from BASIL Ladder (Last 24h)...
2025-04-02 18:31:34 - INFO - Navigating to https://basil.bytekeeper.org/...
2025-04-02 18:31:35 - INFO - Waiting for page to load...
2025-04-02 18:31:35 - INFO - Clicking 'Last 24h' button...
2025-04-02 18:31:39 - INFO - Found 1258 games in the table
2025-04-02 18:32:46 - INFO - Browser closed.
2025-04-02 18:32:46 - INFO - Extracted data for 1258 games from the page.
2025-04-02 18:32:46 - INFO - Step 5: Updating games database with new games...
2025-04-02 18:32:46 - INFO - Attempting to update game database with newly scraped games...
2025-04-02 18:32:46 - INFO - Existing games in database: 3797
2025-04-02 18:32:46 - INFO - New games scraped: 1258
2025-04-02 18:32:49 - INFO - Found and skipped 1226 duplicate game(s) already present in the database.
2025-04-02 18:32:49 - INFO - Found 32 new unique games.
2025-04-02 18:32:49 - INFO - Database size: 3797 -> 3829 (+32)
2025-04-02 18:32:49 - INFO - Database saved successfully to basil_ladder_games.csv
2025-04-02 18:32:49 - INFO - Step 6: Skipping replay download.
2025-04-02 18:32:49 - INFO - ==============================
2025-04-02 18:32:49 - INFO - Automated Scrape Task Finished
2025-04-02 18:32:49 - INFO - Outcome: SUCCESS
2025-04-02 18:32:49 - INFO - Total Duration: 84.52 seconds
2025-04-02 18:32:49 - INFO - ==============================
2025-04-02 20:09:32 - INFO - ==============================
2025-04-02 20:09:32 - INFO - Starting Automated Scrape Task
2025-04-02 20:09:32 - INFO - Download replays: Disabled
2025-04-02 20:09:32 - INFO - ==============================
2025-04-02 20:09:32 - INFO - Step 1: Loading existing game data...
2025-04-02 20:09:32 - INFO - Loading existing games data from basil_ladder_games.csv
2025-04-02 20:09:32 - INFO - Loaded 3829 games from existing database.
2025-04-02 20:09:32 - INFO - Step 2: Skipping syncing replay status.
2025-04-02 20:09:32 - INFO - Step 3: Fetching bot ratings...
2025-04-02 20:09:32 - INFO - Fetching master rating list from https://data.basil-ladder.net/stats/ranking.json...
2025-04-02 20:09:32 - INFO - Successfully loaded ratings for 290 bots from JSON.
2025-04-02 20:09:32 - INFO - Step 4: Extracting new games from BASIL ladder...
2025-04-02 20:09:32 - INFO - Fetching latest games from BASIL Ladder (Last 24h)...
2025-04-02 20:09:39 - INFO - Navigating to https://basil.bytekeeper.org/...
2025-04-02 20:09:39 - INFO - Waiting for page to load...
2025-04-02 20:09:39 - INFO - Clicking 'Last 24h' button...
2025-04-02 20:09:43 - INFO - Found 1271 games in the table
2025-04-02 20:10:51 - INFO - Browser closed.
2025-04-02 20:10:51 - INFO - Extracted data for 1271 games from the page.
2025-04-02 20:10:51 - INFO - Step 5: Updating games database with new games...
2025-04-02 20:10:51 - INFO - Attempting to update game database with newly scraped games...
2025-04-02 20:10:51 - INFO - Existing games in database: 3829
2025-04-02 20:10:51 - INFO - New games scraped: 1271
2025-04-02 20:10:54 - INFO - Found and skipped 1153 duplicate game(s) already present in the database.
2025-04-02 20:10:54 - INFO - Found 118 new unique games.
2025-04-02 20:10:54 - INFO - Database size: 3829 -> 3947 (+118)
2025-04-02 20:10:54 - INFO - Database saved successfully to basil_ladder_games.csv
2025-04-02 20:10:54 - INFO - Step 6: Skipping replay download.
2025-04-02 20:10:54 - INFO - ==============================
2025-04-02 20:10:54 - INFO - Automated Scrape Task Finished
2025-04-02 20:10:54 - INFO - Outcome: SUCCESS
2025-04-02 20:10:54 - INFO - Total Duration: 81.93 seconds
2025-04-02 20:10:54 - INFO - ==============================
2025-04-03 08:12:05 - INFO - ==============================
2025-04-03 08:12:05 - INFO - Starting Automated Scrape Task
2025-04-03 08:12:05 - INFO - Download replays: Disabled
2025-04-03 08:12:05 - INFO - ==============================
2025-04-03 08:12:05 - INFO - Step 1: Loading existing game data...
2025-04-03 08:12:05 - INFO - Loading existing games data from basil_ladder_games.csv
2025-04-03 08:12:05 - INFO - Loaded 3947 games from existing database.
2025-04-03 08:12:05 - INFO - Step 2: Skipping syncing replay status.
2025-04-03 08:12:05 - INFO - Step 3: Fetching bot ratings...
2025-04-03 08:12:05 - INFO - Fetching master rating list from https://data.basil-ladder.net/stats/ranking.json...
2025-04-03 08:12:06 - INFO - Successfully loaded ratings for 290 bots from JSON.
2025-04-03 08:12:06 - INFO - Step 4: Extracting new games from BASIL ladder...
2025-04-03 08:12:06 - INFO - Fetching latest games from BASIL Ladder (Last 24h)...
2025-04-03 08:12:07 - INFO - Navigating to https://basil.bytekeeper.org/...
2025-04-03 08:12:07 - INFO - Waiting for page to load...
2025-04-03 08:12:07 - INFO - Clicking 'Last 24h' button...
2025-04-03 08:12:11 - INFO - Found 1303 games in the table
2025-04-03 08:13:20 - INFO - Browser closed.
2025-04-03 08:13:20 - INFO - Extracted data for 1303 games from the page.
2025-04-03 08:13:20 - INFO - Step 5: Updating games database with new games...
2025-04-03 08:13:20 - INFO - Attempting to update game database with newly scraped games...
2025-04-03 08:13:20 - INFO - Existing games in database: 3947
2025-04-03 08:13:20 - INFO - New games scraped: 1303
2025-04-03 08:13:23 - INFO - Found and skipped 719 duplicate game(s) already present in the database.
2025-04-03 08:13:23 - INFO - Found 584 new unique games.
2025-04-03 08:13:23 - INFO - Database size: 3947 -> 4531 (+584)
2025-04-03 08:13:23 - INFO - Database saved successfully to basil_ladder_games.csv
2025-04-03 08:13:23 - INFO - Step 6: Skipping replay download.
2025-04-03 08:13:23 - INFO - ==============================
2025-04-03 08:13:23 - INFO - Automated Scrape Task Finished
2025-04-03 08:13:23 - INFO - Outcome: SUCCESS
2025-04-03 08:13:23 - INFO - Total Duration: 78.13 seconds
2025-04-03 08:13:23 - INFO - ==============================
2025-04-03 20:09:23 - INFO - ==============================
2025-04-03 20:09:23 - INFO - Starting Automated Scrape Task
2025-04-03 20:09:23 - INFO - Download replays: Disabled
2025-04-03 20:09:23 - INFO - ==============================
2025-04-03 20:09:23 - INFO - Step 1: Loading existing game data...
2025-04-03 20:09:23 - INFO - Loading existing games data from basil_ladder_games.csv
2025-04-03 20:09:23 - INFO - Loaded 4531 games from existing database.
2025-04-03 20:09:23 - INFO - Step 2: Skipping syncing replay status.
2025-04-03 20:09:23 - INFO - Step 3: Fetching bot ratings...
2025-04-03 20:09:23 - INFO - Fetching master rating list from https://data.basil-ladder.net/stats/ranking.json...
2025-04-03 20:09:23 - INFO - Successfully loaded ratings for 290 bots from JSON.
2025-04-03 20:09:23 - INFO - Step 4: Extracting new games from BASIL ladder...
2025-04-03 20:09:23 - INFO - Fetching latest games from BASIL Ladder (Last 24h)...
2025-04-03 20:09:26 - INFO - Navigating to https://basil.bytekeeper.org/...
2025-04-03 20:09:28 - INFO - Waiting for page to load...
2025-04-03 20:09:28 - INFO - Clicking 'Last 24h' button...
2025-04-03 20:09:32 - INFO - Found 1307 games in the table
2025-04-03 20:10:44 - INFO - Browser closed.
2025-04-03 20:10:44 - INFO - Extracted data for 1307 games from the page.
2025-04-03 20:10:44 - INFO - Step 5: Updating games database with new games...
2025-04-03 20:10:44 - INFO - Attempting to update game database with newly scraped games...
2025-04-03 20:10:44 - INFO - Existing games in database: 4531
2025-04-03 20:10:44 - INFO - New games scraped: 1307
2025-04-03 20:10:47 - INFO - Found and skipped 586 duplicate game(s) already present in the database.
2025-04-03 20:10:47 - INFO - Found 721 new unique games.
2025-04-03 20:10:47 - INFO - Database size: 4531 -> 5252 (+721)
2025-04-03 20:10:47 - INFO - Database saved successfully to basil_ladder_games.csv
2025-04-03 20:10:47 - INFO - Step 6: Skipping replay download.
2025-04-03 20:10:47 - INFO - ==============================
2025-04-03 20:10:47 - INFO - Automated Scrape Task Finished
2025-04-03 20:10:47 - INFO - Outcome: SUCCESS
2025-04-03 20:10:47 - INFO - Total Duration: 84.76 seconds
2025-04-03 20:10:47 - INFO - ==============================
2025-04-04 08:11:58 - INFO - ==============================
2025-04-04 08:11:58 - INFO - Starting Automated Scrape Task
2025-04-04 08:11:58 - INFO - Download replays: Disabled
2025-04-04 08:11:58 - INFO - ==============================
2025-04-04 08:11:58 - INFO - Step 1: Loading existing game data...
2025-04-04 08:11:58 - INFO - Loading existing games data from basil_ladder_games.csv
2025-04-04 08:11:58 - INFO - Loaded 5252 games from existing database.
2025-04-04 08:11:58 - INFO - Step 2: Skipping syncing replay status.
2025-04-04 08:11:58 - INFO - Step 3: Fetching bot ratings...
2025-04-04 08:11:58 - INFO - Fetching master rating list from https://data.basil-ladder.net/stats/ranking.json...
2025-04-04 08:11:59 - INFO - Successfully loaded ratings for 290 bots from JSON.
2025-04-04 08:11:59 - INFO - Step 4: Extracting new games from BASIL ladder...
2025-04-04 08:11:59 - INFO - Fetching latest games from BASIL Ladder (Last 24h)...
2025-04-04 08:12:05 - INFO - Navigating to https://basil.bytekeeper.org/...
2025-04-04 08:12:05 - INFO - Waiting for page to load...
2025-04-04 08:12:06 - INFO - Clicking 'Last 24h' button...
2025-04-04 08:12:09 - INFO - Found 1252 games in the table
2025-04-04 08:13:19 - INFO - Browser closed.
2025-04-04 08:13:19 - INFO - Extracted data for 1252 games from the page.
2025-04-04 08:13:19 - INFO - Step 5: Updating games database with new games...
2025-04-04 08:13:19 - INFO - Attempting to update game database with newly scraped games...
2025-04-04 08:13:19 - INFO - Existing games in database: 5252
2025-04-04 08:13:19 - INFO - New games scraped: 1252
2025-04-04 08:13:22 - INFO - Found and skipped 724 duplicate game(s) already present in the database.
2025-04-04 08:13:22 - INFO - Found 528 new unique games.
2025-04-04 08:13:23 - INFO - Database size: 5252 -> 5780 (+528)
2025-04-04 08:13:23 - INFO - Database saved successfully to basil_ladder_games.csv
2025-04-04 08:13:23 - INFO - Step 6: Skipping replay download.
2025-04-04 08:13:23 - INFO - ==============================
2025-04-04 08:13:23 - INFO - Automated Scrape Task Finished
2025-04-04 08:13:23 - INFO - Outcome: SUCCESS
2025-04-04 08:13:23 - INFO - Total Duration: 84.45 seconds
2025-04-04 08:13:23 - INFO - ==============================
2025-04-04 20:09:13 - INFO - ==============================
2025-04-04 20:09:13 - INFO - Starting Automated Scrape Task
2025-04-04 20:09:13 - INFO - Download replays: Disabled
2025-04-04 20:09:13 - INFO - ==============================
2025-04-04 20:09:13 - INFO - Step 1: Loading existing game data...
2025-04-04 20:09:13 - INFO - Loading existing games data from basil_ladder_games.csv
2025-04-04 20:09:13 - INFO - Loaded 5780 games from existing database.
2025-04-04 20:09:13 - INFO - Step 2: Skipping syncing replay status.
2025-04-04 20:09:13 - INFO - Step 3: Fetching bot ratings...
2025-04-04 20:09:13 - INFO - Fetching master rating list from https://data.basil-ladder.net/stats/ranking.json...
2025-04-04 20:09:14 - INFO - Successfully loaded ratings for 290 bots from JSON.
2025-04-04 20:09:14 - INFO - Step 4: Extracting new games from BASIL ladder...
2025-04-04 20:09:14 - INFO - Fetching latest games from BASIL Ladder (Last 24h)...
2025-04-04 20:09:16 - INFO - Navigating to https://basil.bytekeeper.org/...
2025-04-04 20:09:16 - INFO - Waiting for page to load...
2025-04-04 20:09:17 - INFO - Clicking 'Last 24h' button...
2025-04-04 20:09:20 - INFO - Found 1268 games in the table
2025-04-04 20:10:27 - INFO - Browser closed.
2025-04-04 20:10:27 - INFO - Extracted data for 1268 games from the page.
2025-04-04 20:10:27 - INFO - Step 5: Updating games database with new games...
2025-04-04 20:10:27 - INFO - Attempting to update game database with newly scraped games...
2025-04-04 20:10:27 - INFO - Existing games in database: 5780
2025-04-04 20:10:27 - INFO - New games scraped: 1268
2025-04-04 20:10:31 - INFO - Found and skipped 533 duplicate game(s) already present in the database.
2025-04-04 20:10:31 - INFO - Found 735 new unique games.
2025-04-04 20:10:31 - INFO - Database size: 5780 -> 6515 (+735)
2025-04-04 20:10:31 - INFO - Database saved successfully to basil_ladder_games.csv
2025-04-04 20:10:31 - INFO - Step 6: Skipping replay download.
2025-04-04 20:10:31 - INFO - ==============================
2025-04-04 20:10:31 - INFO - Automated Scrape Task Finished
2025-04-04 20:10:31 - INFO - Outcome: SUCCESS
2025-04-04 20:10:31 - INFO - Total Duration: 77.91 seconds
2025-04-04 20:10:31 - INFO - ==============================
2025-04-05 08:10:16 - INFO - ==============================
2025-04-05 08:10:16 - INFO - Starting Automated Scrape Task
2025-04-05 08:10:16 - INFO - Download replays: Disabled
2025-04-05 08:10:16 - INFO - ==============================
2025-04-05 08:10:16 - INFO - Step 1: Loading existing game data...
2025-04-05 08:10:16 - INFO - Loading existing games data from basil_ladder_games.csv
2025-04-05 08:10:16 - INFO - Loaded 6515 games from existing database.
2025-04-05 08:10:16 - INFO - Step 2: Skipping syncing replay status.
2025-04-05 08:10:16 - INFO - Step 3: Fetching bot ratings...
2025-04-05 08:10:16 - INFO - Fetching master rating list from https://data.basil-ladder.net/stats/ranking.json...
2025-04-05 08:10:17 - INFO - Successfully loaded ratings for 290 bots from JSON.
2025-04-05 08:10:17 - INFO - Step 4: Extracting new games from BASIL ladder...
2025-04-05 08:10:17 - INFO - Fetching latest games from BASIL Ladder (Last 24h)...
2025-04-05 08:10:26 - INFO - Navigating to https://basil.bytekeeper.org/...
2025-04-05 08:10:27 - INFO - Waiting for page to load...
2025-04-05 08:10:27 - INFO - Clicking 'Last 24h' button...
2025-04-05 08:10:31 - INFO - Found 1252 games in the table
2025-04-05 08:11:38 - INFO - Browser closed.
2025-04-05 08:11:38 - INFO - Extracted data for 1252 games from the page.
2025-04-05 08:11:38 - INFO - Step 5: Updating games database with new games...
2025-04-05 08:11:38 - INFO - Attempting to update game database with newly scraped games...
2025-04-05 08:11:38 - INFO - Existing games in database: 6515
2025-04-05 08:11:38 - INFO - New games scraped: 1252
2025-04-05 08:11:41 - INFO - Found and skipped 739 duplicate game(s) already present in the database.
2025-04-05 08:11:41 - INFO - Found 513 new unique games.
2025-04-05 08:11:41 - INFO - Database size: 6515 -> 7028 (+513)
2025-04-05 08:11:41 - INFO - Database saved successfully to basil_ladder_games.csv
2025-04-05 08:11:41 - INFO - Step 6: Skipping replay download.
2025-04-05 08:11:41 - INFO - ==============================
2025-04-05 08:11:41 - INFO - Automated Scrape Task Finished
2025-04-05 08:11:41 - INFO - Outcome: SUCCESS
2025-04-05 08:11:41 - INFO - Total Duration: 85.21 seconds
2025-04-05 08:11:41 - INFO - ==============================
2025-04-05 20:08:04 - INFO - ==============================
2025-04-05 20:08:04 - INFO - Starting Automated Scrape Task
2025-04-05 20:08:04 - INFO - Download replays: Disabled
2025-04-05 20:08:04 - INFO - ==============================
2025-04-05 20:08:04 - INFO - Step 1: Loading existing game data...
2025-04-05 20:08:04 - INFO - Loading existing games data from basil_ladder_games.csv
2025-04-05 20:08:04 - INFO - Loaded 7028 games from existing database.
2025-04-05 20:08:04 - INFO - Step 2: Skipping syncing replay status.
2025-04-05 20:08:04 - INFO - Step 3: Fetching bot ratings...
2025-04-05 20:08:04 - INFO - Fetching master rating list from https://data.basil-ladder.net/stats/ranking.json...
2025-04-05 20:08:05 - INFO - Successfully loaded ratings for 290 bots from JSON.
2025-04-05 20:08:05 - INFO - Step 4: Extracting new games from BASIL ladder...
2025-04-05 20:08:05 - INFO - Fetching latest games from BASIL Ladder (Last 24h)...
2025-04-05 20:08:06 - INFO - Navigating to https://basil.bytekeeper.org/...
2025-04-05 20:08:07 - INFO - Waiting for page to load...
2025-04-05 20:08:07 - INFO - Clicking 'Last 24h' button...
2025-04-05 20:08:10 - INFO - Found 1220 games in the table
2025-04-05 20:09:15 - INFO - Browser closed.
2025-04-05 20:09:15 - INFO - Extracted data for 1220 games from the page.
2025-04-05 20:09:15 - INFO - Step 5: Updating games database with new games...
2025-04-05 20:09:15 - INFO - Attempting to update game database with newly scraped games...
2025-04-05 20:09:15 - INFO - Existing games in database: 7028
2025-04-05 20:09:15 - INFO - New games scraped: 1220
2025-04-05 20:09:19 - INFO - Found and skipped 516 duplicate game(s) already present in the database.
2025-04-05 20:09:19 - INFO - Found 704 new unique games.
2025-04-05 20:09:19 - INFO - Database size: 7028 -> 7732 (+704)
2025-04-05 20:09:19 - INFO - Database saved successfully to basil_ladder_games.csv
2025-04-05 20:09:19 - INFO - Step 6: Skipping replay download.
2025-04-05 20:09:19 - INFO - ==============================
2025-04-05 20:09:19 - INFO - Automated Scrape Task Finished
2025-04-05 20:09:19 - INFO - Outcome: SUCCESS
2025-04-05 20:09:19 - INFO - Total Duration: 74.99 seconds
2025-04-05 20:09:19 - INFO - ==============================
2025-04-06 08:10:13 - INFO - ==============================
2025-04-06 08:10:13 - INFO - Starting Automated Scrape Task
2025-04-06 08:10:13 - INFO - Download replays: Disabled
2025-04-06 08:10:13 - INFO - ==============================
2025-04-06 08:10:13 - INFO - Step 1: Loading existing game data...
2025-04-06 08:10:13 - INFO - Loading existing games data from basil_ladder_games.csv
2025-04-06 08:10:13 - INFO - Loaded 7732 games from existing database.
2025-04-06 08:10:13 - INFO - Step 2: Skipping syncing replay status.
2025-04-06 08:10:13 - INFO - Step 3: Fetching bot ratings...
2025-04-06 08:10:13 - INFO - Fetching master rating list from https://data.basil-ladder.net/stats/ranking.json...
2025-04-06 08:10:14 - INFO - Successfully loaded ratings for 290 bots from JSON.
2025-04-06 08:10:14 - INFO - Step 4: Extracting new games from BASIL ladder...
2025-04-06 08:10:14 - INFO - Fetching latest games from BASIL Ladder (Last 24h)...
2025-04-06 08:10:14 - INFO - Navigating to https://basil.bytekeeper.org/...
2025-04-06 08:10:15 - INFO - Waiting for page to load...
2025-04-06 08:10:15 - INFO - Clicking 'Last 24h' button...
2025-04-06 08:10:18 - INFO - Found 1256 games in the table
2025-04-06 08:11:23 - INFO - Browser closed.
2025-04-06 08:11:23 - INFO - Extracted data for 1256 games from the page.
2025-04-06 08:11:23 - INFO - Step 5: Updating games database with new games...
2025-04-06 08:11:23 - INFO - Attempting to update game database with newly scraped games...
2025-04-06 08:11:23 - INFO - Existing games in database: 7732
2025-04-06 08:11:23 - INFO - New games scraped: 1256
2025-04-06 08:11:28 - INFO - Found and skipped 705 duplicate game(s) already present in the database.
2025-04-06 08:11:28 - INFO - Found 551 new unique games.
2025-04-06 08:11:28 - INFO - Database size: 7732 -> 8283 (+551)
2025-04-06 08:11:28 - INFO - Database saved successfully to basil_ladder_games.csv
2025-04-06 08:11:28 - INFO - Step 6: Skipping replay download.
2025-04-06 08:11:28 - INFO - ==============================
2025-04-06 08:11:28 - INFO - Automated Scrape Task Finished
2025-04-06 08:11:28 - INFO - Outcome: SUCCESS
2025-04-06 08:11:28 - INFO - Total Duration: 74.67 seconds
2025-04-06 08:11:28 - INFO - ==============================
2025-04-06 20:08:47 - INFO - ==============================
2025-04-06 20:08:47 - INFO - Starting Automated Scrape Task
2025-04-06 20:08:47 - INFO - Download replays: Disabled
2025-04-06 20:08:47 - INFO - ==============================
2025-04-06 20:08:47 - INFO - Step 1: Loading existing game data...
2025-04-06 20:08:47 - INFO - Loading existing games data from basil_ladder_games.csv
2025-04-06 20:08:47 - INFO - Loaded 8283 games from existing database.
2025-04-06 20:08:47 - INFO - Step 2: Skipping syncing replay status.
2025-04-06 20:08:47 - INFO - Step 3: Fetching bot ratings...
2025-04-06 20:08:47 - INFO - Fetching master rating list from https://data.basil-ladder.net/stats/ranking.json...
2025-04-06 20:08:48 - INFO - Successfully loaded ratings for 290 bots from JSON.
2025-04-06 20:08:48 - INFO - Step 4: Extracting new games from BASIL ladder...
2025-04-06 20:08:48 - INFO - Fetching latest games from BASIL Ladder (Last 24h)...
2025-04-06 20:08:49 - INFO - Navigating to https://basil.bytekeeper.org/...
2025-04-06 20:08:50 - INFO - Waiting for page to load...
2025-04-06 20:08:50 - INFO - Clicking 'Last 24h' button...
2025-04-06 20:08:53 - INFO - Found 1234 games in the table
2025-04-06 20:10:00 - INFO - Browser closed.
2025-04-06 20:10:00 - INFO - Extracted data for 1234 games from the page.
2025-04-06 20:10:00 - INFO - Step 5: Updating games database with new games...
2025-04-06 20:10:00 - INFO - Attempting to update game database with newly scraped games...
2025-04-06 20:10:00 - INFO - Existing games in database: 8283
2025-04-06 20:10:00 - INFO - New games scraped: 1234
2025-04-06 20:10:04 - INFO - Found and skipped 553 duplicate game(s) already present in the database.
2025-04-06 20:10:04 - INFO - Found 681 new unique games.
2025-04-06 20:10:04 - INFO - Database size: 8283 -> 8964 (+681)
2025-04-06 20:10:04 - INFO - Database saved successfully to basil_ladder_games.csv
2025-04-06 20:10:04 - INFO - Step 6: Skipping replay download.
2025-04-06 20:10:04 - INFO - ==============================
2025-04-06 20:10:04 - INFO - Automated Scrape Task Finished
2025-04-06 20:10:04 - INFO - Outcome: SUCCESS
2025-04-06 20:10:04 - INFO - Total Duration: 77.24 seconds
2025-04-06 20:10:04 - INFO - ==============================
2025-04-07 08:12:48 - INFO - ==============================
2025-04-07 08:12:48 - INFO - Starting Automated Scrape Task
2025-04-07 08:12:48 - INFO - Download replays: Disabled
2025-04-07 08:12:48 - INFO - ==============================
2025-04-07 08:12:48 - INFO - Step 1: Loading existing game data...
2025-04-07 08:12:48 - INFO - Loading existing games data from basil_ladder_games.csv
2025-04-07 08:12:48 - INFO - Loaded 8964 games from existing database.
2025-04-07 08:12:48 - INFO - Step 2: Skipping syncing replay status.
2025-04-07 08:12:48 - INFO - Step 3: Fetching bot ratings...
2025-04-07 08:12:48 - INFO - Fetching master rating list from https://data.basil-ladder.net/stats/ranking.json...
2025-04-07 08:12:49 - INFO - Successfully loaded ratings for 290 bots from JSON.
2025-04-07 08:12:49 - INFO - Step 4: Extracting new games from BASIL ladder...
2025-04-07 08:12:49 - INFO - Fetching latest games from BASIL Ladder (Last 24h)...
2025-04-07 08:12:50 - INFO - Navigating to https://basil.bytekeeper.org/...
2025-04-07 08:12:50 - INFO - Waiting for page to load...
2025-04-07 08:12:50 - INFO - Clicking 'Last 24h' button...
2025-04-07 08:12:53 - INFO - Found 1316 games in the table
2025-04-07 08:14:08 - INFO - Browser closed.
2025-04-07 08:14:08 - INFO - Extracted data for 1316 games from the page.
2025-04-07 08:14:08 - INFO - Step 5: Updating games database with new games...
2025-04-07 08:14:08 - INFO - Attempting to update game database with newly scraped games...
2025-04-07 08:14:08 - INFO - Existing games in database: 8964
2025-04-07 08:14:08 - INFO - New games scraped: 1316
2025-04-07 08:14:13 - INFO - Found and skipped 684 duplicate game(s) already present in the database.
2025-04-07 08:14:13 - INFO - Found 632 new unique games.
2025-04-07 08:14:13 - INFO - Database size: 8964 -> 9596 (+632)
2025-04-07 08:14:13 - INFO - Database saved successfully to basil_ladder_games.csv
2025-04-07 08:14:13 - INFO - Step 6: Skipping replay download.
2025-04-07 08:14:13 - INFO - ==============================
2025-04-07 08:14:13 - INFO - Automated Scrape Task Finished
2025-04-07 08:14:13 - INFO - Outcome: SUCCESS
2025-04-07 08:14:13 - INFO - Total Duration: 85.08 seconds
2025-04-07 08:14:13 - INFO - ==============================
2025-04-07 20:09:29 - INFO - ==============================
2025-04-07 20:09:29 - INFO - Starting Automated Scrape Task
2025-04-07 20:09:29 - INFO - Download replays: Disabled
2025-04-07 20:09:29 - INFO - ==============================
2025-04-07 20:09:29 - INFO - Step 1: Loading existing game data...
2025-04-07 20:09:29 - INFO - Loading existing games data from basil_ladder_games.csv
2025-04-07 20:09:29 - INFO - Loaded 9596 games from existing database.
2025-04-07 20:09:29 - INFO - Step 2: Skipping syncing replay status.
2025-04-07 20:09:29 - INFO - Step 3: Fetching bot ratings...
2025-04-07 20:09:29 - INFO - Fetching master rating list from https://data.basil-ladder.net/stats/ranking.json...
2025-04-07 20:09:30 - INFO - Successfully loaded ratings for 290 bots from JSON.
2025-04-07 20:09:30 - INFO - Step 4: Extracting new games from BASIL ladder...
2025-04-07 20:09:30 - INFO - Fetching latest games from BASIL Ladder (Last 24h)...
2025-04-07 20:09:32 - INFO - Navigating to https://basil.bytekeeper.org/...
2025-04-07 20:09:32 - INFO - Waiting for page to load...
2025-04-07 20:09:32 - INFO - Clicking 'Last 24h' button...
2025-04-07 20:09:36 - INFO - Found 1294 games in the table
2025-04-07 20:10:45 - INFO - Browser closed.
2025-04-07 20:10:45 - INFO - Extracted data for 1294 games from the page.
2025-04-07 20:10:45 - INFO - Step 5: Updating games database with new games...
2025-04-07 20:10:45 - INFO - Attempting to update game database with newly scraped games...
2025-04-07 20:10:45 - INFO - Existing games in database: 9596
2025-04-07 20:10:45 - INFO - New games scraped: 1294
2025-04-07 20:10:50 - INFO - Found and skipped 633 duplicate game(s) already present in the database.
2025-04-07 20:10:50 - INFO - Found 661 new unique games.
2025-04-07 20:10:50 - INFO - Database size: 9596 -> 10257 (+661)
2025-04-07 20:10:50 - INFO - Database saved successfully to basil_ladder_games.csv
2025-04-07 20:10:50 - INFO - Step 6: Skipping replay download.
2025-04-07 20:10:50 - INFO - ==============================
2025-04-07 20:10:50 - INFO - Automated Scrape Task Finished
2025-04-07 20:10:50 - INFO - Outcome: SUCCESS
2025-04-07 20:10:50 - INFO - Total Duration: 80.79 seconds
2025-04-07 20:10:50 - INFO - ==============================
2025-04-08 08:12:49 - INFO - ==============================
2025-04-08 08:12:49 - INFO - Starting Automated Scrape Task
2025-04-08 08:12:49 - INFO - Download replays: Disabled
2025-04-08 08:12:49 - INFO - ==============================
2025-04-08 08:12:49 - INFO - Step 1: Loading existing game data...
2025-04-08 08:12:49 - INFO - Loading existing games data from basil_ladder_games.csv
2025-04-08 08:12:49 - INFO - Loaded 10257 games from existing database.
2025-04-08 08:12:49 - INFO - Step 2: Skipping syncing replay status.
2025-04-08 08:12:49 - INFO - Step 3: Fetching bot ratings...
2025-04-08 08:12:49 - INFO - Fetching master rating list from https://data.basil-ladder.net/stats/ranking.json...
2025-04-08 08:12:49 - INFO - Successfully loaded ratings for 290 bots from JSON.
2025-04-08 08:12:49 - INFO - Step 4: Extracting new games from BASIL ladder...
2025-04-08 08:12:49 - INFO - Fetching latest games from BASIL Ladder (Last 24h)...
2025-04-08 08:12:50 - INFO - Navigating to https://basil.bytekeeper.org/...
2025-04-08 08:12:51 - INFO - Waiting for page to load...
2025-04-08 08:12:51 - INFO - Clicking 'Last 24h' button...
2025-04-08 08:12:54 - INFO - Found 1232 games in the table
2025-04-08 08:14:00 - INFO - Browser closed.
2025-04-08 08:14:00 - INFO - Extracted data for 1232 games from the page.
2025-04-08 08:14:00 - INFO - Step 5: Updating games database with new games...
2025-04-08 08:14:00 - INFO - Attempting to update game database with newly scraped games...
2025-04-08 08:14:00 - INFO - Existing games in database: 10257
2025-04-08 08:14:00 - INFO - New games scraped: 1232
2025-04-08 08:14:05 - INFO - Found and skipped 663 duplicate game(s) already present in the database.
2025-04-08 08:14:05 - INFO - Found 569 new unique games.
2025-04-08 08:14:05 - INFO - Database size: 10257 -> 10826 (+569)
2025-04-08 08:14:05 - INFO - Database saved successfully to basil_ladder_games.csv
2025-04-08 08:14:05 - INFO - Step 6: Skipping replay download.
2025-04-08 08:14:05 - INFO - ==============================
2025-04-08 08:14:05 - INFO - Automated Scrape Task Finished
2025-04-08 08:14:05 - INFO - Outcome: SUCCESS
2025-04-08 08:14:05 - INFO - Total Duration: 76.14 seconds
2025-04-08 08:14:05 - INFO - ==============================
2025-04-08 20:09:21 - INFO - ==============================
2025-04-08 20:09:21 - INFO - Starting Automated Scrape Task
2025-04-08 20:09:21 - INFO - Download replays: Disabled
2025-04-08 20:09:21 - INFO - ==============================
2025-04-08 20:09:21 - INFO - Step 1: Loading existing game data...
2025-04-08 20:09:21 - INFO - Loading existing games data from basil_ladder_games.csv
2025-04-08 20:09:21 - INFO - Loaded 10826 games from existing database.
2025-04-08 20:09:21 - INFO - Step 2: Skipping syncing replay status.
2025-04-08 20:09:21 - INFO - Step 3: Fetching bot ratings...
2025-04-08 20:09:21 - INFO - Fetching master rating list from https://data.basil-ladder.net/stats/ranking.json...
2025-04-08 20:09:21 - INFO - Successfully loaded ratings for 290 bots from JSON.
2025-04-08 20:09:21 - INFO - Step 4: Extracting new games from BASIL ladder...
2025-04-08 20:09:21 - INFO - Fetching latest games from BASIL Ladder (Last 24h)...
2025-04-08 20:09:29 - INFO - Navigating to https://basil.bytekeeper.org/...
2025-04-08 20:09:30 - INFO - Waiting for page to load...
2025-04-08 20:09:30 - INFO - Clicking 'Last 24h' button...
2025-04-08 20:09:34 - INFO - Found 1279 games in the table
2025-04-08 20:10:45 - INFO - Browser closed.
2025-04-08 20:10:45 - INFO - Extracted data for 1279 games from the page.
2025-04-08 20:10:45 - INFO - Step 5: Updating games database with new games...
2025-04-08 20:10:45 - INFO - Attempting to update game database with newly scraped games...
2025-04-08 20:10:45 - INFO - Existing games in database: 10826
2025-04-08 20:10:45 - INFO - New games scraped: 1279
2025-04-08 20:10:51 - INFO - Found and skipped 573 duplicate game(s) already present in the database.
2025-04-08 20:10:51 - INFO - Found 706 new unique games.
2025-04-08 20:10:51 - INFO - Database size: 10826 -> 11532 (+706)
2025-04-08 20:10:51 - INFO - Database saved successfully to basil_ladder_games.csv
2025-04-08 20:10:51 - INFO - Step 6: Skipping replay download.
2025-04-08 20:10:51 - INFO - ==============================
2025-04-08 20:10:51 - INFO - Automated Scrape Task Finished
2025-04-08 20:10:51 - INFO - Outcome: SUCCESS
2025-04-08 20:10:51 - INFO - Total Duration: 90.16 seconds
2025-04-08 20:10:51 - INFO - ==============================
2025-04-09 08:12:25 - INFO - ==============================
2025-04-09 08:12:25 - INFO - Starting Automated Scrape Task
2025-04-09 08:12:25 - INFO - Download replays: Disabled
2025-04-09 08:12:25 - INFO - ==============================
2025-04-09 08:12:25 - INFO - Step 1: Loading existing game data...
2025-04-09 08:12:25 - INFO - Loading existing games data from basil_ladder_games.csv
2025-04-09 08:12:25 - INFO - Loaded 11532 games from existing database.
2025-04-09 08:12:25 - INFO - Step 2: Skipping syncing replay status.
2025-04-09 08:12:25 - INFO - Step 3: Fetching bot ratings...
2025-04-09 08:12:25 - INFO - Fetching master rating list from https://data.basil-ladder.net/stats/ranking.json...
2025-04-09 08:12:25 - INFO - Successfully loaded ratings for 290 bots from JSON.
2025-04-09 08:12:25 - INFO - Step 4: Extracting new games from BASIL ladder...
2025-04-09 08:12:25 - INFO - Fetching latest games from BASIL Ladder (Last 24h)...
2025-04-09 08:12:26 - INFO - Navigating to https://basil.bytekeeper.org/...
2025-04-09 08:12:27 - INFO - Waiting for page to load...
2025-04-09 08:12:27 - INFO - Clicking 'Last 24h' button...
2025-04-09 08:12:30 - INFO - Found 1244 games in the table
2025-04-09 08:13:38 - INFO - Browser closed.
2025-04-09 08:13:38 - INFO - Extracted data for 1244 games from the page.
2025-04-09 08:13:38 - INFO - Step 5: Updating games database with new games...
2025-04-09 08:13:38 - INFO - Attempting to update game database with newly scraped games...
2025-04-09 08:13:38 - INFO - Existing games in database: 11532
2025-04-09 08:13:38 - INFO - New games scraped: 1244
2025-04-09 08:13:44 - INFO - Found and skipped 709 duplicate game(s) already present in the database.
2025-04-09 08:13:44 - INFO - Found 535 new unique games.
2025-04-09 08:13:44 - INFO - Database size: 11532 -> 12067 (+535)
2025-04-09 08:13:44 - INFO - Database saved successfully to basil_ladder_games.csv
2025-04-09 08:13:44 - INFO - Step 6: Skipping replay download.
2025-04-09 08:13:44 - INFO - ==============================
2025-04-09 08:13:44 - INFO - Automated Scrape Task Finished
2025-04-09 08:13:44 - INFO - Outcome: SUCCESS
2025-04-09 08:13:44 - INFO - Total Duration: 79.09 seconds
2025-04-09 08:13:44 - INFO - ==============================
2025-04-09 20:09:38 - INFO - ==============================
2025-04-09 20:09:38 - INFO - Starting Automated Scrape Task
2025-04-09 20:09:38 - INFO - Download replays: Disabled
2025-04-09 20:09:38 - INFO - ==============================
2025-04-09 20:09:38 - INFO - Step 1: Loading existing game data...
2025-04-09 20:09:38 - INFO - Loading existing games data from basil_ladder_games.csv
2025-04-09 20:09:38 - INFO - Loaded 12067 games from existing database.
2025-04-09 20:09:38 - INFO - Step 2: Skipping syncing replay status.
2025-04-09 20:09:38 - INFO - Step 3: Fetching bot ratings...
2025-04-09 20:09:38 - INFO - Fetching master rating list from https://data.basil-ladder.net/stats/ranking.json...
2025-04-09 20:09:39 - INFO - Successfully loaded ratings for 290 bots from JSON.
2025-04-09 20:09:39 - INFO - Step 4: Extracting new games from BASIL ladder...
2025-04-09 20:09:39 - INFO - Fetching latest games from BASIL Ladder (Last 24h)...
2025-04-09 20:09:45 - INFO - Navigating to https://basil.bytekeeper.org/...
2025-04-09 20:09:46 - INFO - Waiting for page to load...
2025-04-09 20:09:46 - INFO - Clicking 'Last 24h' button...
2025-04-09 20:09:50 - INFO - Found 1258 games in the table
2025-04-09 20:10:58 - INFO - Browser closed.
2025-04-09 20:10:58 - INFO - Extracted data for 1258 games from the page.
2025-04-09 20:10:58 - INFO - Step 5: Updating games database with new games...
2025-04-09 20:10:58 - INFO - Attempting to update game database with newly scraped games...
2025-04-09 20:10:58 - INFO - Existing games in database: 12067
2025-04-09 20:10:58 - INFO - New games scraped: 1258
2025-04-09 20:11:04 - INFO - Found and skipped 569 duplicate game(s) already present in the database.
2025-04-09 20:11:04 - INFO - Found 689 new unique games.
2025-04-09 20:11:04 - INFO - Database size: 12067 -> 12756 (+689)
2025-04-09 20:11:04 - INFO - Database saved successfully to basil_ladder_games.csv
2025-04-09 20:11:04 - INFO - Step 6: Skipping replay download.
2025-04-09 20:11:04 - INFO - ==============================
2025-04-09 20:11:04 - INFO - Automated Scrape Task Finished
2025-04-09 20:11:04 - INFO - Outcome: SUCCESS
2025-04-09 20:11:04 - INFO - Total Duration: 86.23 seconds
2025-04-09 20:11:04 - INFO - ==============================
2025-04-10 08:12:03 - INFO - ==============================
2025-04-10 08:12:03 - INFO - Starting Automated Scrape Task
2025-04-10 08:12:03 - INFO - Download replays: Disabled
2025-04-10 08:12:03 - INFO - ==============================
2025-04-10 08:12:03 - INFO - Step 1: Loading existing game data...
2025-04-10 08:12:03 - INFO - Loading existing games data from basil_ladder_games.csv
2025-04-10 08:12:03 - INFO - Loaded 12756 games from existing database.
2025-04-10 08:12:03 - INFO - Step 2: Skipping syncing replay status.
2025-04-10 08:12:03 - INFO - Step 3: Fetching bot ratings...
2025-04-10 08:12:03 - INFO - Fetching master rating list from https://data.basil-ladder.net/stats/ranking.json...
2025-04-10 08:12:03 - INFO - Successfully loaded ratings for 290 bots from JSON.
2025-04-10 08:12:03 - INFO - Step 4: Extracting new games from BASIL ladder...
2025-04-10 08:12:03 - INFO - Fetching latest games from BASIL Ladder (Last 24h)...
2025-04-10 08:12:05 - INFO - Navigating to https://basil.bytekeeper.org/...
2025-04-10 08:12:05 - INFO - Waiting for page to load...
2025-04-10 08:12:05 - INFO - Clicking 'Last 24h' button...
2025-04-10 08:12:08 - INFO - Found 1295 games in the table
2025-04-10 08:13:18 - INFO - Browser closed.
2025-04-10 08:13:18 - INFO - Extracted data for 1295 games from the page.
2025-04-10 08:13:18 - INFO - Step 5: Updating games database with new games...
2025-04-10 08:13:18 - INFO - Attempting to update game database with newly scraped games...
2025-04-10 08:13:18 - INFO - Existing games in database: 12756
2025-04-10 08:13:18 - INFO - New games scraped: 1295
2025-04-10 08:13:24 - INFO - Found and skipped 691 duplicate game(s) already present in the database.
2025-04-10 08:13:24 - INFO - Found 604 new unique games.
2025-04-10 08:13:24 - INFO - Database size: 12756 -> 13360 (+604)
2025-04-10 08:13:24 - INFO - Database saved successfully to basil_ladder_games.csv
2025-04-10 08:13:24 - INFO - Step 6: Skipping replay download.
2025-04-10 08:13:24 - INFO - ==============================
2025-04-10 08:13:24 - INFO - Automated Scrape Task Finished
2025-04-10 08:13:24 - INFO - Outcome: SUCCESS
2025-04-10 08:13:24 - INFO - Total Duration: 81.74 seconds
2025-04-10 08:13:24 - INFO - ==============================
2025-04-10 20:09:22 - INFO - ==============================
2025-04-10 20:09:22 - INFO - Starting Automated Scrape Task
2025-04-10 20:09:22 - INFO - Download replays: Disabled
2025-04-10 20:09:22 - INFO - ==============================
2025-04-10 20:09:22 - INFO - Step 1: Loading existing game data...
2025-04-10 20:09:22 - INFO - Loading existing games data from basil_ladder_games.csv
2025-04-10 20:09:22 - INFO - Loaded 13360 games from existing database.
2025-04-10 20:09:22 - INFO - Step 2: Skipping syncing replay status.
2025-04-10 20:09:22 - INFO - Step 3: Fetching bot ratings...
2025-04-10 20:09:22 - INFO - Fetching master rating list from https://data.basil-ladder.net/stats/ranking.json...
2025-04-10 20:09:22 - INFO - Successfully loaded ratings for 290 bots from JSON.
2025-04-10 20:09:22 - INFO - Step 4: Extracting new games from BASIL ladder...
2025-04-10 20:09:22 - INFO - Fetching latest games from BASIL Ladder (Last 24h)...
2025-04-10 20:09:25 - INFO - Navigating to https://basil.bytekeeper.org/...
2025-04-10 20:09:25 - INFO - Waiting for page to load...
2025-04-10 20:09:25 - INFO - Clicking 'Last 24h' button...
2025-04-10 20:09:28 - INFO - Found 1309 games in the table
2025-04-10 20:10:38 - INFO - Browser closed.
2025-04-10 20:10:38 - INFO - Extracted data for 1309 games from the page.
2025-04-10 20:10:38 - INFO - Step 5: Updating games database with new games...
2025-04-10 20:10:38 - INFO - Attempting to update game database with newly scraped games...
2025-04-10 20:10:38 - INFO - Existing games in database: 13360
2025-04-10 20:10:38 - INFO - New games scraped: 1309
2025-04-10 20:10:44 - INFO - Found and skipped 585 duplicate game(s) already present in the database.
2025-04-10 20:10:44 - INFO - Found 724 new unique games.
2025-04-10 20:10:44 - INFO - Database size: 13360 -> 14084 (+724)
2025-04-10 20:10:44 - INFO - Database saved successfully to basil_ladder_games.csv
2025-04-10 20:10:44 - INFO - Step 6: Skipping replay download.
2025-04-10 20:10:44 - INFO - ==============================
2025-04-10 20:10:44 - INFO - Automated Scrape Task Finished
2025-04-10 20:10:44 - INFO - Outcome: SUCCESS
2025-04-10 20:10:44 - INFO - Total Duration: 82.56 seconds
2025-04-10 20:10:44 - INFO - ==============================
2025-04-11 08:11:57 - INFO - ==============================
2025-04-11 08:11:57 - INFO - Starting Automated Scrape Task
2025-04-11 08:11:57 - INFO - Download replays: Disabled
2025-04-11 08:11:57 - INFO - ==============================
2025-04-11 08:11:57 - INFO - Step 1: Loading existing game data...
2025-04-11 08:11:57 - INFO - Loading existing games data from basil_ladder_games.csv
2025-04-11 08:11:57 - INFO - Loaded 14084 games from existing database.
2025-04-11 08:11:57 - INFO - Step 2: Skipping syncing replay status.
2025-04-11 08:11:57 - INFO - Step 3: Fetching bot ratings...
2025-04-11 08:11:57 - INFO - Fetching master rating list from https://data.basil-ladder.net/stats/ranking.json...
2025-04-11 08:11:58 - INFO - Successfully loaded ratings for 290 bots from JSON.
2025-04-11 08:11:58 - INFO - Step 4: Extracting new games from BASIL ladder...
2025-04-11 08:11:58 - INFO - Fetching latest games from BASIL Ladder (Last 24h)...
2025-04-11 08:11:59 - INFO - Navigating to https://basil.bytekeeper.org/...
2025-04-11 08:11:59 - INFO - Waiting for page to load...
2025-04-11 08:11:59 - INFO - Clicking 'Last 24h' button...
2025-04-11 08:12:02 - INFO - Found 1232 games in the table
2025-04-11 08:13:10 - INFO - Browser closed.
2025-04-11 08:13:10 - INFO - Extracted data for 1232 games from the page.
2025-04-11 08:13:10 - INFO - Step 5: Updating games database with new games...
2025-04-11 08:13:10 - INFO - Attempting to update game database with newly scraped games...
2025-04-11 08:13:10 - INFO - Existing games in database: 14084
2025-04-11 08:13:10 - INFO - New games scraped: 1232
2025-04-11 08:13:16 - INFO - Found and skipped 729 duplicate game(s) already present in the database.
2025-04-11 08:13:16 - INFO - Found 503 new unique games.
2025-04-11 08:13:16 - INFO - Database size: 14084 -> 14587 (+503)
2025-04-11 08:13:16 - INFO - Database saved successfully to basil_ladder_games.csv
2025-04-11 08:13:16 - INFO - Step 6: Skipping replay download.
2025-04-11 08:13:16 - INFO - ==============================
2025-04-11 08:13:16 - INFO - Automated Scrape Task Finished
2025-04-11 08:13:16 - INFO - Outcome: SUCCESS
2025-04-11 08:13:16 - INFO - Total Duration: 78.82 seconds
2025-04-11 08:13:16 - INFO - ==============================
2025-04-11 20:09:33 - INFO - ==============================
2025-04-11 20:09:33 - INFO - Starting Automated Scrape Task
2025-04-11 20:09:33 - INFO - Download replays: Disabled
2025-04-11 20:09:33 - INFO - ==============================
2025-04-11 20:09:33 - INFO - Step 1: Loading existing game data...
2025-04-11 20:09:33 - INFO - Loading existing games data from basil_ladder_games.csv
2025-04-11 20:09:33 - INFO - Loaded 14587 games from existing database.
2025-04-11 20:09:33 - INFO - Step 2: Skipping syncing replay status.
2025-04-11 20:09:33 - INFO - Step 3: Fetching bot ratings...
2025-04-11 20:09:33 - INFO - Fetching master rating list from https://data.basil-ladder.net/stats/ranking.json...
2025-04-11 20:09:33 - INFO - Successfully loaded ratings for 290 bots from JSON.
2025-04-11 20:09:33 - INFO - Step 4: Extracting new games from BASIL ladder...
2025-04-11 20:09:33 - INFO - Fetching latest games from BASIL Ladder (Last 24h)...
2025-04-11 20:09:34 - INFO - Navigating to https://basil.bytekeeper.org/...
2025-04-11 20:09:35 - INFO - Waiting for page to load...
2025-04-11 20:09:35 - INFO - Clicking 'Last 24h' button...
2025-04-11 20:09:38 - INFO - Found 1148 games in the table
2025-04-11 20:10:40 - INFO - Browser closed.
2025-04-11 20:10:40 - INFO - Extracted data for 1148 games from the page.
2025-04-11 20:10:40 - INFO - Step 5: Updating games database with new games...
2025-04-11 20:10:40 - INFO - Attempting to update game database with newly scraped games...
2025-04-11 20:10:40 - INFO - Existing games in database: 14587
2025-04-11 20:10:40 - INFO - New games scraped: 1148
2025-04-11 20:10:46 - INFO - Found and skipped 508 duplicate game(s) already present in the database.
2025-04-11 20:10:46 - INFO - Found 640 new unique games.
2025-04-11 20:10:46 - INFO - Database size: 14587 -> 15227 (+640)
2025-04-11 20:10:46 - INFO - Database saved successfully to basil_ladder_games.csv
2025-04-11 20:10:46 - INFO - Step 6: Skipping replay download.
2025-04-11 20:10:46 - INFO - ==============================
2025-04-11 20:10:46 - INFO - Automated Scrape Task Finished
2025-04-11 20:10:46 - INFO - Outcome: SUCCESS
2025-04-11 20:10:46 - INFO - Total Duration: 73.67 seconds
2025-04-11 20:10:46 - INFO - ==============================
2025-04-12 08:10:25 - INFO - ==============================
2025-04-12 08:10:25 - INFO - Starting Automated Scrape Task
2025-04-12 08:10:25 - INFO - Download replays: Disabled
2025-04-12 08:10:25 - INFO - ==============================
2025-04-12 08:10:25 - INFO - Step 1: Loading existing game data...
2025-04-12 08:10:25 - INFO - Loading existing games data from basil_ladder_games.csv
2025-04-12 08:10:25 - INFO - Loaded 15227 games from existing database.
2025-04-12 08:10:25 - INFO - Step 2: Skipping syncing replay status.
2025-04-12 08:10:25 - INFO - Step 3: Fetching bot ratings...
2025-04-12 08:10:25 - INFO - Fetching master rating list from https://data.basil-ladder.net/stats/ranking.json...
2025-04-12 08:10:26 - INFO - Successfully loaded ratings for 290 bots from JSON.
2025-04-12 08:10:26 - INFO - Step 4: Extracting new games from BASIL ladder...
2025-04-12 08:10:26 - INFO - Fetching latest games from BASIL Ladder (Last 24h)...
2025-04-12 08:10:27 - INFO - Navigating to https://basil.bytekeeper.org/...
2025-04-12 08:10:27 - INFO - Waiting for page to load...
2025-04-12 08:10:27 - INFO - Clicking 'Last 24h' button...
2025-04-12 08:10:31 - INFO - Found 1127 games in the table
2025-04-12 08:11:31 - INFO - Browser closed.
2025-04-12 08:11:31 - INFO - Extracted data for 1127 games from the page.
2025-04-12 08:11:31 - INFO - Step 5: Updating games database with new games...
2025-04-12 08:11:31 - INFO - Attempting to update game database with newly scraped games...
2025-04-12 08:11:31 - INFO - Existing games in database: 15227
2025-04-12 08:11:31 - INFO - New games scraped: 1127
2025-04-12 08:11:37 - INFO - Found and skipped 646 duplicate game(s) already present in the database.
2025-04-12 08:11:37 - INFO - Found 481 new unique games.
2025-04-12 08:11:37 - INFO - Database size: 15227 -> 15708 (+481)
2025-04-12 08:11:37 - INFO - Database saved successfully to basil_ladder_games.csv
2025-04-12 08:11:37 - INFO - Step 6: Skipping replay download.
2025-04-12 08:11:37 - INFO - ==============================
2025-04-12 08:11:37 - INFO - Automated Scrape Task Finished
2025-04-12 08:11:37 - INFO - Outcome: SUCCESS
2025-04-12 08:11:37 - INFO - Total Duration: 71.72 seconds
2025-04-12 08:11:37 - INFO - ==============================
2025-04-12 20:08:48 - INFO - ==============================
2025-04-12 20:08:48 - INFO - Starting Automated Scrape Task
2025-04-12 20:08:48 - INFO - Download replays: Disabled
2025-04-12 20:08:48 - INFO - ==============================
2025-04-12 20:08:48 - INFO - Step 1: Loading existing game data...
2025-04-12 20:08:48 - INFO - Loading existing games data from basil_ladder_games.csv
2025-04-12 20:08:48 - INFO - Loaded 15708 games from existing database.
2025-04-12 20:08:48 - INFO - Step 2: Skipping syncing replay status.
2025-04-12 20:08:48 - INFO - Step 3: Fetching bot ratings...
2025-04-12 20:08:48 - INFO - Fetching master rating list from https://data.basil-ladder.net/stats/ranking.json...
2025-04-12 20:08:48 - INFO - Successfully loaded ratings for 290 bots from JSON.
2025-04-12 20:08:48 - INFO - Step 4: Extracting new games from BASIL ladder...
2025-04-12 20:08:48 - INFO - Fetching latest games from BASIL Ladder (Last 24h)...
2025-04-12 20:09:07 - INFO - Navigating to https://basil.bytekeeper.org/...
2025-04-12 20:09:10 - INFO - Waiting for page to load...
2025-04-12 20:09:10 - INFO - Clicking 'Last 24h' button...
2025-04-12 20:09:14 - INFO - Found 1156 games in the table
2025-04-12 20:10:15 - INFO - Browser closed.
2025-04-12 20:10:15 - INFO - Extracted data for 1156 games from the page.
2025-04-12 20:10:15 - INFO - Step 5: Updating games database with new games...
2025-04-12 20:10:15 - INFO - Attempting to update game database with newly scraped games...
2025-04-12 20:10:15 - INFO - Existing games in database: 15708
2025-04-12 20:10:15 - INFO - New games scraped: 1156
2025-04-12 20:10:21 - INFO - Found and skipped 486 duplicate game(s) already present in the database.
2025-04-12 20:10:21 - INFO - Found 670 new unique games.
2025-04-12 20:10:21 - INFO - Database size: 15708 -> 16378 (+670)
2025-04-12 20:10:21 - INFO - Database saved successfully to basil_ladder_games.csv
2025-04-12 20:10:21 - INFO - Step 6: Skipping replay download.
2025-04-12 20:10:21 - INFO - ==============================
2025-04-12 20:10:21 - INFO - Automated Scrape Task Finished
2025-04-12 20:10:21 - INFO - Outcome: SUCCESS
2025-04-12 20:10:21 - INFO - Total Duration: 93.39 seconds
2025-04-12 20:10:21 - INFO - ==============================
2025-04-13 08:10:34 - INFO - ==============================
2025-04-13 08:10:34 - INFO - Starting Automated Scrape Task
2025-04-13 08:10:34 - INFO - Download replays: Disabled
2025-04-13 08:10:34 - INFO - ==============================
2025-04-13 08:10:34 - INFO - Step 1: Loading existing game data...
2025-04-13 08:10:34 - INFO - Loading existing games data from basil_ladder_games.csv
2025-04-13 08:10:34 - INFO - Loaded 16378 games from existing database.
2025-04-13 08:10:34 - INFO - Step 2: Skipping syncing replay status.
2025-04-13 08:10:34 - INFO - Step 3: Fetching bot ratings...
2025-04-13 08:10:34 - INFO - Fetching master rating list from https://data.basil-ladder.net/stats/ranking.json...
2025-04-13 08:10:35 - INFO - Successfully loaded ratings for 290 bots from JSON.
2025-04-13 08:10:35 - INFO - Step 4: Extracting new games from BASIL ladder...
2025-04-13 08:10:35 - INFO - Fetching latest games from BASIL Ladder (Last 24h)...
2025-04-13 08:10:36 - INFO - Navigating to https://basil.bytekeeper.org/...
2025-04-13 08:10:36 - INFO - Waiting for page to load...
2025-04-13 08:10:36 - INFO - Clicking 'Last 24h' button...
2025-04-13 08:10:40 - INFO - Found 1171 games in the table
2025-04-13 08:11:43 - INFO - Browser closed.
2025-04-13 08:11:43 - INFO - Extracted data for 1171 games from the page.
2025-04-13 08:11:43 - INFO - Step 5: Updating games database with new games...
2025-04-13 08:11:43 - INFO - Attempting to update game database with newly scraped games...
2025-04-13 08:11:43 - INFO - Existing games in database: 16378
2025-04-13 08:11:43 - INFO - New games scraped: 1171
2025-04-13 08:11:50 - INFO - Found and skipped 675 duplicate game(s) already present in the database.
2025-04-13 08:11:50 - INFO - Found 496 new unique games.
2025-04-13 08:11:50 - INFO - Database size: 16378 -> 16874 (+496)
2025-04-13 08:11:50 - INFO - Database saved successfully to basil_ladder_games.csv
2025-04-13 08:11:50 - INFO - Step 6: Skipping replay download.
2025-04-13 08:11:50 - INFO - ==============================
2025-04-13 08:11:50 - INFO - Automated Scrape Task Finished
2025-04-13 08:11:50 - INFO - Outcome: SUCCESS
2025-04-13 08:11:50 - INFO - Total Duration: 76.38 seconds
2025-04-13 08:11:50 - INFO - ==============================
2025-04-13 20:08:47 - INFO - ==============================
2025-04-13 20:08:47 - INFO - Starting Automated Scrape Task
2025-04-13 20:08:47 - INFO - Download replays: Disabled
2025-04-13 20:08:47 - INFO - ==============================
2025-04-13 20:08:47 - INFO - Step 1: Loading existing game data...
2025-04-13 20:08:47 - INFO - Loading existing games data from basil_ladder_games.csv
2025-04-13 20:08:47 - INFO - Loaded 16874 games from existing database.
2025-04-13 20:08:47 - INFO - Step 2: Skipping syncing replay status.
2025-04-13 20:08:47 - INFO - Step 3: Fetching bot ratings...
2025-04-13 20:08:47 - INFO - Fetching master rating list from https://data.basil-ladder.net/stats/ranking.json...
2025-04-13 20:08:48 - INFO - Successfully loaded ratings for 290 bots from JSON.
2025-04-13 20:08:48 - INFO - Step 4: Extracting new games from BASIL ladder...
2025-04-13 20:08:48 - INFO - Fetching latest games from BASIL Ladder (Last 24h)...
2025-04-13 20:08:49 - INFO - Navigating to https://basil.bytekeeper.org/...
2025-04-13 20:08:49 - INFO - Waiting for page to load...
2025-04-13 20:08:49 - INFO - Clicking 'Last 24h' button...
2025-04-13 20:08:52 - INFO - Found 1175 games in the table
2025-04-13 20:09:54 - INFO - Browser closed.
2025-04-13 20:09:54 - INFO - Extracted data for 1175 games from the page.
2025-04-13 20:09:54 - INFO - Step 5: Updating games database with new games...
2025-04-13 20:09:54 - INFO - Attempting to update game database with newly scraped games...
2025-04-13 20:09:54 - INFO - Existing games in database: 16874
2025-04-13 20:09:54 - INFO - New games scraped: 1175
2025-04-13 20:10:01 - INFO - Found and skipped 499 duplicate game(s) already present in the database.
2025-04-13 20:10:01 - INFO - Found 676 new unique games.
2025-04-13 20:10:01 - INFO - Database size: 16874 -> 17550 (+676)
2025-04-13 20:10:01 - INFO - Database saved successfully to basil_ladder_games.csv
2025-04-13 20:10:01 - INFO - Step 6: Skipping replay download.
2025-04-13 20:10:01 - INFO - ==============================
2025-04-13 20:10:01 - INFO - Automated Scrape Task Finished
2025-04-13 20:10:01 - INFO - Outcome: SUCCESS
2025-04-13 20:10:01 - INFO - Total Duration: 74.13 seconds
2025-04-13 20:10:01 - INFO - ==============================
2025-04-14 08:13:02 - INFO - ==============================
2025-04-14 08:13:02 - INFO - Starting Automated Scrape Task
2025-04-14 08:13:02 - INFO - Download replays: Disabled
2025-04-14 08:13:02 - INFO - ==============================
2025-04-14 08:13:02 - INFO - Step 1: Loading existing game data...
2025-04-14 08:13:02 - INFO - Loading existing games data from basil_ladder_games.csv
2025-04-14 08:13:02 - INFO - Loaded 17550 games from existing database.
2025-04-14 08:13:02 - INFO - Step 2: Skipping syncing replay status.
2025-04-14 08:13:02 - INFO - Step 3: Fetching bot ratings...
2025-04-14 08:13:02 - INFO - Fetching master rating list from https://data.basil-ladder.net/stats/ranking.json...
2025-04-14 08:13:03 - INFO - Successfully loaded ratings for 290 bots from JSON.
2025-04-14 08:13:03 - INFO - Step 4: Extracting new games from BASIL ladder...
2025-04-14 08:13:03 - INFO - Fetching latest games from BASIL Ladder (Last 24h)...
2025-04-14 08:13:04 - INFO - Navigating to https://basil.bytekeeper.org/...
2025-04-14 08:13:04 - INFO - Waiting for page to load...
2025-04-14 08:13:04 - INFO - Clicking 'Last 24h' button...
2025-04-14 08:13:08 - INFO - Found 1274 games in the table
2025-04-14 08:14:15 - INFO - Browser closed.
2025-04-14 08:14:15 - INFO - Extracted data for 1274 games from the page.
2025-04-14 08:14:15 - INFO - Step 5: Updating games database with new games...
2025-04-14 08:14:15 - INFO - Attempting to update game database with newly scraped games...
2025-04-14 08:14:15 - INFO - Existing games in database: 17550
2025-04-14 08:14:15 - INFO - New games scraped: 1274
2025-04-14 08:14:23 - INFO - Found and skipped 675 duplicate game(s) already present in the database.
2025-04-14 08:14:23 - INFO - Found 599 new unique games.
2025-04-14 08:14:23 - INFO - Database size: 17550 -> 18149 (+599)
2025-04-14 08:14:23 - INFO - Database saved successfully to basil_ladder_games.csv
2025-04-14 08:14:23 - INFO - Step 6: Skipping replay download.
2025-04-14 08:14:23 - INFO - ==============================
2025-04-14 08:14:23 - INFO - Automated Scrape Task Finished
2025-04-14 08:14:23 - INFO - Outcome: SUCCESS
2025-04-14 08:14:23 - INFO - Total Duration: 81.31 seconds
2025-04-14 08:14:23 - INFO - ==============================
2025-04-14 20:09:42 - INFO - ==============================
2025-04-14 20:09:42 - INFO - Starting Automated Scrape Task
2025-04-14 20:09:42 - INFO - Download replays: Disabled
2025-04-14 20:09:42 - INFO - ==============================
2025-04-14 20:09:42 - INFO - Step 1: Loading existing game data...
2025-04-14 20:09:42 - INFO - Loading existing games data from basil_ladder_games.csv
2025-04-14 20:09:42 - INFO - Loaded 18149 games from existing database.
2025-04-14 20:09:42 - INFO - Step 2: Skipping syncing replay status.
2025-04-14 20:09:42 - INFO - Step 3: Fetching bot ratings...
2025-04-14 20:09:42 - INFO - Fetching master rating list from https://data.basil-ladder.net/stats/ranking.json...
2025-04-14 20:09:42 - INFO - Successfully loaded ratings for 290 bots from JSON.
2025-04-14 20:09:42 - INFO - Step 4: Extracting new games from BASIL ladder...
2025-04-14 20:09:42 - INFO - Fetching latest games from BASIL Ladder (Last 24h)...
2025-04-14 20:09:43 - INFO - Navigating to https://basil.bytekeeper.org/...
2025-04-14 20:09:44 - INFO - Waiting for page to load...
2025-04-14 20:09:44 - INFO - Clicking 'Last 24h' button...
2025-04-14 20:09:47 - INFO - Found 1321 games in the table
2025-04-14 20:10:59 - INFO - Browser closed.
2025-04-14 20:10:59 - INFO - Extracted data for 1321 games from the page.
2025-04-14 20:10:59 - INFO - Step 5: Updating games database with new games...
2025-04-14 20:10:59 - INFO - Attempting to update game database with newly scraped games...
2025-04-14 20:10:59 - INFO - Existing games in database: 18149
2025-04-14 20:10:59 - INFO - New games scraped: 1321
2025-04-14 20:11:08 - INFO - Found and skipped 606 duplicate game(s) already present in the database.
2025-04-14 20:11:08 - INFO - Found 715 new unique games.
2025-04-14 20:11:08 - INFO - Database size: 18149 -> 18864 (+715)
2025-04-14 20:11:08 - INFO - Database saved successfully to basil_ladder_games.csv
2025-04-14 20:11:08 - INFO - Step 6: Skipping replay download.
2025-04-14 20:11:08 - INFO - ==============================
2025-04-14 20:11:08 - INFO - Automated Scrape Task Finished
2025-04-14 20:11:08 - INFO - Outcome: SUCCESS
2025-04-14 20:11:08 - INFO - Total Duration: 85.91 seconds
2025-04-14 20:11:08 - INFO - ==============================
2025-04-15 08:13:00 - INFO - ==============================
2025-04-15 08:13:00 - INFO - Starting Automated Scrape Task
2025-04-15 08:13:00 - INFO - Download replays: Disabled
2025-04-15 08:13:00 - INFO - ==============================
2025-04-15 08:13:00 - INFO - Step 1: Loading existing game data...
2025-04-15 08:13:00 - INFO - Loading existing games data from basil_ladder_games.csv
2025-04-15 08:13:00 - INFO - Loaded 18864 games from existing database.
2025-04-15 08:13:00 - INFO - Step 2: Skipping syncing replay status.
2025-04-15 08:13:00 - INFO - Step 3: Fetching bot ratings...
2025-04-15 08:13:00 - INFO - Fetching master rating list from https://data.basil-ladder.net/stats/ranking.json...
2025-04-15 08:13:01 - INFO - Successfully loaded ratings for 290 bots from JSON.
2025-04-15 08:13:01 - INFO - Step 4: Extracting new games from BASIL ladder...
2025-04-15 08:13:01 - INFO - Fetching latest games from BASIL Ladder (Last 24h)...
2025-04-15 08:13:06 - INFO - Navigating to https://basil.bytekeeper.org/...
2025-04-15 08:13:07 - INFO - Waiting for page to load...
2025-04-15 08:13:07 - INFO - Clicking 'Last 24h' button...
2025-04-15 08:13:11 - INFO - Found 1292 games in the table
2025-04-15 08:14:19 - INFO - Browser closed.
2025-04-15 08:14:19 - INFO - Extracted data for 1292 games from the page.
2025-04-15 08:14:19 - INFO - Step 5: Updating games database with new games...
2025-04-15 08:14:19 - INFO - Attempting to update game database with newly scraped games...
2025-04-15 08:14:19 - INFO - Existing games in database: 18864
2025-04-15 08:14:19 - INFO - New games scraped: 1292
2025-04-15 08:14:28 - INFO - Found and skipped 725 duplicate game(s) already present in the database.
2025-04-15 08:14:28 - INFO - Found 567 new unique games.
2025-04-15 08:14:28 - INFO - Database size: 18864 -> 19431 (+567)
2025-04-15 08:14:28 - INFO - Database saved successfully to basil_ladder_games.csv
2025-04-15 08:14:28 - INFO - Step 6: Skipping replay download.
2025-04-15 08:14:28 - INFO - ==============================
2025-04-15 08:14:28 - INFO - Automated Scrape Task Finished
2025-04-15 08:14:28 - INFO - Outcome: SUCCESS
2025-04-15 08:14:28 - INFO - Total Duration: 87.99 seconds
2025-04-15 08:14:28 - INFO - ==============================
2025-04-15 20:09:34 - INFO - ==============================
2025-04-15 20:09:34 - INFO - Starting Automated Scrape Task
2025-04-15 20:09:34 - INFO - Download replays: Disabled
2025-04-15 20:09:34 - INFO - ==============================
2025-04-15 20:09:34 - INFO - Step 1: Loading existing game data...
2025-04-15 20:09:34 - INFO - Loading existing games data from basil_ladder_games.csv
2025-04-15 20:09:34 - INFO - Loaded 19431 games from existing database.
2025-04-15 20:09:34 - INFO - Step 2: Skipping syncing replay status.
2025-04-15 20:09:34 - INFO - Step 3: Fetching bot ratings...
2025-04-15 20:09:34 - INFO - Fetching master rating list from https://data.basil-ladder.net/stats/ranking.json...
2025-04-15 20:09:35 - INFO - Successfully loaded ratings for 290 bots from JSON.
2025-04-15 20:09:35 - INFO - Step 4: Extracting new games from BASIL ladder...
2025-04-15 20:09:35 - INFO - Fetching latest games from BASIL Ladder (Last 24h)...
2025-04-15 20:09:37 - INFO - Navigating to https://basil.bytekeeper.org/...
2025-04-15 20:09:38 - INFO - Waiting for page to load...
2025-04-15 20:09:38 - INFO - Clicking 'Last 24h' button...
2025-04-15 20:09:41 - INFO - Found 1271 games in the table
2025-04-15 20:10:49 - INFO - Browser closed.
2025-04-15 20:10:49 - INFO - Extracted data for 1271 games from the page.
2025-04-15 20:10:49 - INFO - Step 5: Updating games database with new games...
2025-04-15 20:10:49 - INFO - Attempting to update game database with newly scraped games...
2025-04-15 20:10:49 - INFO - Existing games in database: 19431
2025-04-15 20:10:49 - INFO - New games scraped: 1271
2025-04-15 20:10:57 - INFO - Found and skipped 570 duplicate game(s) already present in the database.
2025-04-15 20:10:57 - INFO - Found 701 new unique games.
2025-04-15 20:10:57 - INFO - Database size: 19431 -> 20132 (+701)
2025-04-15 20:10:57 - INFO - Database saved successfully to basil_ladder_games.csv
2025-04-15 20:10:57 - INFO - Step 6: Skipping replay download.
2025-04-15 20:10:57 - INFO - ==============================
2025-04-15 20:10:57 - INFO - Automated Scrape Task Finished
2025-04-15 20:10:57 - INFO - Outcome: SUCCESS
2025-04-15 20:10:57 - INFO - Total Duration: 82.82 seconds
2025-04-15 20:10:57 - INFO - ==============================
2025-04-16 08:12:18 - INFO - ==============================
2025-04-16 08:12:18 - INFO - Starting Automated Scrape Task
2025-04-16 08:12:18 - INFO - Download replays: Disabled
2025-04-16 08:12:18 - INFO - ==============================
2025-04-16 08:12:18 - INFO - Step 1: Loading existing game data...
2025-04-16 08:12:18 - INFO - Loading existing games data from basil_ladder_games.csv
2025-04-16 08:12:18 - INFO - Loaded 20132 games from existing database.
2025-04-16 08:12:18 - INFO - Step 2: Skipping syncing replay status.
2025-04-16 08:12:18 - INFO - Step 3: Fetching bot ratings...
2025-04-16 08:12:18 - INFO - Fetching master rating list from https://data.basil-ladder.net/stats/ranking.json...
2025-04-16 08:12:19 - INFO - Successfully loaded ratings for 290 bots from JSON.
2025-04-16 08:12:19 - INFO - Step 4: Extracting new games from BASIL ladder...
2025-04-16 08:12:19 - INFO - Fetching latest games from BASIL Ladder (Last 24h)...
2025-04-16 08:12:20 - INFO - Navigating to https://basil.bytekeeper.org/...
2025-04-16 08:12:20 - INFO - Waiting for page to load...
2025-04-16 08:12:20 - INFO - Clicking 'Last 24h' button...
2025-04-16 08:12:23 - INFO - Found 1263 games in the table
2025-04-16 08:13:30 - INFO - Browser closed.
2025-04-16 08:13:30 - INFO - Extracted data for 1263 games from the page.
2025-04-16 08:13:30 - INFO - Step 5: Updating games database with new games...
2025-04-16 08:13:30 - INFO - Attempting to update game database with newly scraped games...
2025-04-16 08:13:31 - INFO - Existing games in database: 20132
2025-04-16 08:13:31 - INFO - New games scraped: 1263
2025-04-16 08:13:39 - INFO - Found and skipped 713 duplicate game(s) already present in the database.
2025-04-16 08:13:39 - INFO - Found 550 new unique games.
2025-04-16 08:13:39 - INFO - Database size: 20132 -> 20682 (+550)
2025-04-16 08:13:39 - INFO - Database saved successfully to basil_ladder_games.csv
2025-04-16 08:13:39 - INFO - Step 6: Skipping replay download.
2025-04-16 08:13:39 - INFO - ==============================
2025-04-16 08:13:39 - INFO - Automated Scrape Task Finished
2025-04-16 08:13:39 - INFO - Outcome: SUCCESS
2025-04-16 08:13:39 - INFO - Total Duration: 81.12 seconds
2025-04-16 08:13:39 - INFO - ==============================
2025-04-16 20:10:28 - INFO - ==============================
2025-04-16 20:10:28 - INFO - Starting Automated Scrape Task
2025-04-16 20:10:28 - INFO - Download replays: Disabled
2025-04-16 20:10:28 - INFO - ==============================
2025-04-16 20:10:28 - INFO - Step 1: Loading existing game data...
2025-04-16 20:10:28 - INFO - Loading existing games data from basil_ladder_games.csv
2025-04-16 20:10:28 - INFO - Loaded 20682 games from existing database.
2025-04-16 20:10:28 - INFO - Step 2: Skipping syncing replay status.
2025-04-16 20:10:28 - INFO - Step 3: Fetching bot ratings...
2025-04-16 20:10:28 - INFO - Fetching master rating list from https://data.basil-ladder.net/stats/ranking.json...
2025-04-16 20:10:29 - INFO - Successfully loaded ratings for 290 bots from JSON.
2025-04-16 20:10:29 - INFO - Step 4: Extracting new games from BASIL ladder...
2025-04-16 20:10:29 - INFO - Fetching latest games from BASIL Ladder (Last 24h)...
2025-04-16 20:10:46 - INFO - Navigating to https://basil.bytekeeper.org/...
2025-04-16 20:10:48 - INFO - Waiting for page to load...
2025-04-16 20:10:48 - INFO - Clicking 'Last 24h' button...
2025-04-16 20:10:52 - INFO - Found 1318 games in the table
2025-04-16 20:12:05 - INFO - Browser closed.
2025-04-16 20:12:05 - INFO - Extracted data for 1318 games from the page.
2025-04-16 20:12:05 - INFO - Step 5: Updating games database with new games...
2025-04-16 20:12:05 - INFO - Attempting to update game database with newly scraped games...
2025-04-16 20:12:05 - INFO - Existing games in database: 20682
2025-04-16 20:12:05 - INFO - New games scraped: 1318
2025-04-16 20:12:13 - INFO - Found and skipped 564 duplicate game(s) already present in the database.
2025-04-16 20:12:13 - INFO - Found 754 new unique games.
2025-04-16 20:12:13 - INFO - Database size: 20682 -> 21436 (+754)
2025-04-16 20:12:13 - INFO - Database saved successfully to basil_ladder_games.csv
2025-04-16 20:12:13 - INFO - Step 6: Skipping replay download.
2025-04-16 20:12:13 - INFO - ==============================
2025-04-16 20:12:13 - INFO - Automated Scrape Task Finished
2025-04-16 20:12:13 - INFO - Outcome: SUCCESS
2025-04-16 20:12:13 - INFO - Total Duration: 105.75 seconds
2025-04-16 20:12:13 - INFO - ==============================
2025-04-17 08:12:53 - INFO - ==============================
2025-04-17 08:12:53 - INFO - Starting Automated Scrape Task
2025-04-17 08:12:53 - INFO - Download replays: Disabled
2025-04-17 08:12:53 - INFO - ==============================
2025-04-17 08:12:53 - INFO - Step 1: Loading existing game data...
2025-04-17 08:12:53 - INFO - Loading existing games data from basil_ladder_games.csv
2025-04-17 08:12:53 - INFO - Loaded 21436 games from existing database.
2025-04-17 08:12:53 - INFO - Step 2: Skipping syncing replay status.
2025-04-17 08:12:53 - INFO - Step 3: Fetching bot ratings...
2025-04-17 08:12:53 - INFO - Fetching master rating list from https://data.basil-ladder.net/stats/ranking.json...
2025-04-17 08:12:54 - INFO - Successfully loaded ratings for 290 bots from JSON.
2025-04-17 08:12:54 - INFO - Step 4: Extracting new games from BASIL ladder...
2025-04-17 08:12:54 - INFO - Fetching latest games from BASIL Ladder (Last 24h)...
2025-04-17 08:13:06 - INFO - Navigating to https://basil.bytekeeper.org/...
2025-04-17 08:13:07 - INFO - Waiting for page to load...
2025-04-17 08:13:07 - INFO - Clicking 'Last 24h' button...
2025-04-17 08:13:11 - INFO - Found 1282 games in the table
2025-04-17 08:14:21 - INFO - Browser closed.
2025-04-17 08:14:21 - INFO - Extracted data for 1282 games from the page.
2025-04-17 08:14:21 - INFO - Step 5: Updating games database with new games...
2025-04-17 08:14:21 - INFO - Attempting to update game database with newly scraped games...
2025-04-17 08:14:21 - INFO - Existing games in database: 21436
2025-04-17 08:14:21 - INFO - New games scraped: 1282
2025-04-17 08:14:29 - INFO - Found and skipped 764 duplicate game(s) already present in the database.
2025-04-17 08:14:29 - INFO - Found 518 new unique games.
2025-04-17 08:14:29 - INFO - Database size: 21436 -> 21954 (+518)
2025-04-17 08:14:29 - INFO - Database saved successfully to basil_ladder_games.csv
2025-04-17 08:14:29 - INFO - Step 6: Skipping replay download.
2025-04-17 08:14:29 - INFO - ==============================
2025-04-17 08:14:29 - INFO - Automated Scrape Task Finished
2025-04-17 08:14:29 - INFO - Outcome: SUCCESS
2025-04-17 08:14:29 - INFO - Total Duration: 95.93 seconds
2025-04-17 08:14:29 - INFO - ==============================
2025-04-17 20:09:28 - INFO - ==============================
2025-04-17 20:09:28 - INFO - Starting Automated Scrape Task
2025-04-17 20:09:28 - INFO - Download replays: Disabled
2025-04-17 20:09:28 - INFO - ==============================
2025-04-17 20:09:28 - INFO - Step 1: Loading existing game data...
2025-04-17 20:09:28 - INFO - Loading existing games data from basil_ladder_games.csv
2025-04-17 20:09:28 - INFO - Loaded 21954 games from existing database.
2025-04-17 20:09:28 - INFO - Step 2: Skipping syncing replay status.
2025-04-17 20:09:28 - INFO - Step 3: Fetching bot ratings...
2025-04-17 20:09:28 - INFO - Fetching master rating list from https://data.basil-ladder.net/stats/ranking.json...
2025-04-17 20:09:29 - INFO - Successfully loaded ratings for 290 bots from JSON.
2025-04-17 20:09:29 - INFO - Step 4: Extracting new games from BASIL ladder...
2025-04-17 20:09:29 - INFO - Fetching latest games from BASIL Ladder (Last 24h)...
2025-04-17 20:09:30 - INFO - Navigating to https://basil.bytekeeper.org/...
2025-04-17 20:09:31 - INFO - Waiting for page to load...
2025-04-17 20:09:31 - INFO - Clicking 'Last 24h' button...
2025-04-17 20:09:34 - INFO - Found 1229 games in the table
2025-04-17 20:10:39 - INFO - Browser closed.
2025-04-17 20:10:39 - INFO - Extracted data for 1229 games from the page.
2025-04-17 20:10:39 - INFO - Step 5: Updating games database with new games...
2025-04-17 20:10:39 - INFO - Attempting to update game database with newly scraped games...
2025-04-17 20:10:39 - INFO - Existing games in database: 21954
2025-04-17 20:10:39 - INFO - New games scraped: 1229
2025-04-17 20:10:47 - INFO - Found and skipped 530 duplicate game(s) already present in the database.
2025-04-17 20:10:47 - INFO - Found 699 new unique games.
2025-04-17 20:10:47 - INFO - Database size: 21954 -> 22653 (+699)
2025-04-17 20:10:47 - INFO - Database saved successfully to basil_ladder_games.csv
2025-04-17 20:10:47 - INFO - Step 6: Skipping replay download.
2025-04-17 20:10:47 - INFO - ==============================
2025-04-17 20:10:47 - INFO - Automated Scrape Task Finished
2025-04-17 20:10:47 - INFO - Outcome: SUCCESS
2025-04-17 20:10:47 - INFO - Total Duration: 78.75 seconds
2025-04-17 20:10:47 - INFO - ==============================
2025-04-18 08:11:45 - INFO - ==============================
2025-04-18 08:11:45 - INFO - Starting Automated Scrape Task
2025-04-18 08:11:45 - INFO - Download replays: Disabled
2025-04-18 08:11:45 - INFO - ==============================
2025-04-18 08:11:45 - INFO - Step 1: Loading existing game data...
2025-04-18 08:11:45 - INFO - Loading existing games data from basil_ladder_games.csv
2025-04-18 08:11:45 - INFO - Loaded 22653 games from existing database.
2025-04-18 08:11:45 - INFO - Step 2: Skipping syncing replay status.
2025-04-18 08:11:45 - INFO - Step 3: Fetching bot ratings...
2025-04-18 08:11:45 - INFO - Fetching master rating list from https://data.basil-ladder.net/stats/ranking.json...
2025-04-18 08:11:46 - INFO - Successfully loaded ratings for 290 bots from JSON.
2025-04-18 08:11:46 - INFO - Step 4: Extracting new games from BASIL ladder...
2025-04-18 08:11:46 - INFO - Fetching latest games from BASIL Ladder (Last 24h)...
2025-04-18 08:11:54 - INFO - Navigating to https://basil.bytekeeper.org/...
2025-04-18 08:11:55 - INFO - Waiting for page to load...
2025-04-18 08:11:55 - INFO - Clicking 'Last 24h' button...
2025-04-18 08:11:59 - INFO - Found 1253 games in the table
2025-04-18 08:13:06 - INFO - Browser closed.
2025-04-18 08:13:06 - INFO - Extracted data for 1253 games from the page.
2025-04-18 08:13:06 - INFO - Step 5: Updating games database with new games...
2025-04-18 08:13:06 - INFO - Attempting to update game database with newly scraped games...
2025-04-18 08:13:06 - INFO - Existing games in database: 22653
2025-04-18 08:13:06 - INFO - New games scraped: 1253
2025-04-18 08:13:14 - INFO - Found and skipped 706 duplicate game(s) already present in the database.
2025-04-18 08:13:14 - INFO - Found 547 new unique games.
2025-04-18 08:13:14 - INFO - Database size: 22653 -> 23200 (+547)
2025-04-18 08:13:14 - INFO - Database saved successfully to basil_ladder_games.csv
2025-04-18 08:13:14 - INFO - Step 6: Skipping replay download.
2025-04-18 08:13:14 - INFO - ==============================
2025-04-18 08:13:14 - INFO - Automated Scrape Task Finished
2025-04-18 08:13:14 - INFO - Outcome: SUCCESS
2025-04-18 08:13:14 - INFO - Total Duration: 88.90 seconds
2025-04-18 08:13:14 - INFO - ==============================
2025-04-18 20:09:09 - INFO - ==============================
2025-04-18 20:09:09 - INFO - Starting Automated Scrape Task
2025-04-18 20:09:09 - INFO - Download replays: Disabled
2025-04-18 20:09:09 - INFO - ==============================
2025-04-18 20:09:09 - INFO - Step 1: Loading existing game data...
2025-04-18 20:09:09 - INFO - Loading existing games data from basil_ladder_games.csv
2025-04-18 20:09:09 - INFO - Loaded 23200 games from existing database.
2025-04-18 20:09:09 - INFO - Step 2: Skipping syncing replay status.
2025-04-18 20:09:09 - INFO - Step 3: Fetching bot ratings...
2025-04-18 20:09:09 - INFO - Fetching master rating list from https://data.basil-ladder.net/stats/ranking.json...
2025-04-18 20:09:10 - INFO - Successfully loaded ratings for 290 bots from JSON.
2025-04-18 20:09:10 - INFO - Step 4: Extracting new games from BASIL ladder...
2025-04-18 20:09:10 - INFO - Fetching latest games from BASIL Ladder (Last 24h)...
2025-04-18 20:09:11 - INFO - Navigating to https://basil.bytekeeper.org/...
2025-04-18 20:09:11 - INFO - Waiting for page to load...
2025-04-18 20:09:11 - INFO - Clicking 'Last 24h' button...
2025-04-18 20:09:15 - INFO - Found 1223 games in the table
2025-04-18 20:10:19 - INFO - Browser closed.
2025-04-18 20:10:19 - INFO - Extracted data for 1223 games from the page.
2025-04-18 20:10:19 - INFO - Step 5: Updating games database with new games...
2025-04-18 20:10:19 - INFO - Attempting to update game database with newly scraped games...
2025-04-18 20:10:19 - INFO - Existing games in database: 23200
2025-04-18 20:10:19 - INFO - New games scraped: 1223
2025-04-18 20:10:27 - INFO - Found and skipped 555 duplicate game(s) already present in the database.
2025-04-18 20:10:27 - INFO - Found 668 new unique games.
2025-04-18 20:10:27 - INFO - Database size: 23200 -> 23868 (+668)
2025-04-18 20:10:27 - INFO - Database saved successfully to basil_ladder_games.csv
2025-04-18 20:10:27 - INFO - Step 6: Skipping replay download.
2025-04-18 20:10:27 - INFO - ==============================
2025-04-18 20:10:27 - INFO - Automated Scrape Task Finished
2025-04-18 20:10:27 - INFO - Outcome: SUCCESS
2025-04-18 20:10:27 - INFO - Total Duration: 78.25 seconds
2025-04-18 20:10:27 - INFO - ==============================
2025-04-19 08:10:17 - INFO - ==============================
2025-04-19 08:10:17 - INFO - Starting Automated Scrape Task
2025-04-19 08:10:17 - INFO - Download replays: Disabled
2025-04-19 08:10:17 - INFO - ==============================
2025-04-19 08:10:17 - INFO - Step 1: Loading existing game data...
2025-04-19 08:10:17 - INFO - Loading existing games data from basil_ladder_games.csv
2025-04-19 08:10:17 - INFO - Loaded 23868 games from existing database.
2025-04-19 08:10:17 - INFO - Step 2: Skipping syncing replay status.
2025-04-19 08:10:17 - INFO - Step 3: Fetching bot ratings...
2025-04-19 08:10:17 - INFO - Fetching master rating list from https://data.basil-ladder.net/stats/ranking.json...
2025-04-19 08:10:18 - INFO - Successfully loaded ratings for 290 bots from JSON.
2025-04-19 08:10:18 - INFO - Step 4: Extracting new games from BASIL ladder...
2025-04-19 08:10:18 - INFO - Fetching latest games from BASIL Ladder (Last 24h)...
2025-04-19 08:10:24 - INFO - Navigating to https://basil.bytekeeper.org/...
2025-04-19 08:10:25 - INFO - Waiting for page to load...
2025-04-19 08:10:25 - INFO - Clicking 'Last 24h' button...
2025-04-19 08:10:29 - INFO - Found 1183 games in the table
2025-04-19 08:11:32 - INFO - Browser closed.
2025-04-19 08:11:32 - INFO - Extracted data for 1183 games from the page.
2025-04-19 08:11:32 - INFO - Step 5: Updating games database with new games...
2025-04-19 08:11:32 - INFO - Attempting to update game database with newly scraped games...
2025-04-19 08:11:32 - INFO - Existing games in database: 23868
2025-04-19 08:11:32 - INFO - New games scraped: 1183
2025-04-19 08:11:40 - INFO - Found and skipped 677 duplicate game(s) already present in the database.
2025-04-19 08:11:40 - INFO - Found 506 new unique games.
2025-04-19 08:11:40 - INFO - Database size: 23868 -> 24374 (+506)
2025-04-19 08:11:40 - INFO - Database saved successfully to basil_ladder_games.csv
2025-04-19 08:11:40 - INFO - Step 6: Skipping replay download.
2025-04-19 08:11:40 - INFO - ==============================
2025-04-19 08:11:40 - INFO - Automated Scrape Task Finished
2025-04-19 08:11:40 - INFO - Outcome: SUCCESS
2025-04-19 08:11:40 - INFO - Total Duration: 83.51 seconds
2025-04-19 08:11:40 - INFO - ==============================
2025-04-19 20:08:16 - INFO - ==============================
2025-04-19 20:08:16 - INFO - Starting Automated Scrape Task
2025-04-19 20:08:16 - INFO - Download replays: Disabled
2025-04-19 20:08:16 - INFO - ==============================
2025-04-19 20:08:16 - INFO - Step 1: Loading existing game data...
2025-04-19 20:08:16 - INFO - Loading existing games data from basil_ladder_games.csv
2025-04-19 20:08:16 - INFO - Loaded 24374 games from existing database.
2025-04-19 20:08:16 - INFO - Step 2: Skipping syncing replay status.
2025-04-19 20:08:16 - INFO - Step 3: Fetching bot ratings...
2025-04-19 20:08:16 - INFO - Fetching master rating list from https://data.basil-ladder.net/stats/ranking.json...
2025-04-19 20:08:17 - INFO - Successfully loaded ratings for 290 bots from JSON.
2025-04-19 20:08:17 - INFO - Step 4: Extracting new games from BASIL ladder...
2025-04-19 20:08:17 - INFO - Fetching latest games from BASIL Ladder (Last 24h)...
2025-04-19 20:08:18 - INFO - Navigating to https://basil.bytekeeper.org/...
2025-04-19 20:08:19 - INFO - Waiting for page to load...
2025-04-19 20:08:19 - INFO - Clicking 'Last 24h' button...
2025-04-19 20:08:22 - INFO - Found 1206 games in the table
2025-04-19 20:09:25 - INFO - Browser closed.
2025-04-19 20:09:25 - INFO - Extracted data for 1206 games from the page.
2025-04-19 20:09:25 - INFO - Step 5: Updating games database with new games...
2025-04-19 20:09:25 - INFO - Attempting to update game database with newly scraped games...
2025-04-19 20:09:25 - INFO - Existing games in database: 24374
2025-04-19 20:09:25 - INFO - New games scraped: 1206
2025-04-19 20:09:34 - INFO - Found and skipped 510 duplicate game(s) already present in the database.
2025-04-19 20:09:34 - INFO - Found 696 new unique games.
2025-04-19 20:09:34 - INFO - Database size: 24374 -> 25070 (+696)
2025-04-19 20:09:34 - INFO - Database saved successfully to basil_ladder_games.csv
2025-04-19 20:09:34 - INFO - Step 6: Skipping replay download.
2025-04-19 20:09:34 - INFO - ==============================
2025-04-19 20:09:34 - INFO - Automated Scrape Task Finished
2025-04-19 20:09:34 - INFO - Outcome: SUCCESS
2025-04-19 20:09:34 - INFO - Total Duration: 77.83 seconds
2025-04-19 20:09:34 - INFO - ==============================
2025-04-20 08:10:26 - INFO - ==============================
2025-04-20 08:10:26 - INFO - Starting Automated Scrape Task
2025-04-20 08:10:26 - INFO - Download replays: Disabled
2025-04-20 08:10:26 - INFO - ==============================
2025-04-20 08:10:26 - INFO - Step 1: Loading existing game data...
2025-04-20 08:10:26 - INFO - Loading existing games data from basil_ladder_games.csv
2025-04-20 08:10:26 - INFO - Loaded 25070 games from existing database.
2025-04-20 08:10:26 - INFO - Step 2: Skipping syncing replay status.
2025-04-20 08:10:26 - INFO - Step 3: Fetching bot ratings...
2025-04-20 08:10:26 - INFO - Fetching master rating list from https://data.basil-ladder.net/stats/ranking.json...
2025-04-20 08:10:27 - INFO - Successfully loaded ratings for 290 bots from JSON.
2025-04-20 08:10:27 - INFO - Step 4: Extracting new games from BASIL ladder...
2025-04-20 08:10:27 - INFO - Fetching latest games from BASIL Ladder (Last 24h)...
2025-04-20 08:10:36 - INFO - Navigating to https://basil.bytekeeper.org/...
2025-04-20 08:10:37 - INFO - Waiting for page to load...
2025-04-20 08:10:37 - INFO - Clicking 'Last 24h' button...
2025-04-20 08:10:41 - INFO - Found 1219 games in the table
2025-04-20 08:11:45 - INFO - Browser closed.
2025-04-20 08:11:45 - INFO - Extracted data for 1219 games from the page.
2025-04-20 08:11:45 - INFO - Step 5: Updating games database with new games...
2025-04-20 08:11:45 - INFO - Attempting to update game database with newly scraped games...
2025-04-20 08:11:45 - INFO - Existing games in database: 25070
2025-04-20 08:11:45 - INFO - New games scraped: 1219
2025-04-20 08:11:53 - INFO - Found and skipped 699 duplicate game(s) already present in the database.
2025-04-20 08:11:53 - INFO - Found 520 new unique games.
2025-04-20 08:11:54 - INFO - Database size: 25070 -> 25590 (+520)
2025-04-20 08:11:54 - INFO - Database saved successfully to basil_ladder_games.csv
2025-04-20 08:11:54 - INFO - Step 6: Skipping replay download.
2025-04-20 08:11:54 - INFO - ==============================
2025-04-20 08:11:54 - INFO - Automated Scrape Task Finished
2025-04-20 08:11:54 - INFO - Outcome: SUCCESS
2025-04-20 08:11:54 - INFO - Total Duration: 87.82 seconds
2025-04-20 08:11:54 - INFO - ==============================
2025-04-20 20:08:47 - INFO - ==============================
2025-04-20 20:08:47 - INFO - Starting Automated Scrape Task
2025-04-20 20:08:47 - INFO - Download replays: Disabled
2025-04-20 20:08:47 - INFO - ==============================
2025-04-20 20:08:47 - INFO - Step 1: Loading existing game data...
2025-04-20 20:08:47 - INFO - Loading existing games data from basil_ladder_games.csv
2025-04-20 20:08:47 - INFO - Loaded 25590 games from existing database.
2025-04-20 20:08:47 - INFO - Step 2: Skipping syncing replay status.
2025-04-20 20:08:47 - INFO - Step 3: Fetching bot ratings...
2025-04-20 20:08:47 - INFO - Fetching master rating list from https://data.basil-ladder.net/stats/ranking.json...
2025-04-20 20:08:47 - INFO - Successfully loaded ratings for 290 bots from JSON.
2025-04-20 20:08:47 - INFO - Step 4: Extracting new games from BASIL ladder...
2025-04-20 20:08:47 - INFO - Fetching latest games from BASIL Ladder (Last 24h)...
2025-04-20 20:08:59 - INFO - Navigating to https://basil.bytekeeper.org/...
2025-04-20 20:09:00 - INFO - Waiting for page to load...
2025-04-20 20:09:00 - INFO - Clicking 'Last 24h' button...
2025-04-20 20:09:04 - INFO - Found 1232 games in the table
2025-04-20 20:10:10 - INFO - Browser closed.
2025-04-20 20:10:10 - INFO - Extracted data for 1232 games from the page.
2025-04-20 20:10:10 - INFO - Step 5: Updating games database with new games...
2025-04-20 20:10:10 - INFO - Attempting to update game database with newly scraped games...
2025-04-20 20:10:10 - INFO - Existing games in database: 25590
2025-04-20 20:10:10 - INFO - New games scraped: 1232
2025-04-20 20:10:19 - INFO - Found and skipped 527 duplicate game(s) already present in the database.
2025-04-20 20:10:19 - INFO - Found 705 new unique games.
2025-04-20 20:10:19 - INFO - Database size: 25590 -> 26295 (+705)
2025-04-20 20:10:19 - INFO - Database saved successfully to basil_ladder_games.csv
2025-04-20 20:10:19 - INFO - Step 6: Skipping replay download.
2025-04-20 20:10:19 - INFO - ==============================
2025-04-20 20:10:19 - INFO - Automated Scrape Task Finished
2025-04-20 20:10:19 - INFO - Outcome: SUCCESS
2025-04-20 20:10:19 - INFO - Total Duration: 92.44 seconds
2025-04-20 20:10:19 - INFO - ==============================
2025-04-21 08:12:55 - INFO - ==============================
2025-04-21 08:12:55 - INFO - Starting Automated Scrape Task
2025-04-21 08:12:55 - INFO - Download replays: Disabled
2025-04-21 08:12:55 - INFO - ==============================
2025-04-21 08:12:55 - INFO - Step 1: Loading existing game data...
2025-04-21 08:12:55 - INFO - Loading existing games data from basil_ladder_games.csv
2025-04-21 08:12:55 - INFO - Loaded 26295 games from existing database.
2025-04-21 08:12:55 - INFO - Step 2: Skipping syncing replay status.
2025-04-21 08:12:55 - INFO - Step 3: Fetching bot ratings...
2025-04-21 08:12:55 - INFO - Fetching master rating list from https://data.basil-ladder.net/stats/ranking.json...
2025-04-21 08:12:55 - INFO - Successfully loaded ratings for 290 bots from JSON.
2025-04-21 08:12:55 - INFO - Step 4: Extracting new games from BASIL ladder...
2025-04-21 08:12:55 - INFO - Fetching latest games from BASIL Ladder (Last 24h)...
2025-04-21 08:13:31 - INFO - Navigating to https://basil.bytekeeper.org/...
2025-04-21 08:13:36 - INFO - Waiting for page to load...
2025-04-21 08:13:36 - INFO - Clicking 'Last 24h' button...
2025-04-21 08:13:40 - INFO - Found 1267 games in the table
2025-04-21 08:14:48 - INFO - Browser closed.
2025-04-21 08:14:48 - INFO - Extracted data for 1267 games from the page.
2025-04-21 08:14:48 - INFO - Step 5: Updating games database with new games...
2025-04-21 08:14:48 - INFO - Attempting to update game database with newly scraped games...
2025-04-21 08:14:48 - INFO - Existing games in database: 26295
2025-04-21 08:14:48 - INFO - New games scraped: 1267
2025-04-21 08:14:58 - INFO - Found and skipped 713 duplicate game(s) already present in the database.
2025-04-21 08:14:58 - INFO - Found 554 new unique games.
2025-04-21 08:14:58 - INFO - Database size: 26295 -> 26849 (+554)
2025-04-21 08:14:58 - INFO - Database saved successfully to basil_ladder_games.csv
2025-04-21 08:14:58 - INFO - Step 6: Skipping replay download.
2025-04-21 08:14:58 - INFO - ==============================
2025-04-21 08:14:58 - INFO - Automated Scrape Task Finished
2025-04-21 08:14:58 - INFO - Outcome: SUCCESS
2025-04-21 08:14:58 - INFO - Total Duration: 123.43 seconds
2025-04-21 08:14:58 - INFO - ==============================
2025-04-21 20:09:40 - INFO - ==============================
2025-04-21 20:09:40 - INFO - Starting Automated Scrape Task
2025-04-21 20:09:40 - INFO - Download replays: Disabled
2025-04-21 20:09:40 - INFO - ==============================
2025-04-21 20:09:40 - INFO - Step 1: Loading existing game data...
2025-04-21 20:09:40 - INFO - Loading existing games data from basil_ladder_games.csv
2025-04-21 20:09:40 - INFO - Loaded 26849 games from existing database.
2025-04-21 20:09:40 - INFO - Step 2: Skipping syncing replay status.
2025-04-21 20:09:40 - INFO - Step 3: Fetching bot ratings...
2025-04-21 20:09:40 - INFO - Fetching master rating list from https://data.basil-ladder.net/stats/ranking.json...
2025-04-21 20:09:41 - INFO - Successfully loaded ratings for 290 bots from JSON.
2025-04-21 20:09:41 - INFO - Step 4: Extracting new games from BASIL ladder...
2025-04-21 20:09:41 - INFO - Fetching latest games from BASIL Ladder (Last 24h)...
2025-04-21 20:09:42 - INFO - Navigating to https://basil.bytekeeper.org/...
2025-04-21 20:09:42 - INFO - Waiting for page to load...
2025-04-21 20:09:42 - INFO - Clicking 'Last 24h' button...
2025-04-21 20:09:46 - INFO - Found 1229 games in the table
2025-04-21 20:10:52 - INFO - Browser closed.
2025-04-21 20:10:52 - INFO - Extracted data for 1229 games from the page.
2025-04-21 20:10:52 - INFO - Step 5: Updating games database with new games...
2025-04-21 20:10:52 - INFO - Attempting to update game database with newly scraped games...
2025-04-21 20:10:52 - INFO - Existing games in database: 26849
2025-04-21 20:10:52 - INFO - New games scraped: 1229
2025-04-21 20:11:01 - INFO - Found and skipped 561 duplicate game(s) already present in the database.
2025-04-21 20:11:01 - INFO - Found 668 new unique games.
2025-04-21 20:11:01 - INFO - Database size: 26849 -> 27517 (+668)
2025-04-21 20:11:02 - INFO - Database saved successfully to basil_ladder_games.csv
2025-04-21 20:11:02 - INFO - Step 6: Skipping replay download.
2025-04-21 20:11:02 - INFO - ==============================
2025-04-21 20:11:02 - INFO - Automated Scrape Task Finished
2025-04-21 20:11:02 - INFO - Outcome: SUCCESS
2025-04-21 20:11:02 - INFO - Total Duration: 81.30 seconds
2025-04-21 20:11:02 - INFO - ==============================
2025-04-22 08:12:46 - INFO - ==============================
2025-04-22 08:12:46 - INFO - Starting Automated Scrape Task
2025-04-22 08:12:46 - INFO - Download replays: Disabled
2025-04-22 08:12:46 - INFO - ==============================
2025-04-22 08:12:46 - INFO - Step 1: Loading existing game data...
2025-04-22 08:12:46 - INFO - Loading existing games data from basil_ladder_games.csv
2025-04-22 08:12:46 - INFO - Loaded 27517 games from existing database.
2025-04-22 08:12:46 - INFO - Step 2: Skipping syncing replay status.
2025-04-22 08:12:46 - INFO - Step 3: Fetching bot ratings...
2025-04-22 08:12:46 - INFO - Fetching master rating list from https://data.basil-ladder.net/stats/ranking.json...
2025-04-22 08:12:47 - INFO - Successfully loaded ratings for 290 bots from JSON.
2025-04-22 08:12:47 - INFO - Step 4: Extracting new games from BASIL ladder...
2025-04-22 08:12:47 - INFO - Fetching latest games from BASIL Ladder (Last 24h)...
2025-04-22 08:13:04 - INFO - Navigating to https://basil.bytekeeper.org/...
2025-04-22 08:13:05 - INFO - Waiting for page to load...
2025-04-22 08:13:06 - INFO - Clicking 'Last 24h' button...
2025-04-22 08:13:09 - INFO - Found 1262 games in the table
2025-04-22 08:14:16 - INFO - Browser closed.
2025-04-22 08:14:16 - INFO - Extracted data for 1262 games from the page.
2025-04-22 08:14:16 - INFO - Step 5: Updating games database with new games...
2025-04-22 08:14:16 - INFO - Attempting to update game database with newly scraped games...
2025-04-22 08:14:16 - INFO - Existing games in database: 27517
2025-04-22 08:14:16 - INFO - New games scraped: 1262
2025-04-22 08:14:26 - INFO - Found and skipped 706 duplicate game(s) already present in the database.
2025-04-22 08:14:26 - INFO - Found 556 new unique games.
2025-04-22 08:14:26 - INFO - Database size: 27517 -> 28073 (+556)
2025-04-22 08:14:27 - INFO - Database saved successfully to basil_ladder_games.csv
2025-04-22 08:14:27 - INFO - Step 6: Skipping replay download.
2025-04-22 08:14:27 - INFO - ==============================
2025-04-22 08:14:27 - INFO - Automated Scrape Task Finished
2025-04-22 08:14:27 - INFO - Outcome: SUCCESS
2025-04-22 08:14:27 - INFO - Total Duration: 100.68 seconds
2025-04-22 08:14:27 - INFO - ==============================
2025-04-22 20:09:32 - INFO - ==============================
2025-04-22 20:09:32 - INFO - Starting Automated Scrape Task
2025-04-22 20:09:32 - INFO - Download replays: Disabled
2025-04-22 20:09:32 - INFO - ==============================
2025-04-22 20:09:32 - INFO - Step 1: Loading existing game data...
2025-04-22 20:09:32 - INFO - Loading existing games data from basil_ladder_games.csv
2025-04-22 20:09:32 - INFO - Loaded 28073 games from existing database.
2025-04-22 20:09:32 - INFO - Step 2: Skipping syncing replay status.
2025-04-22 20:09:32 - INFO - Step 3: Fetching bot ratings...
2025-04-22 20:09:32 - INFO - Fetching master rating list from https://data.basil-ladder.net/stats/ranking.json...
2025-04-22 20:09:32 - INFO - Successfully loaded ratings for 290 bots from JSON.
2025-04-22 20:09:32 - INFO - Step 4: Extracting new games from BASIL ladder...
2025-04-22 20:09:32 - INFO - Fetching latest games from BASIL Ladder (Last 24h)...
2025-04-22 20:09:45 - INFO - Navigating to https://basil.bytekeeper.org/...
2025-04-22 20:09:47 - INFO - Waiting for page to load...
2025-04-22 20:09:47 - INFO - Clicking 'Last 24h' button...
2025-04-22 20:09:50 - INFO - Found 1257 games in the table
2025-04-22 20:11:01 - INFO - Browser closed.
2025-04-22 20:11:01 - INFO - Extracted data for 1257 games from the page.
2025-04-22 20:11:01 - INFO - Step 5: Updating games database with new games...
2025-04-22 20:11:01 - INFO - Attempting to update game database with newly scraped games...
2025-04-22 20:11:01 - INFO - Existing games in database: 28073
2025-04-22 20:11:01 - INFO - New games scraped: 1257
2025-04-22 20:11:12 - INFO - Found and skipped 563 duplicate game(s) already present in the database.
2025-04-22 20:11:12 - INFO - Found 694 new unique games.
2025-04-22 20:11:12 - INFO - Database size: 28073 -> 28767 (+694)
2025-04-22 20:11:12 - INFO - Database saved successfully to basil_ladder_games.csv
2025-04-22 20:11:12 - INFO - Step 6: Skipping replay download.
2025-04-22 20:11:12 - INFO - ==============================
2025-04-22 20:11:12 - INFO - Automated Scrape Task Finished
2025-04-22 20:11:12 - INFO - Outcome: SUCCESS
2025-04-22 20:11:12 - INFO - Total Duration: 100.32 seconds
2025-04-22 20:11:12 - INFO - ==============================
2025-04-23 08:12:24 - INFO - ==============================
2025-04-23 08:12:24 - INFO - Starting Automated Scrape Task
2025-04-23 08:12:24 - INFO - Download replays: Disabled
2025-04-23 08:12:24 - INFO - ==============================
2025-04-23 08:12:24 - INFO - Step 1: Loading existing game data...
2025-04-23 08:12:24 - INFO - Loading existing games data from basil_ladder_games.csv
2025-04-23 08:12:24 - INFO - Loaded 28767 games from existing database.
2025-04-23 08:12:24 - INFO - Step 2: Skipping syncing replay status.
2025-04-23 08:12:24 - INFO - Step 3: Fetching bot ratings...
2025-04-23 08:12:24 - INFO - Fetching master rating list from https://data.basil-ladder.net/stats/ranking.json...
2025-04-23 08:12:25 - INFO - Successfully loaded ratings for 290 bots from JSON.
2025-04-23 08:12:25 - INFO - Step 4: Extracting new games from BASIL ladder...
2025-04-23 08:12:25 - INFO - Fetching latest games from BASIL Ladder (Last 24h)...
2025-04-23 08:12:32 - INFO - Navigating to https://basil.bytekeeper.org/...
2025-04-23 08:12:33 - INFO - Waiting for page to load...
2025-04-23 08:12:33 - INFO - Clicking 'Last 24h' button...
2025-04-23 08:12:36 - INFO - Found 1244 games in the table
2025-04-23 08:13:47 - INFO - Browser closed.
2025-04-23 08:13:47 - INFO - Extracted data for 1244 games from the page.
2025-04-23 08:13:47 - INFO - Step 5: Updating games database with new games...
2025-04-23 08:13:47 - INFO - Attempting to update game database with newly scraped games...
2025-04-23 08:13:47 - INFO - Existing games in database: 28767
2025-04-23 08:13:47 - INFO - New games scraped: 1244
2025-04-23 08:13:58 - INFO - Found and skipped 678 duplicate game(s) already present in the database.
2025-04-23 08:13:58 - INFO - Found 566 new unique games.
2025-04-23 08:13:58 - INFO - Database size: 28767 -> 29333 (+566)
2025-04-23 08:13:58 - INFO - Database saved successfully to basil_ladder_games.csv
2025-04-23 08:13:58 - INFO - Step 6: Skipping replay download.
2025-04-23 08:13:58 - INFO - ==============================
2025-04-23 08:13:58 - INFO - Automated Scrape Task Finished
2025-04-23 08:13:58 - INFO - Outcome: SUCCESS
2025-04-23 08:13:58 - INFO - Total Duration: 94.04 seconds
2025-04-23 08:13:58 - INFO - ==============================
2025-04-23 20:10:30 - INFO - ==============================
2025-04-23 20:10:30 - INFO - Starting Automated Scrape Task
2025-04-23 20:10:30 - INFO - Download replays: Disabled
2025-04-23 20:10:30 - INFO - ==============================
2025-04-23 20:10:30 - INFO - Step 1: Loading existing game data...
2025-04-23 20:10:30 - INFO - Loading existing games data from basil_ladder_games.csv
2025-04-23 20:10:30 - INFO - Loaded 29333 games from existing database.
2025-04-23 20:10:30 - INFO - Step 2: Skipping syncing replay status.
2025-04-23 20:10:30 - INFO - Step 3: Fetching bot ratings...
2025-04-23 20:10:30 - INFO - Fetching master rating list from https://data.basil-ladder.net/stats/ranking.json...
2025-04-23 20:10:31 - INFO - Successfully loaded ratings for 290 bots from JSON.
2025-04-23 20:10:31 - INFO - Step 4: Extracting new games from BASIL ladder...
2025-04-23 20:10:31 - INFO - Fetching latest games from BASIL Ladder (Last 24h)...
2025-04-23 20:10:34 - INFO - Navigating to https://basil.bytekeeper.org/...
2025-04-23 20:10:34 - INFO - Waiting for page to load...
2025-04-23 20:10:34 - INFO - Clicking 'Last 24h' button...
2025-04-23 20:10:38 - INFO - Found 1247 games in the table
2025-04-23 20:11:48 - INFO - Browser closed.
2025-04-23 20:11:48 - INFO - Extracted data for 1247 games from the page.
2025-04-23 20:11:48 - INFO - Step 5: Updating games database with new games...
2025-04-23 20:11:48 - INFO - Attempting to update game database with newly scraped games...
2025-04-23 20:11:48 - INFO - Existing games in database: 29333
2025-04-23 20:11:48 - INFO - New games scraped: 1247
2025-04-23 20:11:59 - INFO - Found and skipped 610 duplicate game(s) already present in the database.
2025-04-23 20:11:59 - INFO - Found 637 new unique games.
2025-04-23 20:11:59 - INFO - Database size: 29333 -> 29970 (+637)
2025-04-23 20:11:59 - INFO - Database saved successfully to basil_ladder_games.csv
2025-04-23 20:11:59 - INFO - Step 6: Skipping replay download.
2025-04-23 20:11:59 - INFO - ==============================
2025-04-23 20:11:59 - INFO - Automated Scrape Task Finished
2025-04-23 20:11:59 - INFO - Outcome: SUCCESS
2025-04-23 20:11:59 - INFO - Total Duration: 89.00 seconds
2025-04-23 20:11:59 - INFO - ==============================
2025-04-24 08:12:43 - INFO - ==============================
2025-04-24 08:12:43 - INFO - Starting Automated Scrape Task
2025-04-24 08:12:43 - INFO - Download replays: Disabled
2025-04-24 08:12:43 - INFO - ==============================
2025-04-24 08:12:43 - INFO - Step 1: Loading existing game data...
2025-04-24 08:12:43 - INFO - Loading existing games data from basil_ladder_games.csv
2025-04-24 08:12:43 - INFO - Loaded 29970 games from existing database.
2025-04-24 08:12:43 - INFO - Step 2: Skipping syncing replay status.
2025-04-24 08:12:43 - INFO - Step 3: Fetching bot ratings...
2025-04-24 08:12:43 - INFO - Fetching master rating list from https://data.basil-ladder.net/stats/ranking.json...
2025-04-24 08:12:44 - INFO - Successfully loaded ratings for 290 bots from JSON.
2025-04-24 08:12:44 - INFO - Step 4: Extracting new games from BASIL ladder...
2025-04-24 08:12:44 - INFO - Fetching latest games from BASIL Ladder (Last 24h)...
2025-04-24 08:13:07 - INFO - Navigating to https://basil.bytekeeper.org/...
2025-04-24 08:13:09 - INFO - Waiting for page to load...
2025-04-24 08:13:09 - INFO - Clicking 'Last 24h' button...
2025-04-24 08:13:13 - INFO - Found 1235 games in the table
2025-04-24 08:14:22 - INFO - Browser closed.
2025-04-24 08:14:22 - INFO - Extracted data for 1235 games from the page.
2025-04-24 08:14:22 - INFO - Step 5: Updating games database with new games...
2025-04-24 08:14:22 - INFO - Attempting to update game database with newly scraped games...
2025-04-24 08:14:22 - INFO - Existing games in database: 29970
2025-04-24 08:14:22 - INFO - New games scraped: 1235
2025-04-24 08:14:32 - INFO - Found and skipped 647 duplicate game(s) already present in the database.
2025-04-24 08:14:32 - INFO - Found 588 new unique games.
2025-04-24 08:14:32 - INFO - Database size: 29970 -> 30558 (+588)
2025-04-24 08:14:33 - INFO - Database saved successfully to basil_ladder_games.csv
2025-04-24 08:14:33 - INFO - Step 6: Skipping replay download.
2025-04-24 08:14:33 - INFO - ==============================
2025-04-24 08:14:33 - INFO - Automated Scrape Task Finished
2025-04-24 08:14:33 - INFO - Outcome: SUCCESS
2025-04-24 08:14:33 - INFO - Total Duration: 109.73 seconds
2025-04-24 08:14:33 - INFO - ==============================
2025-04-24 20:09:41 - INFO - ==============================
2025-04-24 20:09:41 - INFO - Starting Automated Scrape Task
2025-04-24 20:09:41 - INFO - Download replays: Disabled
2025-04-24 20:09:41 - INFO - ==============================
2025-04-24 20:09:41 - INFO - Step 1: Loading existing game data...
2025-04-24 20:09:41 - INFO - Loading existing games data from basil_ladder_games.csv
2025-04-24 20:09:41 - INFO - Loaded 30558 games from existing database.
2025-04-24 20:09:41 - INFO - Step 2: Skipping syncing replay status.
2025-04-24 20:09:41 - INFO - Step 3: Fetching bot ratings...
2025-04-24 20:09:41 - INFO - Fetching master rating list from https://data.basil-ladder.net/stats/ranking.json...
2025-04-24 20:09:42 - INFO - Successfully loaded ratings for 290 bots from JSON.
2025-04-24 20:09:42 - INFO - Step 4: Extracting new games from BASIL ladder...
2025-04-24 20:09:42 - INFO - Fetching latest games from BASIL Ladder (Last 24h)...
2025-04-24 20:09:48 - INFO - Navigating to https://basil.bytekeeper.org/...
2025-04-24 20:09:49 - INFO - Waiting for page to load...
2025-04-24 20:09:49 - INFO - Clicking 'Last 24h' button...
2025-04-24 20:09:52 - INFO - Found 1261 games in the table
2025-04-24 20:11:03 - INFO - Browser closed.
2025-04-24 20:11:03 - INFO - Extracted data for 1261 games from the page.
2025-04-24 20:11:03 - INFO - Step 5: Updating games database with new games...
2025-04-24 20:11:03 - INFO - Attempting to update game database with newly scraped games...
2025-04-24 20:11:03 - INFO - Existing games in database: 30558
2025-04-24 20:11:03 - INFO - New games scraped: 1261
2025-04-24 20:11:15 - INFO - Found and skipped 579 duplicate game(s) already present in the database.
2025-04-24 20:11:15 - INFO - Found 682 new unique games.
2025-04-24 20:11:15 - INFO - Database size: 30558 -> 31240 (+682)
2025-04-24 20:11:15 - INFO - Database saved successfully to basil_ladder_games.csv
2025-04-24 20:11:15 - INFO - Step 6: Skipping replay download.
2025-04-24 20:11:15 - INFO - ==============================
2025-04-24 20:11:15 - INFO - Automated Scrape Task Finished
2025-04-24 20:11:15 - INFO - Outcome: SUCCESS
2025-04-24 20:11:15 - INFO - Total Duration: 93.78 seconds
2025-04-24 20:11:15 - INFO - ==============================
2025-04-25 08:12:33 - INFO - ==============================
2025-04-25 08:12:33 - INFO - Starting Automated Scrape Task
2025-04-25 08:12:33 - INFO - Download replays: Disabled
2025-04-25 08:12:33 - INFO - ==============================
2025-04-25 08:12:33 - INFO - Step 1: Loading existing game data...
2025-04-25 08:12:33 - INFO - Loading existing games data from basil_ladder_games.csv
2025-04-25 08:12:33 - INFO - Loaded 31240 games from existing database.
2025-04-25 08:12:33 - INFO - Step 2: Skipping syncing replay status.
2025-04-25 08:12:33 - INFO - Step 3: Fetching bot ratings...
2025-04-25 08:12:33 - INFO - Fetching master rating list from https://data.basil-ladder.net/stats/ranking.json...
2025-04-25 08:12:33 - INFO - Successfully loaded ratings for 290 bots from JSON.
2025-04-25 08:12:33 - INFO - Step 4: Extracting new games from BASIL ladder...
2025-04-25 08:12:33 - INFO - Fetching latest games from BASIL Ladder (Last 24h)...
2025-04-25 08:12:39 - INFO - Navigating to https://basil.bytekeeper.org/...
2025-04-25 08:12:40 - INFO - Waiting for page to load...
2025-04-25 08:12:40 - INFO - Clicking 'Last 24h' button...
2025-04-25 08:12:44 - INFO - Found 1189 games in the table
2025-04-25 08:13:50 - INFO - Browser closed.
2025-04-25 08:13:50 - INFO - Extracted data for 1189 games from the page.
2025-04-25 08:13:50 - INFO - Step 5: Updating games database with new games...
2025-04-25 08:13:50 - INFO - Attempting to update game database with newly scraped games...
2025-04-25 08:13:50 - INFO - Existing games in database: 31240
2025-04-25 08:13:50 - INFO - New games scraped: 1189
2025-04-25 08:14:00 - INFO - Found and skipped 695 duplicate game(s) already present in the database.
2025-04-25 08:14:00 - INFO - Found 494 new unique games.
2025-04-25 08:14:00 - INFO - Database size: 31240 -> 31734 (+494)
2025-04-25 08:14:01 - INFO - Database saved successfully to basil_ladder_games.csv
2025-04-25 08:14:01 - INFO - Step 6: Skipping replay download.
2025-04-25 08:14:01 - INFO - ==============================
2025-04-25 08:14:01 - INFO - Automated Scrape Task Finished
2025-04-25 08:14:01 - INFO - Outcome: SUCCESS
2025-04-25 08:14:01 - INFO - Total Duration: 87.96 seconds
2025-04-25 08:14:01 - INFO - ==============================
2025-04-25 20:09:24 - INFO - ==============================
2025-04-25 20:09:24 - INFO - Starting Automated Scrape Task
2025-04-25 20:09:24 - INFO - Download replays: Disabled
2025-04-25 20:09:24 - INFO - ==============================
2025-04-25 20:09:24 - INFO - Step 1: Loading existing game data...
2025-04-25 20:09:24 - INFO - Loading existing games data from basil_ladder_games.csv
2025-04-25 20:09:24 - INFO - Loaded 31734 games from existing database.
2025-04-25 20:09:24 - INFO - Step 2: Skipping syncing replay status.
2025-04-25 20:09:24 - INFO - Step 3: Fetching bot ratings...
2025-04-25 20:09:24 - INFO - Fetching master rating list from https://data.basil-ladder.net/stats/ranking.json...
2025-04-25 20:09:25 - INFO - Successfully loaded ratings for 290 bots from JSON.
2025-04-25 20:09:25 - INFO - Step 4: Extracting new games from BASIL ladder...
2025-04-25 20:09:25 - INFO - Fetching latest games from BASIL Ladder (Last 24h)...
2025-04-25 20:09:27 - INFO - Navigating to https://basil.bytekeeper.org/...
2025-04-25 20:09:28 - INFO - Waiting for page to load...
2025-04-25 20:09:28 - INFO - Clicking 'Last 24h' button...
2025-04-25 20:09:31 - INFO - Found 1173 games in the table
2025-04-25 20:10:36 - INFO - Browser closed.
2025-04-25 20:10:36 - INFO - Extracted data for 1173 games from the page.
2025-04-25 20:10:36 - INFO - Step 5: Updating games database with new games...
2025-04-25 20:10:36 - INFO - Attempting to update game database with newly scraped games...
2025-04-25 20:10:36 - INFO - Existing games in database: 31734
2025-04-25 20:10:36 - INFO - New games scraped: 1173
2025-04-25 20:10:47 - INFO - Found and skipped 499 duplicate game(s) already present in the database.
2025-04-25 20:10:47 - INFO - Found 674 new unique games.
2025-04-25 20:10:47 - INFO - Database size: 31734 -> 32408 (+674)
2025-04-25 20:10:47 - INFO - Database saved successfully to basil_ladder_games.csv
2025-04-25 20:10:47 - INFO - Step 6: Skipping replay download.
2025-04-25 20:10:47 - INFO - ==============================
2025-04-25 20:10:47 - INFO - Automated Scrape Task Finished
2025-04-25 20:10:47 - INFO - Outcome: SUCCESS
2025-04-25 20:10:47 - INFO - Total Duration: 82.84 seconds
2025-04-25 20:10:47 - INFO - ==============================
2025-04-26 08:10:39 - INFO - ==============================
2025-04-26 08:10:39 - INFO - Starting Automated Scrape Task
2025-04-26 08:10:39 - INFO - Download replays: Disabled
2025-04-26 08:10:39 - INFO - ==============================
2025-04-26 08:10:39 - INFO - Step 1: Loading existing game data...
2025-04-26 08:10:39 - INFO - Loading existing games data from basil_ladder_games.csv
2025-04-26 08:10:39 - INFO - Loaded 32408 games from existing database.
2025-04-26 08:10:39 - INFO - Step 2: Skipping syncing replay status.
2025-04-26 08:10:39 - INFO - Step 3: Fetching bot ratings...
2025-04-26 08:10:39 - INFO - Fetching master rating list from https://data.basil-ladder.net/stats/ranking.json...
2025-04-26 08:10:39 - INFO - Successfully loaded ratings for 290 bots from JSON.
2025-04-26 08:10:39 - INFO - Step 4: Extracting new games from BASIL ladder...
2025-04-26 08:10:39 - INFO - Fetching latest games from BASIL Ladder (Last 24h)...
2025-04-26 08:10:47 - INFO - Navigating to https://basil.bytekeeper.org/...
2025-04-26 08:10:48 - INFO - Waiting for page to load...
2025-04-26 08:10:48 - INFO - Clicking 'Last 24h' button...
2025-04-26 08:10:51 - INFO - Found 1199 games in the table
2025-04-26 08:11:57 - INFO - Browser closed.
2025-04-26 08:11:57 - INFO - Extracted data for 1199 games from the page.
2025-04-26 08:11:57 - INFO - Step 5: Updating games database with new games...
2025-04-26 08:11:57 - INFO - Attempting to update game database with newly scraped games...
2025-04-26 08:11:57 - INFO - Existing games in database: 32408
2025-04-26 08:11:57 - INFO - New games scraped: 1199
2025-04-26 08:12:08 - INFO - Found and skipped 681 duplicate game(s) already present in the database.
2025-04-26 08:12:08 - INFO - Found 518 new unique games.
2025-04-26 08:12:08 - INFO - Database size: 32408 -> 32926 (+518)
2025-04-26 08:12:08 - INFO - Database saved successfully to basil_ladder_games.csv
2025-04-26 08:12:08 - INFO - Step 6: Skipping replay download.
2025-04-26 08:12:08 - INFO - ==============================
2025-04-26 08:12:08 - INFO - Automated Scrape Task Finished
2025-04-26 08:12:08 - INFO - Outcome: SUCCESS
2025-04-26 08:12:08 - INFO - Total Duration: 89.74 seconds
2025-04-26 08:12:08 - INFO - ==============================
2025-04-26 20:08:23 - INFO - ==============================
2025-04-26 20:08:23 - INFO - Starting Automated Scrape Task
2025-04-26 20:08:23 - INFO - Download replays: Disabled
2025-04-26 20:08:23 - INFO - ==============================
2025-04-26 20:08:23 - INFO - Step 1: Loading existing game data...
2025-04-26 20:08:23 - INFO - Loading existing games data from basil_ladder_games.csv
2025-04-26 20:08:24 - INFO - Loaded 32926 games from existing database.
2025-04-26 20:08:24 - INFO - Step 2: Skipping syncing replay status.
2025-04-26 20:08:24 - INFO - Step 3: Fetching bot ratings...
2025-04-26 20:08:24 - INFO - Fetching master rating list from https://data.basil-ladder.net/stats/ranking.json...
2025-04-26 20:08:24 - INFO - Successfully loaded ratings for 290 bots from JSON.
2025-04-26 20:08:24 - INFO - Step 4: Extracting new games from BASIL ladder...
2025-04-26 20:08:24 - INFO - Fetching latest games from BASIL Ladder (Last 24h)...
2025-04-26 20:08:34 - INFO - Navigating to https://basil.bytekeeper.org/...
2025-04-26 20:08:35 - INFO - Waiting for page to load...
2025-04-26 20:08:35 - INFO - Clicking 'Last 24h' button...
2025-04-26 20:08:39 - INFO - Found 1203 games in the table
2025-04-26 20:09:45 - INFO - Browser closed.
2025-04-26 20:09:45 - INFO - Extracted data for 1203 games from the page.
2025-04-26 20:09:45 - INFO - Step 5: Updating games database with new games...
2025-04-26 20:09:45 - INFO - Attempting to update game database with newly scraped games...
2025-04-26 20:09:45 - INFO - Existing games in database: 32926
2025-04-26 20:09:45 - INFO - New games scraped: 1203
2025-04-26 20:09:57 - INFO - Found and skipped 530 duplicate game(s) already present in the database.
2025-04-26 20:09:57 - INFO - Found 673 new unique games.
2025-04-26 20:09:57 - INFO - Database size: 32926 -> 33599 (+673)
2025-04-26 20:09:57 - INFO - Database saved successfully to basil_ladder_games.csv
2025-04-26 20:09:57 - INFO - Step 6: Skipping replay download.
2025-04-26 20:09:57 - INFO - ==============================
2025-04-26 20:09:57 - INFO - Automated Scrape Task Finished
2025-04-26 20:09:57 - INFO - Outcome: SUCCESS
2025-04-26 20:09:57 - INFO - Total Duration: 93.51 seconds
2025-04-26 20:09:57 - INFO - ==============================
2025-04-27 08:10:21 - INFO - ==============================
2025-04-27 08:10:21 - INFO - Starting Automated Scrape Task
2025-04-27 08:10:21 - INFO - Download replays: Disabled
2025-04-27 08:10:21 - INFO - ==============================
2025-04-27 08:10:21 - INFO - Step 1: Loading existing game data...
2025-04-27 08:10:21 - INFO - Loading existing games data from basil_ladder_games.csv
2025-04-27 08:10:21 - INFO - Loaded 33599 games from existing database.
2025-04-27 08:10:21 - INFO - Step 2: Skipping syncing replay status.
2025-04-27 08:10:21 - INFO - Step 3: Fetching bot ratings...
2025-04-27 08:10:21 - INFO - Fetching master rating list from https://data.basil-ladder.net/stats/ranking.json...
2025-04-27 08:10:22 - INFO - Successfully loaded ratings for 290 bots from JSON.
2025-04-27 08:10:22 - INFO - Step 4: Extracting new games from BASIL ladder...
2025-04-27 08:10:22 - INFO - Fetching latest games from BASIL Ladder (Last 24h)...
2025-04-27 08:10:23 - INFO - Navigating to https://basil.bytekeeper.org/...
2025-04-27 08:10:23 - INFO - Waiting for page to load...
2025-04-27 08:10:23 - INFO - Clicking 'Last 24h' button...
2025-04-27 08:10:27 - INFO - Found 1168 games in the table
2025-04-27 08:11:31 - INFO - Browser closed.
2025-04-27 08:11:31 - INFO - Extracted data for 1168 games from the page.
2025-04-27 08:11:31 - INFO - Step 5: Updating games database with new games...
2025-04-27 08:11:31 - INFO - Attempting to update game database with newly scraped games...
2025-04-27 08:11:31 - INFO - Existing games in database: 33599
2025-04-27 08:11:31 - INFO - New games scraped: 1168
2025-04-27 08:11:42 - INFO - Found and skipped 684 duplicate game(s) already present in the database.
2025-04-27 08:11:42 - INFO - Found 484 new unique games.
2025-04-27 08:11:42 - INFO - Database size: 33599 -> 34083 (+484)
2025-04-27 08:11:42 - INFO - Database saved successfully to basil_ladder_games.csv
2025-04-27 08:11:42 - INFO - Step 6: Skipping replay download.
2025-04-27 08:11:42 - INFO - ==============================
2025-04-27 08:11:42 - INFO - Automated Scrape Task Finished
2025-04-27 08:11:42 - INFO - Outcome: SUCCESS
2025-04-27 08:11:42 - INFO - Total Duration: 80.83 seconds
2025-04-27 08:11:42 - INFO - ==============================
2025-04-27 20:09:12 - INFO - ==============================
2025-04-27 20:09:12 - INFO - Starting Automated Scrape Task
2025-04-27 20:09:12 - INFO - Download replays: Disabled
2025-04-27 20:09:12 - INFO - ==============================
2025-04-27 20:09:12 - INFO - Step 1: Loading existing game data...
2025-04-27 20:09:12 - INFO - Loading existing games data from basil_ladder_games.csv
2025-04-27 20:09:12 - INFO - Loaded 34083 games from existing database.
2025-04-27 20:09:12 - INFO - Step 2: Skipping syncing replay status.
2025-04-27 20:09:12 - INFO - Step 3: Fetching bot ratings...
2025-04-27 20:09:12 - INFO - Fetching master rating list from https://data.basil-ladder.net/stats/ranking.json...
2025-04-27 20:09:13 - INFO - Successfully loaded ratings for 290 bots from JSON.
2025-04-27 20:09:13 - INFO - Step 4: Extracting new games from BASIL ladder...
2025-04-27 20:09:13 - INFO - Fetching latest games from BASIL Ladder (Last 24h)...
2025-04-27 20:09:14 - INFO - Navigating to https://basil.bytekeeper.org/...
2025-04-27 20:09:14 - INFO - Waiting for page to load...
2025-04-27 20:09:14 - INFO - Clicking 'Last 24h' button...
2025-04-27 20:09:18 - INFO - Found 1158 games in the table
2025-04-27 20:10:22 - INFO - Browser closed.
2025-04-27 20:10:22 - INFO - Extracted data for 1158 games from the page.
2025-04-27 20:10:22 - INFO - Step 5: Updating games database with new games...
2025-04-27 20:10:22 - INFO - Attempting to update game database with newly scraped games...
2025-04-27 20:10:22 - INFO - Existing games in database: 34083
2025-04-27 20:10:22 - INFO - New games scraped: 1158
2025-04-27 20:10:33 - INFO - Found and skipped 492 duplicate game(s) already present in the database.
2025-04-27 20:10:33 - INFO - Found 666 new unique games.
2025-04-27 20:10:33 - INFO - Database size: 34083 -> 34749 (+666)
2025-04-27 20:10:34 - INFO - Database saved successfully to basil_ladder_games.csv
2025-04-27 20:10:34 - INFO - Step 6: Skipping replay download.
2025-04-27 20:10:34 - INFO - ==============================
2025-04-27 20:10:34 - INFO - Automated Scrape Task Finished
2025-04-27 20:10:34 - INFO - Outcome: SUCCESS
2025-04-27 20:10:34 - INFO - Total Duration: 82.04 seconds
2025-04-27 20:10:34 - INFO - ==============================
2025-04-28 08:31:17 - INFO - ==============================
2025-04-28 08:31:17 - INFO - Starting Automated Scrape Task
2025-04-28 08:31:17 - INFO - Download replays: Disabled
2025-04-28 08:31:17 - INFO - ==============================
2025-04-28 08:31:17 - INFO - Step 1: Loading existing game data...
2025-04-28 08:31:17 - INFO - Loading existing games data from basil_ladder_games.csv
2025-04-28 08:31:17 - INFO - Loaded 34749 games from existing database.
2025-04-28 08:31:17 - INFO - Step 2: Skipping syncing replay status.
2025-04-28 08:31:17 - INFO - Step 3: Fetching bot ratings...
2025-04-28 08:31:17 - INFO - Fetching master rating list from https://data.basil-ladder.net/stats/ranking.json...
2025-04-28 08:31:17 - INFO - Successfully loaded ratings for 290 bots from JSON.
2025-04-28 08:31:17 - INFO - Step 4: Extracting new games from BASIL ladder...
2025-04-28 08:31:17 - INFO - Fetching latest games from BASIL Ladder (Last 24h)...
2025-04-28 08:31:19 - INFO - Navigating to https://basil.bytekeeper.org/...
2025-04-28 08:31:19 - INFO - Waiting for page to load...
2025-04-28 08:31:19 - INFO - Clicking 'Last 24h' button...
2025-04-28 08:31:23 - INFO - Found 1317 games in the table
2025-04-28 08:32:37 - INFO - Browser closed.
2025-04-28 08:32:37 - INFO - Extracted data for 1317 games from the page.
2025-04-28 08:32:37 - INFO - Step 5: Updating games database with new games...
2025-04-28 08:32:37 - INFO - Attempting to update game database with newly scraped games...
2025-04-28 08:32:37 - INFO - Existing games in database: 34749
2025-04-28 08:32:37 - INFO - New games scraped: 1317
2025-04-28 08:32:50 - INFO - Found and skipped 663 duplicate game(s) already present in the database.
2025-04-28 08:32:50 - INFO - Found 654 new unique games.
2025-04-28 08:32:50 - INFO - Database size: 34749 -> 35403 (+654)
2025-04-28 08:32:50 - INFO - Database saved successfully to basil_ladder_games.csv
2025-04-28 08:32:50 - INFO - Step 6: Skipping replay download.
2025-04-28 08:32:50 - INFO - ==============================
2025-04-28 08:32:50 - INFO - Automated Scrape Task Finished
2025-04-28 08:32:50 - INFO - Outcome: SUCCESS
2025-04-28 08:32:50 - INFO - Total Duration: 93.19 seconds
2025-04-28 08:32:50 - INFO - ==============================
2025-04-28 20:09:15 - INFO - ==============================
2025-04-28 20:09:15 - INFO - Starting Automated Scrape Task
2025-04-28 20:09:15 - INFO - Download replays: Disabled
2025-04-28 20:09:15 - INFO - ==============================
2025-04-28 20:09:15 - INFO - Step 1: Loading existing game data...
2025-04-28 20:09:15 - INFO - Loading existing games data from basil_ladder_games.csv
2025-04-28 20:09:15 - INFO - Loaded 35403 games from existing database.
2025-04-28 20:09:15 - INFO - Step 2: Skipping syncing replay status.
2025-04-28 20:09:15 - INFO - Step 3: Fetching bot ratings...
2025-04-28 20:09:15 - INFO - Fetching master rating list from https://data.basil-ladder.net/stats/ranking.json...
2025-04-28 20:09:16 - INFO - Successfully loaded ratings for 290 bots from JSON.
2025-04-28 20:09:16 - INFO - Step 4: Extracting new games from BASIL ladder...
2025-04-28 20:09:16 - INFO - Fetching latest games from BASIL Ladder (Last 24h)...
2025-04-28 20:09:17 - INFO - Navigating to https://basil.bytekeeper.org/...
2025-04-28 20:09:18 - INFO - Waiting for page to load...
2025-04-28 20:09:18 - INFO - Clicking 'Last 24h' button...
2025-04-28 20:09:21 - INFO - Found 1286 games in the table
2025-04-28 20:10:32 - INFO - Browser closed.
2025-04-28 20:10:32 - INFO - Extracted data for 1286 games from the page.
2025-04-28 20:10:32 - INFO - Step 5: Updating games database with new games...
2025-04-28 20:10:32 - INFO - Attempting to update game database with newly scraped games...
2025-04-28 20:10:32 - INFO - Existing games in database: 35403
2025-04-28 20:10:32 - INFO - New games scraped: 1286
2025-04-28 20:10:45 - INFO - Found and skipped 695 duplicate game(s) already present in the database.
2025-04-28 20:10:45 - INFO - Found 591 new unique games.
2025-04-28 20:10:45 - INFO - Database size: 35403 -> 35994 (+591)
2025-04-28 20:10:45 - INFO - Database saved successfully to basil_ladder_games.csv
2025-04-28 20:10:45 - INFO - Step 6: Skipping replay download.
2025-04-28 20:10:45 - INFO - ==============================
2025-04-28 20:10:45 - INFO - Automated Scrape Task Finished
2025-04-28 20:10:45 - INFO - Outcome: SUCCESS
2025-04-28 20:10:45 - INFO - Total Duration: 90.20 seconds
2025-04-28 20:10:45 - INFO - ==============================
2025-04-29 08:13:39 - INFO - ==============================
2025-04-29 08:13:39 - INFO - Starting Automated Scrape Task
2025-04-29 08:13:39 - INFO - Download replays: Disabled
2025-04-29 08:13:39 - INFO - ==============================
2025-04-29 08:13:39 - INFO - Step 1: Loading existing game data...
2025-04-29 08:13:39 - INFO - Loading existing games data from basil_ladder_games.csv
2025-04-29 08:13:40 - INFO - Loaded 35994 games from existing database.
2025-04-29 08:13:40 - INFO - Step 2: Skipping syncing replay status.
2025-04-29 08:13:40 - INFO - Step 3: Fetching bot ratings...
2025-04-29 08:13:40 - INFO - Fetching master rating list from https://data.basil-ladder.net/stats/ranking.json...
2025-04-29 08:13:40 - INFO - Successfully loaded ratings for 290 bots from JSON.
2025-04-29 08:13:40 - INFO - Step 4: Extracting new games from BASIL ladder...
2025-04-29 08:13:40 - INFO - Fetching latest games from BASIL Ladder (Last 24h)...
2025-04-29 08:13:54 - INFO - Navigating to https://basil.bytekeeper.org/...
2025-04-29 08:13:55 - INFO - Waiting for page to load...
2025-04-29 08:13:55 - INFO - Clicking 'Last 24h' button...
2025-04-29 08:13:59 - INFO - Found 1246 games in the table
2025-04-29 08:15:07 - INFO - Browser closed.
2025-04-29 08:15:07 - INFO - Extracted data for 1246 games from the page.
2025-04-29 08:15:07 - INFO - Step 5: Updating games database with new games...
2025-04-29 08:15:07 - INFO - Attempting to update game database with newly scraped games...
2025-04-29 08:15:07 - INFO - Existing games in database: 35994
2025-04-29 08:15:07 - INFO - New games scraped: 1246
2025-04-29 08:15:19 - INFO - Found and skipped 669 duplicate game(s) already present in the database.
2025-04-29 08:15:19 - INFO - Found 577 new unique games.
2025-04-29 08:15:19 - INFO - Database size: 35994 -> 36571 (+577)
2025-04-29 08:15:20 - INFO - Database saved successfully to basil_ladder_games.csv
2025-04-29 08:15:20 - INFO - Step 6: Skipping replay download.
2025-04-29 08:15:20 - INFO - ==============================
2025-04-29 08:15:20 - INFO - Automated Scrape Task Finished
2025-04-29 08:15:20 - INFO - Outcome: SUCCESS
2025-04-29 08:15:20 - INFO - Total Duration: 100.19 seconds
2025-04-29 08:15:20 - INFO - ==============================
2025-04-29 20:09:46 - INFO - ==============================
2025-04-29 20:09:46 - INFO - Starting Automated Scrape Task
2025-04-29 20:09:46 - INFO - Download replays: Disabled
2025-04-29 20:09:46 - INFO - ==============================
2025-04-29 20:09:46 - INFO - Step 1: Loading existing game data...
2025-04-29 20:09:46 - INFO - Loading existing games data from basil_ladder_games.csv
2025-04-29 20:09:46 - INFO - Loaded 36571 games from existing database.
2025-04-29 20:09:46 - INFO - Step 2: Skipping syncing replay status.
2025-04-29 20:09:46 - INFO - Step 3: Fetching bot ratings...
2025-04-29 20:09:46 - INFO - Fetching master rating list from https://data.basil-ladder.net/stats/ranking.json...
2025-04-29 20:09:47 - INFO - Successfully loaded ratings for 290 bots from JSON.
2025-04-29 20:09:47 - INFO - Step 4: Extracting new games from BASIL ladder...
2025-04-29 20:09:47 - INFO - Fetching latest games from BASIL Ladder (Last 24h)...
2025-04-29 20:09:49 - INFO - Navigating to https://basil.bytekeeper.org/...
2025-04-29 20:09:50 - INFO - Waiting for page to load...
2025-04-29 20:09:50 - INFO - Clicking 'Last 24h' button...
2025-04-29 20:09:54 - INFO - Found 1284 games in the table
2025-04-29 20:11:08 - INFO - Browser closed.
2025-04-29 20:11:08 - INFO - Extracted data for 1284 games from the page.
2025-04-29 20:11:08 - INFO - Step 5: Updating games database with new games...
2025-04-29 20:11:08 - INFO - Attempting to update game database with newly scraped games...
2025-04-29 20:11:08 - INFO - Existing games in database: 36571
2025-04-29 20:11:08 - INFO - New games scraped: 1284
2025-04-29 20:11:21 - INFO - Found and skipped 564 duplicate game(s) already present in the database.
2025-04-29 20:11:21 - INFO - Found 720 new unique games.
2025-04-29 20:11:21 - INFO - Database size: 36571 -> 37291 (+720)
2025-04-29 20:11:21 - INFO - Database saved successfully to basil_ladder_games.csv
2025-04-29 20:11:21 - INFO - Step 6: Skipping replay download.
2025-04-29 20:11:21 - INFO - ==============================
2025-04-29 20:11:21 - INFO - Automated Scrape Task Finished
2025-04-29 20:11:21 - INFO - Outcome: SUCCESS
2025-04-29 20:11:21 - INFO - Total Duration: 94.73 seconds
2025-04-29 20:11:21 - INFO - ==============================
2025-04-30 08:12:41 - INFO - ==============================
2025-04-30 08:12:41 - INFO - Starting Automated Scrape Task
2025-04-30 08:12:41 - INFO - Download replays: Disabled
2025-04-30 08:12:41 - INFO - ==============================
2025-04-30 08:12:41 - INFO - Step 1: Loading existing game data...
2025-04-30 08:12:41 - INFO - Loading existing games data from basil_ladder_games.csv
2025-04-30 08:12:41 - INFO - Loaded 37291 games from existing database.
2025-04-30 08:12:41 - INFO - Step 2: Skipping syncing replay status.
2025-04-30 08:12:41 - INFO - Step 3: Fetching bot ratings...
2025-04-30 08:12:41 - INFO - Fetching master rating list from https://data.basil-ladder.net/stats/ranking.json...
2025-04-30 08:12:42 - INFO - Successfully loaded ratings for 290 bots from JSON.
2025-04-30 08:12:42 - INFO - Step 4: Extracting new games from BASIL ladder...
2025-04-30 08:12:42 - INFO - Fetching latest games from BASIL Ladder (Last 24h)...
2025-04-30 08:12:58 - INFO - Navigating to https://basil.bytekeeper.org/...
2025-04-30 08:12:59 - INFO - Waiting for page to load...
2025-04-30 08:13:00 - INFO - Clicking 'Last 24h' button...
2025-04-30 08:13:03 - INFO - Found 1276 games in the table
2025-04-30 08:14:17 - INFO - Browser closed.
2025-04-30 08:14:17 - INFO - Extracted data for 1276 games from the page.
2025-04-30 08:14:17 - INFO - Step 5: Updating games database with new games...
2025-04-30 08:14:17 - INFO - Attempting to update game database with newly scraped games...
2025-04-30 08:14:17 - INFO - Existing games in database: 37291
2025-04-30 08:14:17 - INFO - New games scraped: 1276
2025-04-30 08:14:31 - INFO - Found and skipped 713 duplicate game(s) already present in the database.
2025-04-30 08:14:31 - INFO - Found 563 new unique games.
2025-04-30 08:14:31 - INFO - Database size: 37291 -> 37854 (+563)
2025-04-30 08:14:31 - INFO - Database saved successfully to basil_ladder_games.csv
2025-04-30 08:14:31 - INFO - Step 6: Skipping replay download.
2025-04-30 08:14:31 - INFO - ==============================
2025-04-30 08:14:31 - INFO - Automated Scrape Task Finished
2025-04-30 08:14:31 - INFO - Outcome: SUCCESS
2025-04-30 08:14:31 - INFO - Total Duration: 109.58 seconds
2025-04-30 08:14:31 - INFO - ==============================
2025-04-30 20:10:05 - INFO - ==============================
2025-04-30 20:10:05 - INFO - Starting Automated Scrape Task
2025-04-30 20:10:05 - INFO - Download replays: Disabled
2025-04-30 20:10:05 - INFO - ==============================
2025-04-30 20:10:05 - INFO - Step 1: Loading existing game data...
2025-04-30 20:10:05 - INFO - Loading existing games data from basil_ladder_games.csv
2025-04-30 20:10:05 - INFO - Loaded 37854 games from existing database.
2025-04-30 20:10:05 - INFO - Step 2: Skipping syncing replay status.
2025-04-30 20:10:05 - INFO - Step 3: Fetching bot ratings...
2025-04-30 20:10:05 - INFO - Fetching master rating list from https://data.basil-ladder.net/stats/ranking.json...
2025-04-30 20:10:06 - INFO - Successfully loaded ratings for 290 bots from JSON.
2025-04-30 20:10:06 - INFO - Step 4: Extracting new games from BASIL ladder...
2025-04-30 20:10:06 - INFO - Fetching latest games from BASIL Ladder (Last 24h)...
2025-04-30 20:10:08 - INFO - Navigating to https://basil.bytekeeper.org/...
2025-04-30 20:10:09 - INFO - Waiting for page to load...
2025-04-30 20:10:09 - INFO - Clicking 'Last 24h' button...
2025-04-30 20:10:12 - INFO - Found 1281 games in the table
2025-04-30 20:11:21 - INFO - Browser closed.
2025-04-30 20:11:21 - INFO - Extracted data for 1281 games from the page.
2025-04-30 20:11:21 - INFO - Step 5: Updating games database with new games...
2025-04-30 20:11:21 - INFO - Attempting to update game database with newly scraped games...
2025-04-30 20:11:21 - INFO - Existing games in database: 37854
2025-04-30 20:11:21 - INFO - New games scraped: 1281
2025-04-30 20:11:35 - INFO - Found and skipped 585 duplicate game(s) already present in the database.
2025-04-30 20:11:35 - INFO - Found 696 new unique games.
2025-04-30 20:11:35 - INFO - Database size: 37854 -> 38550 (+696)
2025-04-30 20:11:35 - INFO - Database saved successfully to basil_ladder_games.csv
2025-04-30 20:11:35 - INFO - Step 6: Skipping replay download.
2025-04-30 20:11:35 - INFO - ==============================
2025-04-30 20:11:35 - INFO - Automated Scrape Task Finished
2025-04-30 20:11:35 - INFO - Outcome: SUCCESS
2025-04-30 20:11:35 - INFO - Total Duration: 90.03 seconds
2025-04-30 20:11:35 - INFO - ==============================
2025-05-01 08:12:30 - INFO - ==============================
2025-05-01 08:12:30 - INFO - Starting Automated Scrape Task
2025-05-01 08:12:30 - INFO - Download replays: Disabled
2025-05-01 08:12:30 - INFO - ==============================
2025-05-01 08:12:30 - INFO - Step 1: Loading existing game data...
2025-05-01 08:12:30 - INFO - Loading existing games data from basil_ladder_games.csv
2025-05-01 08:12:30 - INFO - Loaded 38550 games from existing database.
2025-05-01 08:12:30 - INFO - Step 2: Skipping syncing replay status.
2025-05-01 08:12:30 - INFO - Step 3: Fetching bot ratings...
2025-05-01 08:12:30 - INFO - Fetching master rating list from https://data.basil-ladder.net/stats/ranking.json...
2025-05-01 08:12:31 - INFO - Successfully loaded ratings for 290 bots from JSON.
2025-05-01 08:12:31 - INFO - Step 4: Extracting new games from BASIL ladder...
2025-05-01 08:12:31 - INFO - Fetching latest games from BASIL Ladder (Last 24h)...
2025-05-01 08:12:49 - INFO - Navigating to https://basil.bytekeeper.org/...
2025-05-01 08:12:51 - INFO - Waiting for page to load...
2025-05-01 08:12:51 - INFO - Clicking 'Last 24h' button...
2025-05-01 08:12:55 - INFO - Found 1260 games in the table
2025-05-01 08:14:05 - INFO - Browser closed.
2025-05-01 08:14:05 - INFO - Extracted data for 1260 games from the page.
2025-05-01 08:14:05 - INFO - Step 5: Updating games database with new games...
2025-05-01 08:14:05 - INFO - Attempting to update game database with newly scraped games...
2025-05-01 08:14:05 - INFO - Existing games in database: 38550
2025-05-01 08:14:05 - INFO - New games scraped: 1260
2025-05-01 08:14:19 - INFO - Found and skipped 709 duplicate game(s) already present in the database.
2025-05-01 08:14:19 - INFO - Found 551 new unique games.
2025-05-01 08:14:19 - INFO - Database size: 38550 -> 39101 (+551)
2025-05-01 08:14:19 - INFO - Database saved successfully to basil_ladder_games.csv
2025-05-01 08:14:19 - INFO - Step 6: Skipping replay download.
2025-05-01 08:14:19 - INFO - ==============================
2025-05-01 08:14:19 - INFO - Automated Scrape Task Finished
2025-05-01 08:14:19 - INFO - Outcome: SUCCESS
2025-05-01 08:14:19 - INFO - Total Duration: 108.98 seconds
2025-05-01 08:14:19 - INFO - ==============================
2025-05-01 20:09:49 - INFO - ==============================
2025-05-01 20:09:49 - INFO - Starting Automated Scrape Task
2025-05-01 20:09:49 - INFO - Download replays: Disabled
2025-05-01 20:09:49 - INFO - ==============================
2025-05-01 20:09:49 - INFO - Step 1: Loading existing game data...
2025-05-01 20:09:49 - INFO - Loading existing games data from basil_ladder_games.csv
2025-05-01 20:09:50 - INFO - Loaded 39101 games from existing database.
2025-05-01 20:09:50 - INFO - Step 2: Skipping syncing replay status.
2025-05-01 20:09:50 - INFO - Step 3: Fetching bot ratings...
2025-05-01 20:09:50 - INFO - Fetching master rating list from https://data.basil-ladder.net/stats/ranking.json...
2025-05-01 20:09:50 - INFO - Successfully loaded ratings for 290 bots from JSON.
2025-05-01 20:09:50 - INFO - Step 4: Extracting new games from BASIL ladder...
2025-05-01 20:09:50 - INFO - Fetching latest games from BASIL Ladder (Last 24h)...
2025-05-01 20:10:08 - INFO - Navigating to https://basil.bytekeeper.org/...
2025-05-01 20:10:10 - INFO - Waiting for page to load...
2025-05-01 20:10:10 - INFO - Clicking 'Last 24h' button...
2025-05-01 20:10:13 - INFO - Found 1224 games in the table
2025-05-01 20:11:21 - INFO - Browser closed.
2025-05-01 20:11:21 - INFO - Extracted data for 1224 games from the page.
2025-05-01 20:11:21 - INFO - Step 5: Updating games database with new games...
2025-05-01 20:11:21 - INFO - Attempting to update game database with newly scraped games...
2025-05-01 20:11:21 - INFO - Existing games in database: 39101
2025-05-01 20:11:21 - INFO - New games scraped: 1224
2025-05-01 20:11:35 - INFO - Found and skipped 560 duplicate game(s) already present in the database.
2025-05-01 20:11:35 - INFO - Found 664 new unique games.
2025-05-01 20:11:35 - INFO - Database size: 39101 -> 39765 (+664)
2025-05-01 20:11:35 - INFO - Database saved successfully to basil_ladder_games.csv
2025-05-01 20:11:35 - INFO - Step 6: Skipping replay download.
2025-05-01 20:11:35 - INFO - ==============================
2025-05-01 20:11:35 - INFO - Automated Scrape Task Finished
2025-05-01 20:11:35 - INFO - Outcome: SUCCESS
2025-05-01 20:11:35 - INFO - Total Duration: 105.54 seconds
2025-05-01 20:11:35 - INFO - ==============================
2025-05-02 08:12:22 - INFO - ==============================
2025-05-02 08:12:22 - INFO - Starting Automated Scrape Task
2025-05-02 08:12:22 - INFO - Download replays: Disabled
2025-05-02 08:12:22 - INFO - ==============================
2025-05-02 08:12:22 - INFO - Step 1: Loading existing game data...
2025-05-02 08:12:22 - INFO - Loading existing games data from basil_ladder_games.csv
2025-05-02 08:12:22 - INFO - Loaded 39765 games from existing database.
2025-05-02 08:12:22 - INFO - Step 2: Skipping syncing replay status.
2025-05-02 08:12:22 - INFO - Step 3: Fetching bot ratings...
2025-05-02 08:12:22 - INFO - Fetching master rating list from https://data.basil-ladder.net/stats/ranking.json...
2025-05-02 08:12:23 - INFO - Successfully loaded ratings for 290 bots from JSON.
2025-05-02 08:12:23 - INFO - Step 4: Extracting new games from BASIL ladder...
2025-05-02 08:12:23 - INFO - Fetching latest games from BASIL Ladder (Last 24h)...
2025-05-02 08:12:32 - INFO - Navigating to https://basil.bytekeeper.org/...
2025-05-02 08:12:33 - INFO - Waiting for page to load...
2025-05-02 08:12:33 - INFO - Clicking 'Last 24h' button...
2025-05-02 08:12:37 - INFO - Found 1176 games in the table
2025-05-02 08:13:42 - INFO - Browser closed.
2025-05-02 08:13:42 - INFO - Extracted data for 1176 games from the page.
2025-05-02 08:13:42 - INFO - Step 5: Updating games database with new games...
2025-05-02 08:13:42 - INFO - Attempting to update game database with newly scraped games...
2025-05-02 08:13:42 - INFO - Existing games in database: 39765
2025-05-02 08:13:42 - INFO - New games scraped: 1176
2025-05-02 08:13:54 - INFO - Found and skipped 679 duplicate game(s) already present in the database.
2025-05-02 08:13:54 - INFO - Found 497 new unique games.
2025-05-02 08:13:54 - INFO - Database size: 39765 -> 40262 (+497)
2025-05-02 08:13:55 - INFO - Database saved successfully to basil_ladder_games.csv
2025-05-02 08:13:55 - INFO - Step 6: Skipping replay download.
2025-05-02 08:13:55 - INFO - ==============================
2025-05-02 08:13:55 - INFO - Automated Scrape Task Finished
2025-05-02 08:13:55 - INFO - Outcome: SUCCESS
2025-05-02 08:13:55 - INFO - Total Duration: 92.33 seconds
2025-05-02 08:13:55 - INFO - ==============================
2025-05-02 20:09:58 - INFO - ==============================
2025-05-02 20:09:58 - INFO - Starting Automated Scrape Task
2025-05-02 20:09:58 - INFO - Download replays: Disabled
2025-05-02 20:09:58 - INFO - ==============================
2025-05-02 20:09:58 - INFO - Step 1: Loading existing game data...
2025-05-02 20:09:58 - INFO - Loading existing games data from basil_ladder_games.csv
2025-05-02 20:09:58 - INFO - Loaded 40262 games from existing database.
2025-05-02 20:09:58 - INFO - Step 2: Skipping syncing replay status.
2025-05-02 20:09:58 - INFO - Step 3: Fetching bot ratings...
2025-05-02 20:09:58 - INFO - Fetching master rating list from https://data.basil-ladder.net/stats/ranking.json...
2025-05-02 20:09:59 - INFO - Successfully loaded ratings for 290 bots from JSON.
2025-05-02 20:09:59 - INFO - Step 4: Extracting new games from BASIL ladder...
2025-05-02 20:09:59 - INFO - Fetching latest games from BASIL Ladder (Last 24h)...
2025-05-02 20:10:02 - INFO - Navigating to https://basil.bytekeeper.org/...
2025-05-02 20:10:03 - INFO - Waiting for page to load...
2025-05-02 20:10:03 - INFO - Clicking 'Last 24h' button...
2025-05-02 20:10:06 - INFO - Found 1214 games in the table
2025-05-02 20:11:12 - INFO - Browser closed.
2025-05-02 20:11:12 - INFO - Extracted data for 1214 games from the page.
2025-05-02 20:11:12 - INFO - Step 5: Updating games database with new games...
2025-05-02 20:11:12 - INFO - Attempting to update game database with newly scraped games...
2025-05-02 20:11:12 - INFO - Existing games in database: 40262
2025-05-02 20:11:12 - INFO - New games scraped: 1214
2025-05-02 20:11:26 - INFO - Found and skipped 540 duplicate game(s) already present in the database.
2025-05-02 20:11:26 - INFO - Found 674 new unique games.
2025-05-02 20:11:26 - INFO - Database size: 40262 -> 40936 (+674)
2025-05-02 20:11:26 - INFO - Database saved successfully to basil_ladder_games.csv
2025-05-02 20:11:26 - INFO - Step 6: Skipping replay download.
2025-05-02 20:11:26 - INFO - ==============================
2025-05-02 20:11:26 - INFO - Automated Scrape Task Finished
2025-05-02 20:11:26 - INFO - Outcome: SUCCESS
2025-05-02 20:11:26 - INFO - Total Duration: 88.23 seconds
2025-05-02 20:11:26 - INFO - ==============================
2025-05-03 08:10:29 - INFO - ==============================
2025-05-03 08:10:29 - INFO - Starting Automated Scrape Task
2025-05-03 08:10:29 - INFO - Download replays: Disabled
2025-05-03 08:10:29 - INFO - ==============================
2025-05-03 08:10:29 - INFO - Step 1: Loading existing game data...
2025-05-03 08:10:29 - INFO - Loading existing games data from basil_ladder_games.csv
2025-05-03 08:10:29 - INFO - Loaded 40936 games from existing database.
2025-05-03 08:10:29 - INFO - Step 2: Skipping syncing replay status.
2025-05-03 08:10:29 - INFO - Step 3: Fetching bot ratings...
2025-05-03 08:10:29 - INFO - Fetching master rating list from https://data.basil-ladder.net/stats/ranking.json...
2025-05-03 08:10:29 - INFO - Successfully loaded ratings for 290 bots from JSON.
2025-05-03 08:10:29 - INFO - Step 4: Extracting new games from BASIL ladder...
2025-05-03 08:10:29 - INFO - Fetching latest games from BASIL Ladder (Last 24h)...
2025-05-03 08:10:31 - INFO - Navigating to https://basil.bytekeeper.org/...
2025-05-03 08:10:32 - INFO - Waiting for page to load...
2025-05-03 08:10:32 - INFO - Clicking 'Last 24h' button...
2025-05-03 08:10:35 - INFO - Found 1204 games in the table
2025-05-03 08:11:42 - INFO - Browser closed.
2025-05-03 08:11:42 - INFO - Extracted data for 1204 games from the page.
2025-05-03 08:11:42 - INFO - Step 5: Updating games database with new games...
2025-05-03 08:11:42 - INFO - Attempting to update game database with newly scraped games...
2025-05-03 08:11:42 - INFO - Existing games in database: 40936
2025-05-03 08:11:42 - INFO - New games scraped: 1204
2025-05-03 08:11:55 - INFO - Found and skipped 685 duplicate game(s) already present in the database.
2025-05-03 08:11:55 - INFO - Found 519 new unique games.
2025-05-03 08:11:55 - INFO - Database size: 40936 -> 41455 (+519)
2025-05-03 08:11:56 - INFO - Database saved successfully to basil_ladder_games.csv
2025-05-03 08:11:56 - INFO - Step 6: Skipping replay download.
2025-05-03 08:11:56 - INFO - ==============================
2025-05-03 08:11:56 - INFO - Automated Scrape Task Finished
2025-05-03 08:11:56 - INFO - Outcome: SUCCESS
2025-05-03 08:11:56 - INFO - Total Duration: 86.92 seconds
2025-05-03 08:11:56 - INFO - ==============================
2025-05-03 20:08:46 - INFO - ==============================
2025-05-03 20:08:46 - INFO - Starting Automated Scrape Task
2025-05-03 20:08:46 - INFO - Download replays: Disabled
2025-05-03 20:08:46 - INFO - ==============================
2025-05-03 20:08:46 - INFO - Step 1: Loading existing game data...
2025-05-03 20:08:46 - INFO - Loading existing games data from basil_ladder_games.csv
2025-05-03 20:08:46 - INFO - Loaded 41455 games from existing database.
2025-05-03 20:08:46 - INFO - Step 2: Skipping syncing replay status.
2025-05-03 20:08:46 - INFO - Step 3: Fetching bot ratings...
2025-05-03 20:08:46 - INFO - Fetching master rating list from https://data.basil-ladder.net/stats/ranking.json...
2025-05-03 20:08:47 - INFO - Successfully loaded ratings for 290 bots from JSON.
2025-05-03 20:08:47 - INFO - Step 4: Extracting new games from BASIL ladder...
2025-05-03 20:08:47 - INFO - Fetching latest games from BASIL Ladder (Last 24h)...
2025-05-03 20:08:48 - INFO - Navigating to https://basil.bytekeeper.org/...
2025-05-03 20:08:48 - INFO - Waiting for page to load...
2025-05-03 20:08:48 - INFO - Clicking 'Last 24h' button...
2025-05-03 20:08:51 - INFO - Found 1181 games in the table
2025-05-03 20:09:56 - INFO - Browser closed.
2025-05-03 20:09:56 - INFO - Extracted data for 1181 games from the page.
2025-05-03 20:09:56 - INFO - Step 5: Updating games database with new games...
2025-05-03 20:09:56 - INFO - Attempting to update game database with newly scraped games...
2025-05-03 20:09:56 - INFO - Existing games in database: 41455
2025-05-03 20:09:56 - INFO - New games scraped: 1181
2025-05-03 20:10:10 - INFO - Found and skipped 533 duplicate game(s) already present in the database.
2025-05-03 20:10:10 - INFO - Found 648 new unique games.
2025-05-03 20:10:10 - INFO - Database size: 41455 -> 42103 (+648)
2025-05-03 20:10:10 - INFO - Database saved successfully to basil_ladder_games.csv
2025-05-03 20:10:10 - INFO - Step 6: Skipping replay download.
2025-05-03 20:10:10 - INFO - ==============================
2025-05-03 20:10:10 - INFO - Automated Scrape Task Finished
2025-05-03 20:10:10 - INFO - Outcome: SUCCESS
2025-05-03 20:10:10 - INFO - Total Duration: 83.79 seconds
2025-05-03 20:10:10 - INFO - ==============================
2025-05-04 08:10:36 - INFO - ==============================
2025-05-04 08:10:36 - INFO - Starting Automated Scrape Task
2025-05-04 08:10:36 - INFO - Download replays: Disabled
2025-05-04 08:10:36 - INFO - ==============================
2025-05-04 08:10:36 - INFO - Step 1: Loading existing game data...
2025-05-04 08:10:36 - INFO - Loading existing games data from basil_ladder_games.csv
2025-05-04 08:10:36 - INFO - Loaded 42103 games from existing database.
2025-05-04 08:10:36 - INFO - Step 2: Skipping syncing replay status.
2025-05-04 08:10:36 - INFO - Step 3: Fetching bot ratings...
2025-05-04 08:10:36 - INFO - Fetching master rating list from https://data.basil-ladder.net/stats/ranking.json...
2025-05-04 08:10:36 - INFO - Successfully loaded ratings for 290 bots from JSON.
2025-05-04 08:10:36 - INFO - Step 4: Extracting new games from BASIL ladder...
2025-05-04 08:10:36 - INFO - Fetching latest games from BASIL Ladder (Last 24h)...
2025-05-04 08:10:37 - INFO - Navigating to https://basil.bytekeeper.org/...
2025-05-04 08:10:37 - INFO - Waiting for page to load...
2025-05-04 08:10:38 - INFO - Clicking 'Last 24h' button...
2025-05-04 08:10:41 - INFO - Found 1145 games in the table
2025-05-04 08:11:43 - INFO - Browser closed.
2025-05-04 08:11:43 - INFO - Extracted data for 1145 games from the page.
2025-05-04 08:11:43 - INFO - Step 5: Updating games database with new games...
2025-05-04 08:11:43 - INFO - Attempting to update game database with newly scraped games...
2025-05-04 08:11:43 - INFO - Existing games in database: 42103
2025-05-04 08:11:43 - INFO - New games scraped: 1145
2025-05-04 08:11:57 - INFO - Found and skipped 662 duplicate game(s) already present in the database.
2025-05-04 08:11:57 - INFO - Found 483 new unique games.
2025-05-04 08:11:57 - INFO - Database size: 42103 -> 42586 (+483)
2025-05-04 08:11:57 - INFO - Database saved successfully to basil_ladder_games.csv
2025-05-04 08:11:57 - INFO - Step 6: Skipping replay download.
2025-05-04 08:11:57 - INFO - ==============================
2025-05-04 08:11:57 - INFO - Automated Scrape Task Finished
2025-05-04 08:11:57 - INFO - Outcome: SUCCESS
2025-05-04 08:11:57 - INFO - Total Duration: 81.35 seconds
2025-05-04 08:11:57 - INFO - ==============================
2025-05-04 20:09:01 - INFO - ==============================
2025-05-04 20:09:01 - INFO - Starting Automated Scrape Task
2025-05-04 20:09:01 - INFO - Download replays: Disabled
2025-05-04 20:09:01 - INFO - ==============================
2025-05-04 20:09:01 - INFO - Step 1: Loading existing game data...
2025-05-04 20:09:01 - INFO - Loading existing games data from basil_ladder_games.csv
2025-05-04 20:09:01 - INFO - Loaded 42586 games from existing database.
2025-05-04 20:09:01 - INFO - Step 2: Skipping syncing replay status.
2025-05-04 20:09:01 - INFO - Step 3: Fetching bot ratings...
2025-05-04 20:09:01 - INFO - Fetching master rating list from https://data.basil-ladder.net/stats/ranking.json...
2025-05-04 20:09:02 - INFO - Successfully loaded ratings for 290 bots from JSON.
2025-05-04 20:09:02 - INFO - Step 4: Extracting new games from BASIL ladder...
2025-05-04 20:09:02 - INFO - Fetching latest games from BASIL Ladder (Last 24h)...
2025-05-04 20:09:03 - INFO - Navigating to https://basil.bytekeeper.org/...
2025-05-04 20:09:03 - INFO - Waiting for page to load...
2025-05-04 20:09:03 - INFO - Clicking 'Last 24h' button...
2025-05-04 20:09:06 - INFO - Found 1117 games in the table
2025-05-04 20:10:07 - INFO - Browser closed.
2025-05-04 20:10:07 - INFO - Extracted data for 1117 games from the page.
2025-05-04 20:10:07 - INFO - Step 5: Updating games database with new games...
2025-05-04 20:10:07 - INFO - Attempting to update game database with newly scraped games...
2025-05-04 20:10:07 - INFO - Existing games in database: 42586
2025-05-04 20:10:07 - INFO - New games scraped: 1117
2025-05-04 20:10:20 - INFO - Found and skipped 471 duplicate game(s) already present in the database.
2025-05-04 20:10:20 - INFO - Found 646 new unique games.
2025-05-04 20:10:20 - INFO - Database size: 42586 -> 43232 (+646)
2025-05-04 20:10:20 - INFO - Database saved successfully to basil_ladder_games.csv
2025-05-04 20:10:20 - INFO - Step 6: Skipping replay download.
2025-05-04 20:10:20 - INFO - ==============================
2025-05-04 20:10:20 - INFO - Automated Scrape Task Finished
2025-05-04 20:10:20 - INFO - Outcome: SUCCESS
2025-05-04 20:10:20 - INFO - Total Duration: 78.68 seconds
2025-05-04 20:10:20 - INFO - ==============================
2025-05-05 08:13:52 - INFO - ==============================
2025-05-05 08:13:52 - INFO - Starting Automated Scrape Task
2025-05-05 08:13:52 - INFO - Download replays: Disabled
2025-05-05 08:13:52 - INFO - ==============================
2025-05-05 08:13:52 - INFO - Step 1: Loading existing game data...
2025-05-05 08:13:52 - INFO - Loading existing games data from basil_ladder_games.csv
2025-05-05 08:13:52 - INFO - Loaded 43232 games from existing database.
2025-05-05 08:13:52 - INFO - Step 2: Skipping syncing replay status.
2025-05-05 08:13:52 - INFO - Step 3: Fetching bot ratings...
2025-05-05 08:13:52 - INFO - Fetching master rating list from https://data.basil-ladder.net/stats/ranking.json...
2025-05-05 08:13:52 - INFO - Successfully loaded ratings for 290 bots from JSON.
2025-05-05 08:13:52 - INFO - Step 4: Extracting new games from BASIL ladder...
2025-05-05 08:13:52 - INFO - Fetching latest games from BASIL Ladder (Last 24h)...
2025-05-05 08:14:10 - INFO - Navigating to https://basil.bytekeeper.org/...
2025-05-05 08:14:12 - INFO - Waiting for page to load...
2025-05-05 08:14:12 - INFO - Clicking 'Last 24h' button...
2025-05-05 08:14:16 - INFO - Found 1231 games in the table
2025-05-05 08:15:24 - INFO - Browser closed.
2025-05-05 08:15:24 - INFO - Extracted data for 1231 games from the page.
2025-05-05 08:15:24 - INFO - Step 5: Updating games database with new games...
2025-05-05 08:15:24 - INFO - Attempting to update game database with newly scraped games...
2025-05-05 08:15:24 - INFO - Existing games in database: 43232
2025-05-05 08:15:24 - INFO - New games scraped: 1231
2025-05-05 08:15:38 - INFO - Found and skipped 656 duplicate game(s) already present in the database.
2025-05-05 08:15:38 - INFO - Found 575 new unique games.
2025-05-05 08:15:38 - INFO - Database size: 43232 -> 43807 (+575)
2025-05-05 08:15:39 - INFO - Database saved successfully to basil_ladder_games.csv
2025-05-05 08:15:39 - INFO - Step 6: Skipping replay download.
2025-05-05 08:15:39 - INFO - ==============================
2025-05-05 08:15:39 - INFO - Automated Scrape Task Finished
2025-05-05 08:15:39 - INFO - Outcome: SUCCESS
2025-05-05 08:15:39 - INFO - Total Duration: 106.85 seconds
2025-05-05 08:15:39 - INFO - ==============================
2025-05-05 20:10:13 - INFO - ==============================
2025-05-05 20:10:13 - INFO - Starting Automated Scrape Task
2025-05-05 20:10:13 - INFO - Download replays: Disabled
2025-05-05 20:10:13 - INFO - ==============================
2025-05-05 20:10:13 - INFO - Step 1: Loading existing game data...
2025-05-05 20:10:13 - INFO - Loading existing games data from basil_ladder_games.csv
2025-05-05 20:10:13 - INFO - Loaded 43807 games from existing database.
2025-05-05 20:10:13 - INFO - Step 2: Skipping syncing replay status.
2025-05-05 20:10:13 - INFO - Step 3: Fetching bot ratings...
2025-05-05 20:10:13 - INFO - Fetching master rating list from https://data.basil-ladder.net/stats/ranking.json...
2025-05-05 20:10:14 - INFO - Successfully loaded ratings for 290 bots from JSON.
2025-05-05 20:10:14 - INFO - Step 4: Extracting new games from BASIL ladder...
2025-05-05 20:10:14 - INFO - Fetching latest games from BASIL Ladder (Last 24h)...
2025-05-05 20:10:35 - INFO - Navigating to https://basil.bytekeeper.org/...
2025-05-05 20:10:37 - INFO - Waiting for page to load...
2025-05-05 20:10:37 - INFO - Clicking 'Last 24h' button...
2025-05-05 20:10:41 - INFO - Found 1316 games in the table
2025-05-05 20:11:53 - INFO - Browser closed.
2025-05-05 20:11:53 - INFO - Extracted data for 1316 games from the page.
2025-05-05 20:11:53 - INFO - Step 5: Updating games database with new games...
2025-05-05 20:11:53 - INFO - Attempting to update game database with newly scraped games...
2025-05-05 20:11:53 - INFO - Existing games in database: 43807
2025-05-05 20:11:53 - INFO - New games scraped: 1316
2025-05-05 20:12:09 - INFO - Found and skipped 590 duplicate game(s) already present in the database.
2025-05-05 20:12:09 - INFO - Found 726 new unique games.
2025-05-05 20:12:09 - INFO - Database size: 43807 -> 44533 (+726)
2025-05-05 20:12:09 - INFO - Database saved successfully to basil_ladder_games.csv
2025-05-05 20:12:09 - INFO - Step 6: Skipping replay download.
2025-05-05 20:12:09 - INFO - ==============================
2025-05-05 20:12:09 - INFO - Automated Scrape Task Finished
2025-05-05 20:12:09 - INFO - Outcome: SUCCESS
2025-05-05 20:12:09 - INFO - Total Duration: 116.03 seconds
2025-05-05 20:12:09 - INFO - ==============================
2025-05-06 08:13:22 - INFO - ==============================
2025-05-06 08:13:22 - INFO - Starting Automated Scrape Task
2025-05-06 08:13:22 - INFO - Download replays: Disabled
2025-05-06 08:13:22 - INFO - ==============================
2025-05-06 08:13:22 - INFO - Step 1: Loading existing game data...
2025-05-06 08:13:22 - INFO - Loading existing games data from basil_ladder_games.csv
2025-05-06 08:13:22 - INFO - Loaded 44533 games from existing database.
2025-05-06 08:13:22 - INFO - Step 2: Skipping syncing replay status.
2025-05-06 08:13:22 - INFO - Step 3: Fetching bot ratings...
2025-05-06 08:13:22 - INFO - Fetching master rating list from https://data.basil-ladder.net/stats/ranking.json...
2025-05-06 08:13:23 - INFO - Successfully loaded ratings for 290 bots from JSON.
2025-05-06 08:13:23 - INFO - Step 4: Extracting new games from BASIL ladder...
2025-05-06 08:13:23 - INFO - Fetching latest games from BASIL Ladder (Last 24h)...
2025-05-06 08:13:24 - INFO - Navigating to https://basil.bytekeeper.org/...
2025-05-06 08:13:25 - INFO - Waiting for page to load...
2025-05-06 08:13:25 - INFO - Clicking 'Last 24h' button...
2025-05-06 08:13:28 - INFO - Found 1249 games in the table
2025-05-06 08:14:37 - INFO - Browser closed.
2025-05-06 08:14:37 - INFO - Extracted data for 1249 games from the page.
2025-05-06 08:14:37 - INFO - Step 5: Updating games database with new games...
2025-05-06 08:14:37 - INFO - Attempting to update game database with newly scraped games...
2025-05-06 08:14:37 - INFO - Existing games in database: 44533
2025-05-06 08:14:37 - INFO - New games scraped: 1249
2025-05-06 08:14:52 - INFO - Found and skipped 742 duplicate game(s) already present in the database.
2025-05-06 08:14:52 - INFO - Found 507 new unique games.
2025-05-06 08:14:52 - INFO - Database size: 44533 -> 45040 (+507)
2025-05-06 08:14:52 - INFO - Database saved successfully to basil_ladder_games.csv
2025-05-06 08:14:52 - INFO - Step 6: Skipping replay download.
2025-05-06 08:14:52 - INFO - ==============================
2025-05-06 08:14:52 - INFO - Automated Scrape Task Finished
2025-05-06 08:14:52 - INFO - Outcome: SUCCESS
2025-05-06 08:14:52 - INFO - Total Duration: 90.69 seconds
2025-05-06 08:14:52 - INFO - ==============================
2025-05-06 20:10:05 - INFO - ==============================
2025-05-06 20:10:05 - INFO - Starting Automated Scrape Task
2025-05-06 20:10:05 - INFO - Download replays: Disabled
2025-05-06 20:10:05 - INFO - ==============================
2025-05-06 20:10:05 - INFO - Step 1: Loading existing game data...
2025-05-06 20:10:05 - INFO - Loading existing games data from basil_ladder_games.csv
2025-05-06 20:10:05 - INFO - Loaded 45040 games from existing database.
2025-05-06 20:10:05 - INFO - Step 2: Skipping syncing replay status.
2025-05-06 20:10:05 - INFO - Step 3: Fetching bot ratings...
2025-05-06 20:10:05 - INFO - Fetching master rating list from https://data.basil-ladder.net/stats/ranking.json...
2025-05-06 20:10:06 - INFO - Successfully loaded ratings for 290 bots from JSON.
2025-05-06 20:10:06 - INFO - Step 4: Extracting new games from BASIL ladder...
2025-05-06 20:10:06 - INFO - Fetching latest games from BASIL Ladder (Last 24h)...
2025-05-06 20:10:08 - INFO - Navigating to https://basil.bytekeeper.org/...
2025-05-06 20:10:09 - INFO - Waiting for page to load...
2025-05-06 20:10:09 - INFO - Clicking 'Last 24h' button...
2025-05-06 20:10:13 - INFO - Found 1167 games in the table
2025-05-06 20:11:22 - INFO - Browser closed.
2025-05-06 20:11:22 - INFO - Extracted data for 1167 games from the page.
2025-05-06 20:11:22 - INFO - Step 5: Updating games database with new games...
2025-05-06 20:11:22 - INFO - Attempting to update game database with newly scraped games...
2025-05-06 20:11:22 - INFO - Existing games in database: 45040
2025-05-06 20:11:22 - INFO - New games scraped: 1167
2025-05-06 20:11:37 - INFO - Found and skipped 525 duplicate game(s) already present in the database.
2025-05-06 20:11:37 - INFO - Found 642 new unique games.
2025-05-06 20:11:37 - INFO - Database size: 45040 -> 45682 (+642)
2025-05-06 20:11:37 - INFO - Database saved successfully to basil_ladder_games.csv
2025-05-06 20:11:37 - INFO - Step 6: Skipping replay download.
2025-05-06 20:11:37 - INFO - ==============================
2025-05-06 20:11:37 - INFO - Automated Scrape Task Finished
2025-05-06 20:11:37 - INFO - Outcome: SUCCESS
2025-05-06 20:11:37 - INFO - Total Duration: 91.90 seconds
2025-05-06 20:11:37 - INFO - ==============================
2025-05-07 08:13:29 - INFO - ==============================
2025-05-07 08:13:29 - INFO - Starting Automated Scrape Task
2025-05-07 08:13:29 - INFO - Download replays: Disabled
2025-05-07 08:13:29 - INFO - ==============================
2025-05-07 08:13:29 - INFO - Step 1: Loading existing game data...
2025-05-07 08:13:29 - INFO - Loading existing games data from basil_ladder_games.csv
2025-05-07 08:13:29 - INFO - Loaded 45682 games from existing database.
2025-05-07 08:13:29 - INFO - Step 2: Skipping syncing replay status.
2025-05-07 08:13:29 - INFO - Step 3: Fetching bot ratings...
2025-05-07 08:13:29 - INFO - Fetching master rating list from https://data.basil-ladder.net/stats/ranking.json...
2025-05-07 08:13:30 - INFO - Successfully loaded ratings for 290 bots from JSON.
2025-05-07 08:13:30 - INFO - Step 4: Extracting new games from BASIL ladder...
2025-05-07 08:13:30 - INFO - Fetching latest games from BASIL Ladder (Last 24h)...
2025-05-07 08:13:31 - INFO - Navigating to https://basil.bytekeeper.org/...
2025-05-07 08:13:32 - INFO - Waiting for page to load...
2025-05-07 08:13:32 - INFO - Clicking 'Last 24h' button...
2025-05-07 08:13:35 - INFO - Found 1183 games in the table
2025-05-07 08:14:40 - INFO - Browser closed.
2025-05-07 08:14:40 - INFO - Extracted data for 1183 games from the page.
2025-05-07 08:14:40 - INFO - Step 5: Updating games database with new games...
2025-05-07 08:14:40 - INFO - Attempting to update game database with newly scraped games...
2025-05-07 08:14:40 - INFO - Existing games in database: 45682
2025-05-07 08:14:40 - INFO - New games scraped: 1183
2025-05-07 08:14:54 - INFO - Found and skipped 659 duplicate game(s) already present in the database.
2025-05-07 08:14:54 - INFO - Found 524 new unique games.
2025-05-07 08:14:54 - INFO - Database size: 45682 -> 46206 (+524)
2025-05-07 08:14:55 - INFO - Database saved successfully to basil_ladder_games.csv
2025-05-07 08:14:55 - INFO - Step 6: Skipping replay download.
2025-05-07 08:14:55 - INFO - ==============================
2025-05-07 08:14:55 - INFO - Automated Scrape Task Finished
2025-05-07 08:14:55 - INFO - Outcome: SUCCESS
2025-05-07 08:14:55 - INFO - Total Duration: 85.58 seconds
2025-05-07 08:14:55 - INFO - ==============================
2025-05-07 20:09:58 - INFO - ==============================
2025-05-07 20:09:58 - INFO - Starting Automated Scrape Task
2025-05-07 20:09:58 - INFO - Download replays: Disabled
2025-05-07 20:09:58 - INFO - ==============================
2025-05-07 20:09:58 - INFO - Step 1: Loading existing game data...
2025-05-07 20:09:58 - INFO - Loading existing games data from basil_ladder_games.csv
2025-05-07 20:09:58 - INFO - Loaded 46206 games from existing database.
2025-05-07 20:09:58 - INFO - Step 2: Skipping syncing replay status.
2025-05-07 20:09:58 - INFO - Step 3: Fetching bot ratings...
2025-05-07 20:09:58 - INFO - Fetching master rating list from https://data.basil-ladder.net/stats/ranking.json...
2025-05-07 20:09:59 - INFO - Successfully loaded ratings for 290 bots from JSON.
2025-05-07 20:09:59 - INFO - Step 4: Extracting new games from BASIL ladder...
2025-05-07 20:09:59 - INFO - Fetching latest games from BASIL Ladder (Last 24h)...
2025-05-07 20:10:07 - INFO - Navigating to https://basil.bytekeeper.org/...
2025-05-07 20:10:08 - INFO - Waiting for page to load...
2025-05-07 20:10:09 - INFO - Clicking 'Last 24h' button...
2025-05-07 20:10:12 - INFO - Found 1228 games in the table
2025-05-07 20:11:19 - INFO - Browser closed.
2025-05-07 20:11:19 - INFO - Extracted data for 1228 games from the page.
2025-05-07 20:11:19 - INFO - Step 5: Updating games database with new games...
2025-05-07 20:11:19 - INFO - Attempting to update game database with newly scraped games...
2025-05-07 20:11:19 - INFO - Existing games in database: 46206
2025-05-07 20:11:19 - INFO - New games scraped: 1228
2025-05-07 20:11:34 - INFO - Found and skipped 542 duplicate game(s) already present in the database.
2025-05-07 20:11:34 - INFO - Found 686 new unique games.
2025-05-07 20:11:34 - INFO - Database size: 46206 -> 46892 (+686)
2025-05-07 20:11:35 - INFO - Database saved successfully to basil_ladder_games.csv
2025-05-07 20:11:35 - INFO - Step 6: Skipping replay download.
2025-05-07 20:11:35 - INFO - ==============================
2025-05-07 20:11:35 - INFO - Automated Scrape Task Finished
2025-05-07 20:11:35 - INFO - Outcome: SUCCESS
2025-05-07 20:11:35 - INFO - Total Duration: 96.81 seconds
2025-05-07 20:11:35 - INFO - ==============================
2025-05-08 08:12:52 - INFO - ==============================
2025-05-08 08:12:52 - INFO - Starting Automated Scrape Task
2025-05-08 08:12:52 - INFO - Download replays: Disabled
2025-05-08 08:12:52 - INFO - ==============================
2025-05-08 08:12:52 - INFO - Step 1: Loading existing game data...
2025-05-08 08:12:52 - INFO - Loading existing games data from basil_ladder_games.csv
2025-05-08 08:12:53 - INFO - Loaded 46892 games from existing database.
2025-05-08 08:12:53 - INFO - Step 2: Skipping syncing replay status.
2025-05-08 08:12:53 - INFO - Step 3: Fetching bot ratings...
2025-05-08 08:12:53 - INFO - Fetching master rating list from https://data.basil-ladder.net/stats/ranking.json...
2025-05-08 08:12:54 - INFO - Successfully loaded ratings for 290 bots from JSON.
2025-05-08 08:12:54 - INFO - Step 4: Extracting new games from BASIL ladder...
2025-05-08 08:12:54 - INFO - Fetching latest games from BASIL Ladder (Last 24h)...
2025-05-08 08:12:55 - INFO - Navigating to https://basil.bytekeeper.org/...
2025-05-08 08:12:56 - INFO - Waiting for page to load...
2025-05-08 08:12:56 - INFO - Clicking 'Last 24h' button...
2025-05-08 08:12:59 - INFO - Found 1264 games in the table
2025-05-08 08:14:11 - INFO - Browser closed.
2025-05-08 08:14:11 - INFO - Extracted data for 1264 games from the page.
2025-05-08 08:14:11 - INFO - Step 5: Updating games database with new games...
2025-05-08 08:14:11 - INFO - Attempting to update game database with newly scraped games...
2025-05-08 08:14:11 - INFO - Existing games in database: 46892
2025-05-08 08:14:11 - INFO - New games scraped: 1264
2025-05-08 08:14:27 - INFO - Found and skipped 735 duplicate game(s) already present in the database.
2025-05-08 08:14:27 - INFO - Found 529 new unique games.
2025-05-08 08:14:27 - INFO - Database size: 46892 -> 47421 (+529)
2025-05-08 08:14:28 - INFO - Database saved successfully to basil_ladder_games.csv
2025-05-08 08:14:28 - INFO - Step 6: Skipping replay download.
2025-05-08 08:14:28 - INFO - ==============================
2025-05-08 08:14:28 - INFO - Automated Scrape Task Finished
2025-05-08 08:14:28 - INFO - Outcome: SUCCESS
2025-05-08 08:14:28 - INFO - Total Duration: 95.17 seconds
2025-05-08 08:14:28 - INFO - ==============================
2025-05-08 20:10:28 - INFO - ==============================
2025-05-08 20:10:28 - INFO - Starting Automated Scrape Task
2025-05-08 20:10:28 - INFO - Download replays: Disabled
2025-05-08 20:10:28 - INFO - ==============================
2025-05-08 20:10:28 - INFO - Step 1: Loading existing game data...
2025-05-08 20:10:28 - INFO - Loading existing games data from basil_ladder_games.csv
2025-05-08 20:10:28 - INFO - Loaded 47421 games from existing database.
2025-05-08 20:10:28 - INFO - Step 2: Skipping syncing replay status.
2025-05-08 20:10:28 - INFO - Step 3: Fetching bot ratings...
2025-05-08 20:10:28 - INFO - Fetching master rating list from https://data.basil-ladder.net/stats/ranking.json...
2025-05-08 20:10:29 - INFO - Successfully loaded ratings for 290 bots from JSON.
2025-05-08 20:10:29 - INFO - Step 4: Extracting new games from BASIL ladder...
2025-05-08 20:10:29 - INFO - Fetching latest games from BASIL Ladder (Last 24h)...
2025-05-08 20:10:30 - INFO - Navigating to https://basil.bytekeeper.org/...
2025-05-08 20:10:31 - INFO - Waiting for page to load...
2025-05-08 20:10:31 - INFO - Clicking 'Last 24h' button...
2025-05-08 20:10:34 - INFO - Found 1254 games in the table
2025-05-08 20:11:42 - INFO - Browser closed.
2025-05-08 20:11:42 - INFO - Extracted data for 1254 games from the page.
2025-05-08 20:11:42 - INFO - Step 5: Updating games database with new games...
2025-05-08 20:11:42 - INFO - Attempting to update game database with newly scraped games...
2025-05-08 20:11:42 - INFO - Existing games in database: 47421
2025-05-08 20:11:42 - INFO - New games scraped: 1254
2025-05-08 20:11:58 - INFO - Found and skipped 544 duplicate game(s) already present in the database.
2025-05-08 20:11:58 - INFO - Found 710 new unique games.
2025-05-08 20:11:58 - INFO - Database size: 47421 -> 48131 (+710)
2025-05-08 20:11:59 - INFO - Database saved successfully to basil_ladder_games.csv
2025-05-08 20:11:59 - INFO - Step 6: Skipping replay download.
2025-05-08 20:11:59 - INFO - ==============================
2025-05-08 20:11:59 - INFO - Automated Scrape Task Finished
2025-05-08 20:11:59 - INFO - Outcome: SUCCESS
2025-05-08 20:11:59 - INFO - Total Duration: 90.14 seconds
2025-05-08 20:11:59 - INFO - ==============================
2025-05-09 08:12:23 - INFO - ==============================
2025-05-09 08:12:23 - INFO - Starting Automated Scrape Task
2025-05-09 08:12:23 - INFO - Download replays: Disabled
2025-05-09 08:12:23 - INFO - ==============================
2025-05-09 08:12:23 - INFO - Step 1: Loading existing game data...
2025-05-09 08:12:23 - INFO - Loading existing games data from basil_ladder_games.csv
2025-05-09 08:12:24 - INFO - Loaded 48131 games from existing database.
2025-05-09 08:12:24 - INFO - Step 2: Skipping syncing replay status.
2025-05-09 08:12:24 - INFO - Step 3: Fetching bot ratings...
2025-05-09 08:12:24 - INFO - Fetching master rating list from https://data.basil-ladder.net/stats/ranking.json...
2025-05-09 08:12:24 - INFO - Successfully loaded ratings for 290 bots from JSON.
2025-05-09 08:12:24 - INFO - Step 4: Extracting new games from BASIL ladder...
2025-05-09 08:12:24 - INFO - Fetching latest games from BASIL Ladder (Last 24h)...
2025-05-09 08:12:26 - INFO - Navigating to https://basil.bytekeeper.org/...
2025-05-09 08:12:26 - INFO - Waiting for page to load...
2025-05-09 08:12:26 - INFO - Clicking 'Last 24h' button...
2025-05-09 08:12:29 - INFO - Found 1213 games in the table
2025-05-09 08:13:35 - INFO - Browser closed.
2025-05-09 08:13:35 - INFO - Extracted data for 1213 games from the page.
2025-05-09 08:13:35 - INFO - Step 5: Updating games database with new games...
2025-05-09 08:13:35 - INFO - Attempting to update game database with newly scraped games...
2025-05-09 08:13:35 - INFO - Existing games in database: 48131
2025-05-09 08:13:35 - INFO - New games scraped: 1213
2025-05-09 08:13:51 - INFO - Found and skipped 712 duplicate game(s) already present in the database.
2025-05-09 08:13:51 - INFO - Found 501 new unique games.
2025-05-09 08:13:51 - INFO - Database size: 48131 -> 48632 (+501)
2025-05-09 08:13:51 - INFO - Database saved successfully to basil_ladder_games.csv
2025-05-09 08:13:51 - INFO - Step 6: Skipping replay download.
2025-05-09 08:13:51 - INFO - ==============================
2025-05-09 08:13:51 - INFO - Automated Scrape Task Finished
2025-05-09 08:13:51 - INFO - Outcome: SUCCESS
2025-05-09 08:13:51 - INFO - Total Duration: 87.77 seconds
2025-05-09 08:13:51 - INFO - ==============================
2025-05-09 20:10:06 - INFO - ==============================
2025-05-09 20:10:06 - INFO - Starting Automated Scrape Task
2025-05-09 20:10:06 - INFO - Download replays: Disabled
2025-05-09 20:10:06 - INFO - ==============================
2025-05-09 20:10:06 - INFO - Step 1: Loading existing game data...
2025-05-09 20:10:06 - INFO - Loading existing games data from basil_ladder_games.csv
2025-05-09 20:10:06 - INFO - Loaded 48632 games from existing database.
2025-05-09 20:10:06 - INFO - Step 2: Skipping syncing replay status.
2025-05-09 20:10:06 - INFO - Step 3: Fetching bot ratings...
2025-05-09 20:10:06 - INFO - Fetching master rating list from https://data.basil-ladder.net/stats/ranking.json...
2025-05-09 20:10:07 - INFO - Successfully loaded ratings for 290 bots from JSON.
2025-05-09 20:10:07 - INFO - Step 4: Extracting new games from BASIL ladder...
2025-05-09 20:10:07 - INFO - Fetching latest games from BASIL Ladder (Last 24h)...
2025-05-09 20:10:28 - INFO - Navigating to https://basil.bytekeeper.org/...
2025-05-09 20:10:30 - INFO - Waiting for page to load...
2025-05-09 20:10:30 - INFO - Clicking 'Last 24h' button...
2025-05-09 20:10:33 - INFO - Found 1228 games in the table
2025-05-09 20:11:42 - INFO - Browser closed.
2025-05-09 20:11:42 - INFO - Extracted data for 1228 games from the page.
2025-05-09 20:11:42 - INFO - Step 5: Updating games database with new games...
2025-05-09 20:11:42 - INFO - Attempting to update game database with newly scraped games...
2025-05-09 20:11:42 - INFO - Existing games in database: 48632
2025-05-09 20:11:42 - INFO - New games scraped: 1228
2025-05-09 20:11:59 - INFO - Found and skipped 518 duplicate game(s) already present in the database.
2025-05-09 20:11:59 - INFO - Found 710 new unique games.
2025-05-09 20:11:59 - INFO - Database size: 48632 -> 49342 (+710)
2025-05-09 20:11:59 - INFO - Database saved successfully to basil_ladder_games.csv
2025-05-09 20:11:59 - INFO - Step 6: Skipping replay download.
2025-05-09 20:11:59 - INFO - ==============================
2025-05-09 20:11:59 - INFO - Automated Scrape Task Finished
2025-05-09 20:11:59 - INFO - Outcome: SUCCESS
2025-05-09 20:11:59 - INFO - Total Duration: 113.19 seconds
2025-05-09 20:11:59 - INFO - ==============================
2025-05-10 08:10:33 - INFO - ==============================
2025-05-10 08:10:33 - INFO - Starting Automated Scrape Task
2025-05-10 08:10:33 - INFO - Download replays: Disabled
2025-05-10 08:10:33 - INFO - ==============================
2025-05-10 08:10:33 - INFO - Step 1: Loading existing game data...
2025-05-10 08:10:33 - INFO - Loading existing games data from basil_ladder_games.csv
2025-05-10 08:10:33 - INFO - Loaded 49342 games from existing database.
2025-05-10 08:10:33 - INFO - Step 2: Skipping syncing replay status.
2025-05-10 08:10:33 - INFO - Step 3: Fetching bot ratings...
2025-05-10 08:10:33 - INFO - Fetching master rating list from https://data.basil-ladder.net/stats/ranking.json...
2025-05-10 08:10:33 - INFO - Successfully loaded ratings for 290 bots from JSON.
2025-05-10 08:10:33 - INFO - Step 4: Extracting new games from BASIL ladder...
2025-05-10 08:10:33 - INFO - Fetching latest games from BASIL Ladder (Last 24h)...
2025-05-10 08:10:34 - INFO - Navigating to https://basil.bytekeeper.org/...
2025-05-10 08:10:34 - INFO - Waiting for page to load...
2025-05-10 08:10:34 - INFO - Clicking 'Last 24h' button...
2025-05-10 08:10:38 - INFO - Found 1241 games in the table
2025-05-10 08:11:44 - INFO - Browser closed.
2025-05-10 08:11:44 - INFO - Extracted data for 1241 games from the page.
2025-05-10 08:11:44 - INFO - Step 5: Updating games database with new games...
2025-05-10 08:11:44 - INFO - Attempting to update game database with newly scraped games...
2025-05-10 08:11:44 - INFO - Existing games in database: 49342
2025-05-10 08:11:44 - INFO - New games scraped: 1241
2025-05-10 08:12:01 - INFO - Found and skipped 726 duplicate game(s) already present in the database.
2025-05-10 08:12:01 - INFO - Found 515 new unique games.
2025-05-10 08:12:01 - INFO - Database size: 49342 -> 49857 (+515)
2025-05-10 08:12:01 - INFO - Database saved successfully to basil_ladder_games.csv
2025-05-10 08:12:01 - INFO - Step 6: Skipping replay download.
2025-05-10 08:12:01 - INFO - ==============================
2025-05-10 08:12:01 - INFO - Automated Scrape Task Finished
2025-05-10 08:12:01 - INFO - Outcome: SUCCESS
2025-05-10 08:12:01 - INFO - Total Duration: 88.64 seconds
2025-05-10 08:12:01 - INFO - ==============================
2025-05-10 20:08:45 - INFO - ==============================
2025-05-10 20:08:45 - INFO - Starting Automated Scrape Task
2025-05-10 20:08:45 - INFO - Download replays: Disabled
2025-05-10 20:08:45 - INFO - ==============================
2025-05-10 20:08:45 - INFO - Step 1: Loading existing game data...
2025-05-10 20:08:45 - INFO - Loading existing games data from basil_ladder_games.csv
2025-05-10 20:08:45 - INFO - Loaded 49857 games from existing database.
2025-05-10 20:08:45 - INFO - Step 2: Skipping syncing replay status.
2025-05-10 20:08:45 - INFO - Step 3: Fetching bot ratings...
2025-05-10 20:08:45 - INFO - Fetching master rating list from https://data.basil-ladder.net/stats/ranking.json...
2025-05-10 20:08:46 - INFO - Successfully loaded ratings for 290 bots from JSON.
2025-05-10 20:08:46 - INFO - Step 4: Extracting new games from BASIL ladder...
2025-05-10 20:08:46 - INFO - Fetching latest games from BASIL Ladder (Last 24h)...
2025-05-10 20:08:56 - INFO - Navigating to https://basil.bytekeeper.org/...
2025-05-10 20:08:57 - INFO - Waiting for page to load...
2025-05-10 20:08:57 - INFO - Clicking 'Last 24h' button...
2025-05-10 20:09:01 - INFO - Found 1247 games in the table
2025-05-10 20:10:09 - INFO - Browser closed.
2025-05-10 20:10:09 - INFO - Extracted data for 1247 games from the page.
2025-05-10 20:10:09 - INFO - Step 5: Updating games database with new games...
2025-05-10 20:10:09 - INFO - Attempting to update game database with newly scraped games...
2025-05-10 20:10:09 - INFO - Existing games in database: 49857
2025-05-10 20:10:09 - INFO - New games scraped: 1247
2025-05-10 20:10:26 - INFO - Found and skipped 526 duplicate game(s) already present in the database.
2025-05-10 20:10:26 - INFO - Found 721 new unique games.
2025-05-10 20:10:26 - INFO - Database size: 49857 -> 50578 (+721)
2025-05-10 20:10:26 - INFO - Database saved successfully to basil_ladder_games.csv
2025-05-10 20:10:26 - INFO - Step 6: Skipping replay download.
2025-05-10 20:10:26 - INFO - ==============================
2025-05-10 20:10:26 - INFO - Automated Scrape Task Finished
2025-05-10 20:10:26 - INFO - Outcome: SUCCESS
2025-05-10 20:10:26 - INFO - Total Duration: 101.15 seconds
2025-05-10 20:10:26 - INFO - ==============================
2025-05-11 08:11:04 - INFO - ==============================
2025-05-11 08:11:04 - INFO - Starting Automated Scrape Task
2025-05-11 08:11:04 - INFO - Download replays: Disabled
2025-05-11 08:11:04 - INFO - ==============================
2025-05-11 08:11:04 - INFO - Step 1: Loading existing game data...
2025-05-11 08:11:04 - INFO - Loading existing games data from basil_ladder_games.csv
2025-05-11 08:11:04 - INFO - Loaded 50578 games from existing database.
2025-05-11 08:11:04 - INFO - Step 2: Skipping syncing replay status.
2025-05-11 08:11:04 - INFO - Step 3: Fetching bot ratings...
2025-05-11 08:11:04 - INFO - Fetching master rating list from https://data.basil-ladder.net/stats/ranking.json...
2025-05-11 08:11:05 - INFO - Successfully loaded ratings for 290 bots from JSON.
2025-05-11 08:11:05 - INFO - Step 4: Extracting new games from BASIL ladder...
2025-05-11 08:11:05 - INFO - Fetching latest games from BASIL Ladder (Last 24h)...
2025-05-11 08:11:40 - INFO - Navigating to https://basil.bytekeeper.org/...
2025-05-11 08:11:43 - INFO - Waiting for page to load...
2025-05-11 08:11:43 - INFO - Clicking 'Last 24h' button...
2025-05-11 08:11:47 - INFO - Found 1230 games in the table
2025-05-11 08:12:55 - INFO - Browser closed.
2025-05-11 08:12:55 - INFO - Extracted data for 1230 games from the page.
2025-05-11 08:12:55 - INFO - Step 5: Updating games database with new games...
2025-05-11 08:12:55 - INFO - Attempting to update game database with newly scraped games...
2025-05-11 08:12:55 - INFO - Existing games in database: 50578
2025-05-11 08:12:55 - INFO - New games scraped: 1230
2025-05-11 08:13:12 - INFO - Found and skipped 757 duplicate game(s) already present in the database.
2025-05-11 08:13:12 - INFO - Found 473 new unique games.
2025-05-11 08:13:12 - INFO - Database size: 50578 -> 51051 (+473)
2025-05-11 08:13:12 - INFO - Database saved successfully to basil_ladder_games.csv
2025-05-11 08:13:12 - INFO - Step 6: Skipping replay download.
2025-05-11 08:13:12 - INFO - ==============================
2025-05-11 08:13:12 - INFO - Automated Scrape Task Finished
2025-05-11 08:13:12 - INFO - Outcome: SUCCESS
2025-05-11 08:13:12 - INFO - Total Duration: 127.94 seconds
2025-05-11 08:13:12 - INFO - ==============================
2025-05-11 20:08:51 - INFO - ==============================
2025-05-11 20:08:51 - INFO - Starting Automated Scrape Task
2025-05-11 20:08:51 - INFO - Download replays: Disabled
2025-05-11 20:08:51 - INFO - ==============================
2025-05-11 20:08:51 - INFO - Step 1: Loading existing game data...
2025-05-11 20:08:51 - INFO - Loading existing games data from basil_ladder_games.csv
2025-05-11 20:08:51 - INFO - Loaded 51051 games from existing database.
2025-05-11 20:08:51 - INFO - Step 2: Skipping syncing replay status.
2025-05-11 20:08:51 - INFO - Step 3: Fetching bot ratings...
2025-05-11 20:08:51 - INFO - Fetching master rating list from https://data.basil-ladder.net/stats/ranking.json...
2025-05-11 20:08:52 - INFO - Successfully loaded ratings for 290 bots from JSON.
2025-05-11 20:08:52 - INFO - Step 4: Extracting new games from BASIL ladder...
2025-05-11 20:08:52 - INFO - Fetching latest games from BASIL Ladder (Last 24h)...
2025-05-11 20:09:01 - INFO - Navigating to https://basil.bytekeeper.org/...
2025-05-11 20:09:02 - INFO - Waiting for page to load...
2025-05-11 20:09:02 - INFO - Clicking 'Last 24h' button...
2025-05-11 20:09:06 - INFO - Found 753 games in the table
2025-05-11 20:09:47 - INFO - Browser closed.
2025-05-11 20:09:47 - INFO - Extracted data for 753 games from the page.
2025-05-11 20:09:47 - INFO - Step 5: Updating games database with new games...
2025-05-11 20:09:47 - INFO - Attempting to update game database with newly scraped games...
2025-05-11 20:09:47 - INFO - Existing games in database: 51051
2025-05-11 20:09:47 - INFO - New games scraped: 753
2025-05-11 20:09:58 - INFO - Found and skipped 480 duplicate game(s) already present in the database.
2025-05-11 20:09:58 - INFO - Found 273 new unique games.
2025-05-11 20:09:58 - INFO - Database size: 51051 -> 51324 (+273)
2025-05-11 20:09:58 - INFO - Database saved successfully to basil_ladder_games.csv
2025-05-11 20:09:58 - INFO - Step 6: Skipping replay download.
2025-05-11 20:09:58 - INFO - ==============================
2025-05-11 20:09:58 - INFO - Automated Scrape Task Finished
2025-05-11 20:09:58 - INFO - Outcome: SUCCESS
2025-05-11 20:09:58 - INFO - Total Duration: 67.06 seconds
2025-05-11 20:09:58 - INFO - ==============================
2025-05-12 08:13:32 - INFO - ==============================
2025-05-12 08:13:32 - INFO - Starting Automated Scrape Task
2025-05-12 08:13:32 - INFO - Download replays: Disabled
2025-05-12 08:13:32 - INFO - ==============================
2025-05-12 08:13:32 - INFO - Step 1: Loading existing game data...
2025-05-12 08:13:32 - INFO - Loading existing games data from basil_ladder_games.csv
2025-05-12 08:13:32 - INFO - Loaded 51324 games from existing database.
2025-05-12 08:13:32 - INFO - Step 2: Skipping syncing replay status.
2025-05-12 08:13:32 - INFO - Step 3: Fetching bot ratings...
2025-05-12 08:13:32 - INFO - Fetching master rating list from https://data.basil-ladder.net/stats/ranking.json...
2025-05-12 08:13:33 - INFO - Successfully loaded ratings for 290 bots from JSON.
2025-05-12 08:13:33 - INFO - Step 4: Extracting new games from BASIL ladder...
2025-05-12 08:13:33 - INFO - Fetching latest games from BASIL Ladder (Last 24h)...
2025-05-12 08:13:35 - INFO - Navigating to https://basil.bytekeeper.org/...
2025-05-12 08:13:36 - INFO - Waiting for page to load...
2025-05-12 08:13:36 - INFO - Clicking 'Last 24h' button...
2025-05-12 08:13:40 - INFO - Found 452 games in the table
2025-05-12 08:14:04 - INFO - Browser closed.
2025-05-12 08:14:04 - INFO - Extracted data for 452 games from the page.
2025-05-12 08:14:04 - INFO - Step 5: Updating games database with new games...
2025-05-12 08:14:04 - INFO - Attempting to update game database with newly scraped games...
2025-05-12 08:14:04 - INFO - Existing games in database: 51324
2025-05-12 08:14:04 - INFO - New games scraped: 452
2025-05-12 08:14:10 - INFO - Found and skipped 262 duplicate game(s) already present in the database.
2025-05-12 08:14:10 - INFO - Found 190 new unique games.
2025-05-12 08:14:10 - INFO - Database size: 51324 -> 51514 (+190)
2025-05-12 08:14:11 - INFO - Database saved successfully to basil_ladder_games.csv
2025-05-12 08:14:11 - INFO - Step 6: Skipping replay download.
2025-05-12 08:14:11 - INFO - ==============================
2025-05-12 08:14:11 - INFO - Automated Scrape Task Finished
2025-05-12 08:14:11 - INFO - Outcome: SUCCESS
2025-05-12 08:14:11 - INFO - Total Duration: 39.07 seconds
2025-05-12 08:14:11 - INFO - ==============================
2025-05-12 20:10:27 - INFO - ==============================
2025-05-12 20:10:27 - INFO - Starting Automated Scrape Task
2025-05-12 20:10:27 - INFO - Download replays: Disabled
2025-05-12 20:10:27 - INFO - ==============================
2025-05-12 20:10:27 - INFO - Step 1: Loading existing game data...
2025-05-12 20:10:27 - INFO - Loading existing games data from basil_ladder_games.csv
2025-05-12 20:10:27 - INFO - Loaded 51514 games from existing database.
2025-05-12 20:10:27 - INFO - Step 2: Skipping syncing replay status.
2025-05-12 20:10:27 - INFO - Step 3: Fetching bot ratings...
2025-05-12 20:10:27 - INFO - Fetching master rating list from https://data.basil-ladder.net/stats/ranking.json...
2025-05-12 20:10:28 - INFO - Successfully loaded ratings for 290 bots from JSON.
2025-05-12 20:10:28 - INFO - Step 4: Extracting new games from BASIL ladder...
2025-05-12 20:10:28 - INFO - Fetching latest games from BASIL Ladder (Last 24h)...
2025-05-12 20:10:44 - INFO - Navigating to https://basil.bytekeeper.org/...
2025-05-12 20:10:45 - INFO - Waiting for page to load...
2025-05-12 20:10:46 - INFO - Clicking 'Last 24h' button...
2025-05-12 20:10:49 - INFO - Found 384 games in the table
2025-05-12 20:11:12 - INFO - Browser closed.
2025-05-12 20:11:12 - INFO - Extracted data for 384 games from the page.
2025-05-12 20:11:12 - INFO - Step 5: Updating games database with new games...
2025-05-12 20:11:12 - INFO - Attempting to update game database with newly scraped games...
2025-05-12 20:11:12 - INFO - Existing games in database: 51514
2025-05-12 20:11:12 - INFO - New games scraped: 384
2025-05-12 20:11:17 - INFO - Found and skipped 194 duplicate game(s) already present in the database.
2025-05-12 20:11:17 - INFO - Found 190 new unique games.
2025-05-12 20:11:17 - INFO - Database size: 51514 -> 51704 (+190)
2025-05-12 20:11:18 - INFO - Database saved successfully to basil_ladder_games.csv
2025-05-12 20:11:18 - INFO - Step 6: Skipping replay download.
2025-05-12 20:11:18 - INFO - ==============================
2025-05-12 20:11:18 - INFO - Automated Scrape Task Finished
2025-05-12 20:11:18 - INFO - Outcome: SUCCESS
2025-05-12 20:11:18 - INFO - Total Duration: 50.58 seconds
2025-05-12 20:11:18 - INFO - ==============================
2025-05-13 08:13:02 - INFO - ==============================
2025-05-13 08:13:02 - INFO - Starting Automated Scrape Task
2025-05-13 08:13:02 - INFO - Download replays: Disabled
2025-05-13 08:13:02 - INFO - ==============================
2025-05-13 08:13:02 - INFO - Step 1: Loading existing game data...
2025-05-13 08:13:02 - INFO - Loading existing games data from basil_ladder_games.csv
2025-05-13 08:13:03 - INFO - Loaded 51704 games from existing database.
2025-05-13 08:13:03 - INFO - Step 2: Skipping syncing replay status.
2025-05-13 08:13:03 - INFO - Step 3: Fetching bot ratings...
2025-05-13 08:13:03 - INFO - Fetching master rating list from https://data.basil-ladder.net/stats/ranking.json...
2025-05-13 08:13:03 - INFO - Successfully loaded ratings for 290 bots from JSON.
2025-05-13 08:13:03 - INFO - Step 4: Extracting new games from BASIL ladder...
2025-05-13 08:13:03 - INFO - Fetching latest games from BASIL Ladder (Last 24h)...
2025-05-13 08:13:04 - INFO - Navigating to https://basil.bytekeeper.org/...
2025-05-13 08:13:05 - INFO - Waiting for page to load...
2025-05-13 08:13:05 - INFO - Clicking 'Last 24h' button...
2025-05-13 08:13:08 - INFO - Found 367 games in the table
2025-05-13 08:13:29 - INFO - Browser closed.
2025-05-13 08:13:29 - INFO - Extracted data for 367 games from the page.
2025-05-13 08:13:29 - INFO - Step 5: Updating games database with new games...
2025-05-13 08:13:29 - INFO - Attempting to update game database with newly scraped games...
2025-05-13 08:13:29 - INFO - Existing games in database: 51704
2025-05-13 08:13:29 - INFO - New games scraped: 367
2025-05-13 08:13:34 - INFO - Found and skipped 192 duplicate game(s) already present in the database.
2025-05-13 08:13:34 - INFO - Found 175 new unique games.
2025-05-13 08:13:34 - INFO - Database size: 51704 -> 51879 (+175)
2025-05-13 08:13:34 - INFO - Database saved successfully to basil_ladder_games.csv
2025-05-13 08:13:34 - INFO - Step 6: Skipping replay download.
2025-05-13 08:13:34 - INFO - ==============================
2025-05-13 08:13:34 - INFO - Automated Scrape Task Finished
2025-05-13 08:13:34 - INFO - Outcome: SUCCESS
2025-05-13 08:13:34 - INFO - Total Duration: 31.67 seconds
2025-05-13 08:13:34 - INFO - ==============================
2025-05-13 20:10:27 - INFO - ==============================
2025-05-13 20:10:27 - INFO - Starting Automated Scrape Task
2025-05-13 20:10:27 - INFO - Download replays: Disabled
2025-05-13 20:10:27 - INFO - ==============================
2025-05-13 20:10:27 - INFO - Step 1: Loading existing game data...
2025-05-13 20:10:27 - INFO - Loading existing games data from basil_ladder_games.csv
2025-05-13 20:10:27 - INFO - Loaded 51879 games from existing database.
2025-05-13 20:10:27 - INFO - Step 2: Skipping syncing replay status.
2025-05-13 20:10:27 - INFO - Step 3: Fetching bot ratings...
2025-05-13 20:10:27 - INFO - Fetching master rating list from https://data.basil-ladder.net/stats/ranking.json...
2025-05-13 20:10:28 - INFO - Successfully loaded ratings for 290 bots from JSON.
2025-05-13 20:10:28 - INFO - Step 4: Extracting new games from BASIL ladder...
2025-05-13 20:10:28 - INFO - Fetching latest games from BASIL Ladder (Last 24h)...
2025-05-13 20:10:53 - INFO - Navigating to https://basil.bytekeeper.org/...
2025-05-13 20:10:56 - INFO - Waiting for page to load...
2025-05-13 20:10:56 - INFO - Clicking 'Last 24h' button...
2025-05-13 20:11:00 - INFO - Found 397 games in the table
2025-05-13 20:11:22 - INFO - Browser closed.
2025-05-13 20:11:22 - INFO - Extracted data for 397 games from the page.
2025-05-13 20:11:22 - INFO - Step 5: Updating games database with new games...
2025-05-13 20:11:22 - INFO - Attempting to update game database with newly scraped games...
2025-05-13 20:11:22 - INFO - Existing games in database: 51879
2025-05-13 20:11:22 - INFO - New games scraped: 397
2025-05-13 20:11:28 - INFO - Found and skipped 176 duplicate game(s) already present in the database.
2025-05-13 20:11:28 - INFO - Found 221 new unique games.
2025-05-13 20:11:28 - INFO - Database size: 51879 -> 52100 (+221)
2025-05-13 20:11:28 - INFO - Database saved successfully to basil_ladder_games.csv
2025-05-13 20:11:28 - INFO - Step 6: Skipping replay download.
2025-05-13 20:11:28 - INFO - ==============================
2025-05-13 20:11:28 - INFO - Automated Scrape Task Finished
2025-05-13 20:11:28 - INFO - Outcome: SUCCESS
2025-05-13 20:11:28 - INFO - Total Duration: 61.05 seconds
2025-05-13 20:11:28 - INFO - ==============================
2025-05-14 08:12:49 - INFO - ==============================
2025-05-14 08:12:49 - INFO - Starting Automated Scrape Task
2025-05-14 08:12:49 - INFO - Download replays: Disabled
2025-05-14 08:12:49 - INFO - ==============================
2025-05-14 08:12:49 - INFO - Step 1: Loading existing game data...
2025-05-14 08:12:49 - INFO - Loading existing games data from basil_ladder_games.csv
2025-05-14 08:12:49 - INFO - Loaded 52100 games from existing database.
2025-05-14 08:12:49 - INFO - Step 2: Skipping syncing replay status.
2025-05-14 08:12:49 - INFO - Step 3: Fetching bot ratings...
2025-05-14 08:12:49 - INFO - Fetching master rating list from https://data.basil-ladder.net/stats/ranking.json...
2025-05-14 08:12:50 - INFO - Successfully loaded ratings for 290 bots from JSON.
2025-05-14 08:12:50 - INFO - Step 4: Extracting new games from BASIL ladder...
2025-05-14 08:12:50 - INFO - Fetching latest games from BASIL Ladder (Last 24h)...
2025-05-14 08:13:01 - INFO - Navigating to https://basil.bytekeeper.org/...
2025-05-14 08:13:03 - INFO - Waiting for page to load...
2025-05-14 08:13:03 - INFO - Clicking 'Last 24h' button...
2025-05-14 08:13:06 - INFO - Found 399 games in the table
2025-05-14 08:13:29 - INFO - Browser closed.
2025-05-14 08:13:29 - INFO - Extracted data for 399 games from the page.
2025-05-14 08:13:29 - INFO - Step 5: Updating games database with new games...
2025-05-14 08:13:29 - INFO - Attempting to update game database with newly scraped games...
2025-05-14 08:13:29 - INFO - Existing games in database: 52100
2025-05-14 08:13:29 - INFO - New games scraped: 399
2025-05-14 08:13:35 - INFO - Found and skipped 222 duplicate game(s) already present in the database.
2025-05-14 08:13:35 - INFO - Found 177 new unique games.
2025-05-14 08:13:35 - INFO - Database size: 52100 -> 52277 (+177)
2025-05-14 08:13:36 - INFO - Database saved successfully to basil_ladder_games.csv
2025-05-14 08:13:36 - INFO - Step 6: Skipping replay download.
2025-05-14 08:13:36 - INFO - ==============================
2025-05-14 08:13:36 - INFO - Automated Scrape Task Finished
2025-05-14 08:13:36 - INFO - Outcome: SUCCESS
2025-05-14 08:13:36 - INFO - Total Duration: 46.47 seconds
2025-05-14 08:13:36 - INFO - ==============================
2025-05-14 20:08:40 - INFO - ==============================
2025-05-14 20:08:40 - INFO - Starting Automated Scrape Task
2025-05-14 20:08:40 - INFO - Download replays: Disabled
2025-05-14 20:08:40 - INFO - ==============================
2025-05-14 20:08:40 - INFO - Step 1: Loading existing game data...
2025-05-14 20:08:40 - INFO - Loading existing games data from basil_ladder_games.csv
2025-05-14 20:08:40 - INFO - Loaded 52277 games from existing database.
2025-05-14 20:08:40 - INFO - Step 2: Skipping syncing replay status.
2025-05-14 20:08:40 - INFO - Step 3: Fetching bot ratings...
2025-05-14 20:08:40 - INFO - Fetching master rating list from https://data.basil-ladder.net/stats/ranking.json...
2025-05-14 20:08:41 - INFO - Successfully loaded ratings for 290 bots from JSON.
2025-05-14 20:08:41 - INFO - Step 4: Extracting new games from BASIL ladder...
2025-05-14 20:08:41 - INFO - Fetching latest games from BASIL Ladder (Last 24h)...
2025-05-14 20:08:56 - INFO - Navigating to https://basil.bytekeeper.org/...
2025-05-14 20:08:58 - INFO - Waiting for page to load...
2025-05-14 20:08:58 - INFO - Clicking 'Last 24h' button...
2025-05-14 20:09:02 - INFO - Found 240 games in the table
2025-05-14 20:09:17 - INFO - Browser closed.
2025-05-14 20:09:17 - INFO - Extracted data for 240 games from the page.
2025-05-14 20:09:17 - INFO - Step 5: Updating games database with new games...
2025-05-14 20:09:17 - INFO - Attempting to update game database with newly scraped games...
2025-05-14 20:09:17 - INFO - Existing games in database: 52277
2025-05-14 20:09:17 - INFO - New games scraped: 240
2025-05-14 20:09:21 - INFO - Found and skipped 181 duplicate game(s) already present in the database.
2025-05-14 20:09:21 - INFO - Found 59 new unique games.
2025-05-14 20:09:21 - INFO - Database size: 52277 -> 52336 (+59)
2025-05-14 20:09:21 - INFO - Database saved successfully to basil_ladder_games.csv
2025-05-14 20:09:21 - INFO - Step 6: Skipping replay download.
2025-05-14 20:09:21 - INFO - ==============================
2025-05-14 20:09:21 - INFO - Automated Scrape Task Finished
2025-05-14 20:09:21 - INFO - Outcome: SUCCESS
2025-05-14 20:09:21 - INFO - Total Duration: 41.31 seconds
2025-05-14 20:09:21 - INFO - ==============================
2025-05-15 08:13:14 - INFO - ==============================
2025-05-15 08:13:14 - INFO - Starting Automated Scrape Task
2025-05-15 08:13:14 - INFO - Download replays: Disabled
2025-05-15 08:13:14 - INFO - ==============================
2025-05-15 08:13:14 - INFO - Step 1: Loading existing game data...
2025-05-15 08:13:14 - INFO - Loading existing games data from basil_ladder_games.csv
2025-05-15 08:13:14 - INFO - Loaded 52336 games from existing database.
2025-05-15 08:13:14 - INFO - Step 2: Skipping syncing replay status.
2025-05-15 08:13:14 - INFO - Step 3: Fetching bot ratings...
2025-05-15 08:13:14 - INFO - Fetching master rating list from https://data.basil-ladder.net/stats/ranking.json...
2025-05-15 08:13:15 - INFO - Successfully loaded ratings for 290 bots from JSON.
2025-05-15 08:13:15 - INFO - Step 4: Extracting new games from BASIL ladder...
2025-05-15 08:13:15 - INFO - Fetching latest games from BASIL Ladder (Last 24h)...
2025-05-15 08:13:23 - INFO - Navigating to https://basil.bytekeeper.org/...
2025-05-15 08:13:24 - INFO - Waiting for page to load...
2025-05-15 08:13:24 - INFO - Clicking 'Last 24h' button...
2025-05-15 08:13:28 - INFO - Found 641 games in the table
2025-05-15 08:14:03 - INFO - Browser closed.
2025-05-15 08:14:03 - INFO - Extracted data for 641 games from the page.
2025-05-15 08:14:03 - INFO - Step 5: Updating games database with new games...
2025-05-15 08:14:03 - INFO - Attempting to update game database with newly scraped games...
2025-05-15 08:14:03 - INFO - Existing games in database: 52336
2025-05-15 08:14:03 - INFO - New games scraped: 641
2025-05-15 08:14:12 - INFO - Found and skipped 71 duplicate game(s) already present in the database.
2025-05-15 08:14:12 - INFO - Found 570 new unique games.
2025-05-15 08:14:12 - INFO - Database size: 52336 -> 52906 (+570)
2025-05-15 08:14:12 - INFO - Database saved successfully to basil_ladder_games.csv
2025-05-15 08:14:12 - INFO - Step 6: Skipping replay download.
2025-05-15 08:14:12 - INFO - ==============================
2025-05-15 08:14:12 - INFO - Automated Scrape Task Finished
2025-05-15 08:14:12 - INFO - Outcome: SUCCESS
2025-05-15 08:14:12 - INFO - Total Duration: 58.74 seconds
2025-05-15 08:14:12 - INFO - ==============================
2025-05-15 20:10:32 - INFO - ==============================
2025-05-15 20:10:32 - INFO - Starting Automated Scrape Task
2025-05-15 20:10:32 - INFO - Download replays: Disabled
2025-05-15 20:10:32 - INFO - ==============================
2025-05-15 20:10:32 - INFO - Step 1: Loading existing game data...
2025-05-15 20:10:32 - INFO - Loading existing games data from basil_ladder_games.csv
2025-05-15 20:10:32 - INFO - Loaded 52906 games from existing database.
2025-05-15 20:10:32 - INFO - Step 2: Skipping syncing replay status.
2025-05-15 20:10:32 - INFO - Step 3: Fetching bot ratings...
2025-05-15 20:10:32 - INFO - Fetching master rating list from https://data.basil-ladder.net/stats/ranking.json...
2025-05-15 20:10:32 - INFO - Successfully loaded ratings for 290 bots from JSON.
2025-05-15 20:10:32 - INFO - Step 4: Extracting new games from BASIL ladder...
2025-05-15 20:10:32 - INFO - Fetching latest games from BASIL Ladder (Last 24h)...
2025-05-15 20:10:46 - INFO - Navigating to https://basil.bytekeeper.org/...
2025-05-15 20:10:48 - INFO - Waiting for page to load...
2025-05-15 20:10:48 - INFO - Clicking 'Last 24h' button...
2025-05-15 20:10:51 - INFO - Found 1281 games in the table
2025-05-15 20:12:06 - INFO - Browser closed.
2025-05-15 20:12:06 - INFO - Extracted data for 1281 games from the page.
2025-05-15 20:12:06 - INFO - Step 5: Updating games database with new games...
2025-05-15 20:12:06 - INFO - Attempting to update game database with newly scraped games...
2025-05-15 20:12:06 - INFO - Existing games in database: 52906
2025-05-15 20:12:06 - INFO - New games scraped: 1281
2025-05-15 20:12:24 - INFO - Found and skipped 625 duplicate game(s) already present in the database.
2025-05-15 20:12:24 - INFO - Found 656 new unique games.
2025-05-15 20:12:24 - INFO - Database size: 52906 -> 53562 (+656)
2025-05-15 20:12:24 - INFO - Database saved successfully to basil_ladder_games.csv
2025-05-15 20:12:24 - INFO - Step 6: Skipping replay download.
2025-05-15 20:12:24 - INFO - ==============================
2025-05-15 20:12:24 - INFO - Automated Scrape Task Finished
2025-05-15 20:12:24 - INFO - Outcome: SUCCESS
2025-05-15 20:12:24 - INFO - Total Duration: 112.62 seconds
2025-05-15 20:12:24 - INFO - ==============================
2025-05-16 08:12:45 - INFO - ==============================
2025-05-16 08:12:45 - INFO - Starting Automated Scrape Task
2025-05-16 08:12:45 - INFO - Download replays: Disabled
2025-05-16 08:12:45 - INFO - ==============================
2025-05-16 08:12:45 - INFO - Step 1: Loading existing game data...
2025-05-16 08:12:45 - INFO - Loading existing games data from basil_ladder_games.csv
2025-05-16 08:12:45 - INFO - Loaded 53562 games from existing database.
2025-05-16 08:12:45 - INFO - Step 2: Skipping syncing replay status.
2025-05-16 08:12:45 - INFO - Step 3: Fetching bot ratings...
2025-05-16 08:12:45 - INFO - Fetching master rating list from https://data.basil-ladder.net/stats/ranking.json...
2025-05-16 08:12:46 - INFO - Successfully loaded ratings for 290 bots from JSON.
2025-05-16 08:12:46 - INFO - Step 4: Extracting new games from BASIL ladder...
2025-05-16 08:12:46 - INFO - Fetching latest games from BASIL Ladder (Last 24h)...
2025-05-16 08:12:48 - INFO - Navigating to https://basil.bytekeeper.org/...
2025-05-16 08:12:49 - INFO - Waiting for page to load...
2025-05-16 08:12:49 - INFO - Clicking 'Last 24h' button...
2025-05-16 08:12:52 - INFO - Found 1241 games in the table
2025-05-16 08:14:00 - INFO - Browser closed.
2025-05-16 08:14:00 - INFO - Extracted data for 1241 games from the page.
2025-05-16 08:14:00 - INFO - Step 5: Updating games database with new games...
2025-05-16 08:14:00 - INFO - Attempting to update game database with newly scraped games...
2025-05-16 08:14:00 - INFO - Existing games in database: 53562
2025-05-16 08:14:00 - INFO - New games scraped: 1241
2025-05-16 08:14:18 - INFO - Found and skipped 667 duplicate game(s) already present in the database.
2025-05-16 08:14:18 - INFO - Found 574 new unique games.
2025-05-16 08:14:18 - INFO - Database size: 53562 -> 54136 (+574)
2025-05-16 08:14:18 - INFO - Database saved successfully to basil_ladder_games.csv
2025-05-16 08:14:18 - INFO - Step 6: Skipping replay download.
2025-05-16 08:14:18 - INFO - ==============================
2025-05-16 08:14:18 - INFO - Automated Scrape Task Finished
2025-05-16 08:14:18 - INFO - Outcome: SUCCESS
2025-05-16 08:14:18 - INFO - Total Duration: 93.17 seconds
2025-05-16 08:14:18 - INFO - ==============================
2025-05-16 20:10:19 - INFO - ==============================
2025-05-16 20:10:19 - INFO - Starting Automated Scrape Task
2025-05-16 20:10:19 - INFO - Download replays: Disabled
2025-05-16 20:10:19 - INFO - ==============================
2025-05-16 20:10:19 - INFO - Step 1: Loading existing game data...
2025-05-16 20:10:19 - INFO - Loading existing games data from basil_ladder_games.csv
2025-05-16 20:10:19 - INFO - Loaded 54136 games from existing database.
2025-05-16 20:10:19 - INFO - Step 2: Skipping syncing replay status.
2025-05-16 20:10:19 - INFO - Step 3: Fetching bot ratings...
2025-05-16 20:10:19 - INFO - Fetching master rating list from https://data.basil-ladder.net/stats/ranking.json...
2025-05-16 20:10:20 - INFO - Successfully loaded ratings for 290 bots from JSON.
2025-05-16 20:10:20 - INFO - Step 4: Extracting new games from BASIL ladder...
2025-05-16 20:10:20 - INFO - Fetching latest games from BASIL Ladder (Last 24h)...
2025-05-16 20:10:33 - INFO - Navigating to https://basil.bytekeeper.org/...
2025-05-16 20:10:35 - INFO - Waiting for page to load...
2025-05-16 20:10:35 - INFO - Clicking 'Last 24h' button...
2025-05-16 20:10:38 - INFO - Found 1277 games in the table
2025-05-16 20:11:58 - INFO - Browser closed.
2025-05-16 20:11:58 - INFO - Extracted data for 1277 games from the page.
2025-05-16 20:11:58 - INFO - Step 5: Updating games database with new games...
2025-05-16 20:11:58 - INFO - Attempting to update game database with newly scraped games...
2025-05-16 20:11:58 - INFO - Existing games in database: 54136
2025-05-16 20:11:58 - INFO - New games scraped: 1277
2025-05-16 20:12:17 - INFO - Found and skipped 565 duplicate game(s) already present in the database.
2025-05-16 20:12:17 - INFO - Found 712 new unique games.
2025-05-16 20:12:17 - INFO - Database size: 54136 -> 54848 (+712)
2025-05-16 20:12:17 - INFO - Database saved successfully to basil_ladder_games.csv
2025-05-16 20:12:17 - INFO - Step 6: Skipping replay download.
2025-05-16 20:12:17 - INFO - ==============================
2025-05-16 20:12:17 - INFO - Automated Scrape Task Finished
2025-05-16 20:12:17 - INFO - Outcome: SUCCESS
2025-05-16 20:12:17 - INFO - Total Duration: 118.64 seconds
2025-05-16 20:12:17 - INFO - ==============================
2025-05-17 08:10:49 - INFO - ==============================
2025-05-17 08:10:49 - INFO - Starting Automated Scrape Task
2025-05-17 08:10:49 - INFO - Download replays: Disabled
2025-05-17 08:10:49 - INFO - ==============================
2025-05-17 08:10:49 - INFO - Step 1: Loading existing game data...
2025-05-17 08:10:49 - INFO - Loading existing games data from basil_ladder_games.csv
2025-05-17 08:10:49 - INFO - Loaded 54848 games from existing database.
2025-05-17 08:10:49 - INFO - Step 2: Skipping syncing replay status.
2025-05-17 08:10:49 - INFO - Step 3: Fetching bot ratings...
2025-05-17 08:10:49 - INFO - Fetching master rating list from https://data.basil-ladder.net/stats/ranking.json...
2025-05-17 08:10:50 - INFO - Successfully loaded ratings for 290 bots from JSON.
2025-05-17 08:10:50 - INFO - Step 4: Extracting new games from BASIL ladder...
2025-05-17 08:10:50 - INFO - Fetching latest games from BASIL Ladder (Last 24h)...
2025-05-17 08:11:03 - INFO - Navigating to https://basil.bytekeeper.org/...
2025-05-17 08:11:04 - INFO - Waiting for page to load...
2025-05-17 08:11:04 - INFO - Clicking 'Last 24h' button...
2025-05-17 08:11:08 - INFO - Found 1254 games in the table
2025-05-17 08:12:19 - INFO - Browser closed.
2025-05-17 08:12:19 - INFO - Extracted data for 1254 games from the page.
2025-05-17 08:12:19 - INFO - Step 5: Updating games database with new games...
2025-05-17 08:12:19 - INFO - Attempting to update game database with newly scraped games...
2025-05-17 08:12:19 - INFO - Existing games in database: 54848
2025-05-17 08:12:19 - INFO - New games scraped: 1254
2025-05-17 08:12:37 - INFO - Found and skipped 735 duplicate game(s) already present in the database.
2025-05-17 08:12:37 - INFO - Found 519 new unique games.
2025-05-17 08:12:37 - INFO - Database size: 54848 -> 55367 (+519)
2025-05-17 08:12:38 - INFO - Database saved successfully to basil_ladder_games.csv
2025-05-17 08:12:38 - INFO - Step 6: Skipping replay download.
2025-05-17 08:12:38 - INFO - ==============================
2025-05-17 08:12:38 - INFO - Automated Scrape Task Finished
2025-05-17 08:12:38 - INFO - Outcome: SUCCESS
2025-05-17 08:12:38 - INFO - Total Duration: 108.45 seconds
2025-05-17 08:12:38 - INFO - ==============================
2025-05-17 20:09:03 - INFO - ==============================
2025-05-17 20:09:03 - INFO - Starting Automated Scrape Task
2025-05-17 20:09:03 - INFO - Download replays: Disabled
2025-05-17 20:09:03 - INFO - ==============================
2025-05-17 20:09:03 - INFO - Step 1: Loading existing game data...
2025-05-17 20:09:03 - INFO - Loading existing games data from basil_ladder_games.csv
2025-05-17 20:09:03 - INFO - Loaded 55367 games from existing database.
2025-05-17 20:09:03 - INFO - Step 2: Skipping syncing replay status.
2025-05-17 20:09:03 - INFO - Step 3: Fetching bot ratings...
2025-05-17 20:09:03 - INFO - Fetching master rating list from https://data.basil-ladder.net/stats/ranking.json...
2025-05-17 20:09:04 - INFO - Successfully loaded ratings for 290 bots from JSON.
2025-05-17 20:09:04 - INFO - Step 4: Extracting new games from BASIL ladder...
2025-05-17 20:09:04 - INFO - Fetching latest games from BASIL Ladder (Last 24h)...
2025-05-17 20:09:11 - INFO - Navigating to https://basil.bytekeeper.org/...
2025-05-17 20:09:12 - INFO - Waiting for page to load...
2025-05-17 20:09:12 - INFO - Clicking 'Last 24h' button...
2025-05-17 20:09:15 - INFO - Found 1182 games in the table
2025-05-17 20:10:21 - INFO - Browser closed.
2025-05-17 20:10:21 - INFO - Extracted data for 1182 games from the page.
2025-05-17 20:10:21 - INFO - Step 5: Updating games database with new games...
2025-05-17 20:10:21 - INFO - Attempting to update game database with newly scraped games...
2025-05-17 20:10:21 - INFO - Existing games in database: 55367
2025-05-17 20:10:21 - INFO - New games scraped: 1182
2025-05-17 20:10:39 - INFO - Found and skipped 540 duplicate game(s) already present in the database.
2025-05-17 20:10:39 - INFO - Found 642 new unique games.
2025-05-17 20:10:39 - INFO - Database size: 55367 -> 56009 (+642)
2025-05-17 20:10:39 - INFO - Database saved successfully to basil_ladder_games.csv
2025-05-17 20:10:39 - INFO - Step 6: Skipping replay download.
2025-05-17 20:10:39 - INFO - ==============================
2025-05-17 20:10:39 - INFO - Automated Scrape Task Finished
2025-05-17 20:10:39 - INFO - Outcome: SUCCESS
2025-05-17 20:10:39 - INFO - Total Duration: 96.02 seconds
2025-05-17 20:10:39 - INFO - ==============================
2025-05-18 08:10:41 - INFO - ==============================
2025-05-18 08:10:41 - INFO - Starting Automated Scrape Task
2025-05-18 08:10:41 - INFO - Download replays: Disabled
2025-05-18 08:10:41 - INFO - ==============================
2025-05-18 08:10:41 - INFO - Step 1: Loading existing game data...
2025-05-18 08:10:41 - INFO - Loading existing games data from basil_ladder_games.csv
2025-05-18 08:10:41 - INFO - Loaded 56009 games from existing database.
2025-05-18 08:10:41 - INFO - Step 2: Skipping syncing replay status.
2025-05-18 08:10:41 - INFO - Step 3: Fetching bot ratings...
2025-05-18 08:10:41 - INFO - Fetching master rating list from https://data.basil-ladder.net/stats/ranking.json...
2025-05-18 08:10:42 - INFO - Successfully loaded ratings for 290 bots from JSON.
2025-05-18 08:10:42 - INFO - Step 4: Extracting new games from BASIL ladder...
2025-05-18 08:10:42 - INFO - Fetching latest games from BASIL Ladder (Last 24h)...
2025-05-18 08:10:43 - INFO - Navigating to https://basil.bytekeeper.org/...
2025-05-18 08:10:44 - INFO - Waiting for page to load...
2025-05-18 08:10:44 - INFO - Clicking 'Last 24h' button...
2025-05-18 08:10:47 - INFO - Found 1171 games in the table
2025-05-18 08:11:52 - INFO - Browser closed.
2025-05-18 08:11:52 - INFO - Extracted data for 1171 games from the page.
2025-05-18 08:11:52 - INFO - Step 5: Updating games database with new games...
2025-05-18 08:11:52 - INFO - Attempting to update game database with newly scraped games...
2025-05-18 08:11:52 - INFO - Existing games in database: 56009
2025-05-18 08:11:52 - INFO - New games scraped: 1171
2025-05-18 08:12:09 - INFO - Found and skipped 690 duplicate game(s) already present in the database.
2025-05-18 08:12:09 - INFO - Found 481 new unique games.
2025-05-18 08:12:09 - INFO - Database size: 56009 -> 56490 (+481)
2025-05-18 08:12:10 - INFO - Database saved successfully to basil_ladder_games.csv
2025-05-18 08:12:10 - INFO - Step 6: Skipping replay download.
2025-05-18 08:12:10 - INFO - ==============================
2025-05-18 08:12:10 - INFO - Automated Scrape Task Finished
2025-05-18 08:12:10 - INFO - Outcome: SUCCESS
2025-05-18 08:12:10 - INFO - Total Duration: 88.67 seconds
2025-05-18 08:12:10 - INFO - ==============================
2025-05-18 20:09:26 - INFO - ==============================
2025-05-18 20:09:26 - INFO - Starting Automated Scrape Task
2025-05-18 20:09:26 - INFO - Download replays: Disabled
2025-05-18 20:09:26 - INFO - ==============================
2025-05-18 20:09:26 - INFO - Step 1: Loading existing game data...
2025-05-18 20:09:26 - INFO - Loading existing games data from basil_ladder_games.csv
2025-05-18 20:09:26 - INFO - Loaded 56490 games from existing database.
2025-05-18 20:09:26 - INFO - Step 2: Skipping syncing replay status.
2025-05-18 20:09:26 - INFO - Step 3: Fetching bot ratings...
2025-05-18 20:09:26 - INFO - Fetching master rating list from https://data.basil-ladder.net/stats/ranking.json...
2025-05-18 20:09:27 - INFO - Successfully loaded ratings for 290 bots from JSON.
2025-05-18 20:09:27 - INFO - Step 4: Extracting new games from BASIL ladder...
2025-05-18 20:09:27 - INFO - Fetching latest games from BASIL Ladder (Last 24h)...
2025-05-18 20:09:28 - INFO - Navigating to https://basil.bytekeeper.org/...
2025-05-18 20:09:28 - INFO - Waiting for page to load...
2025-05-18 20:09:28 - INFO - Clicking 'Last 24h' button...
2025-05-18 20:09:31 - INFO - Found 1170 games in the table
2025-05-18 20:10:35 - INFO - Browser closed.
2025-05-18 20:10:35 - INFO - Extracted data for 1170 games from the page.
2025-05-18 20:10:35 - INFO - Step 5: Updating games database with new games...
2025-05-18 20:10:35 - INFO - Attempting to update game database with newly scraped games...
2025-05-18 20:10:35 - INFO - Existing games in database: 56490
2025-05-18 20:10:35 - INFO - New games scraped: 1170
2025-05-18 20:10:54 - INFO - Found and skipped 496 duplicate game(s) already present in the database.
2025-05-18 20:10:54 - INFO - Found 674 new unique games.
2025-05-18 20:10:54 - INFO - Database size: 56490 -> 57164 (+674)
2025-05-18 20:10:54 - INFO - Database saved successfully to basil_ladder_games.csv
2025-05-18 20:10:54 - INFO - Step 6: Skipping replay download.
2025-05-18 20:10:54 - INFO - ==============================
2025-05-18 20:10:54 - INFO - Automated Scrape Task Finished
2025-05-18 20:10:54 - INFO - Outcome: SUCCESS
2025-05-18 20:10:54 - INFO - Total Duration: 88.12 seconds
2025-05-18 20:10:54 - INFO - ==============================
2025-05-19 08:14:23 - INFO - ==============================
2025-05-19 08:14:23 - INFO - Starting Automated Scrape Task
2025-05-19 08:14:23 - INFO - Download replays: Disabled
2025-05-19 08:14:23 - INFO - ==============================
2025-05-19 08:14:23 - INFO - Step 1: Loading existing game data...
2025-05-19 08:14:23 - INFO - Loading existing games data from basil_ladder_games.csv
2025-05-19 08:14:23 - INFO - Loaded 57164 games from existing database.
2025-05-19 08:14:23 - INFO - Step 2: Skipping syncing replay status.
2025-05-19 08:14:23 - INFO - Step 3: Fetching bot ratings...
2025-05-19 08:14:23 - INFO - Fetching master rating list from https://data.basil-ladder.net/stats/ranking.json...
2025-05-19 08:14:23 - INFO - Successfully loaded ratings for 290 bots from JSON.
2025-05-19 08:14:23 - INFO - Step 4: Extracting new games from BASIL ladder...
2025-05-19 08:14:23 - INFO - Fetching latest games from BASIL Ladder (Last 24h)...
2025-05-19 08:14:27 - INFO - Navigating to https://basil.bytekeeper.org/...
2025-05-19 08:14:27 - INFO - Waiting for page to load...
2025-05-19 08:14:27 - INFO - Clicking 'Last 24h' button...
2025-05-19 08:14:31 - INFO - Found 1261 games in the table
2025-05-19 08:15:45 - INFO - Browser closed.
2025-05-19 08:15:45 - INFO - Extracted data for 1261 games from the page.
2025-05-19 08:15:45 - INFO - Step 5: Updating games database with new games...
2025-05-19 08:15:45 - INFO - Attempting to update game database with newly scraped games...
2025-05-19 08:15:45 - INFO - Existing games in database: 57164
2025-05-19 08:15:45 - INFO - New games scraped: 1261
2025-05-19 08:16:05 - INFO - Found and skipped 671 duplicate game(s) already present in the database.
2025-05-19 08:16:05 - INFO - Found 590 new unique games.
2025-05-19 08:16:05 - INFO - Database size: 57164 -> 57754 (+590)
2025-05-19 08:16:05 - INFO - Database saved successfully to basil_ladder_games.csv
2025-05-19 08:16:05 - INFO - Step 6: Skipping replay download.
2025-05-19 08:16:05 - INFO - ==============================
2025-05-19 08:16:05 - INFO - Automated Scrape Task Finished
2025-05-19 08:16:05 - INFO - Outcome: SUCCESS
2025-05-19 08:16:05 - INFO - Total Duration: 102.26 seconds
2025-05-19 08:16:05 - INFO - ==============================
2025-05-19 20:10:09 - INFO - ==============================
2025-05-19 20:10:09 - INFO - Starting Automated Scrape Task
2025-05-19 20:10:09 - INFO - Download replays: Disabled
2025-05-19 20:10:09 - INFO - ==============================
2025-05-19 20:10:09 - INFO - Step 1: Loading existing game data...
2025-05-19 20:10:09 - INFO - Loading existing games data from basil_ladder_games.csv
2025-05-19 20:10:10 - INFO - Loaded 57754 games from existing database.
2025-05-19 20:10:10 - INFO - Step 2: Skipping syncing replay status.
2025-05-19 20:10:10 - INFO - Step 3: Fetching bot ratings...
2025-05-19 20:10:10 - INFO - Fetching master rating list from https://data.basil-ladder.net/stats/ranking.json...
2025-05-19 20:10:10 - INFO - Successfully loaded ratings for 290 bots from JSON.
2025-05-19 20:10:10 - INFO - Step 4: Extracting new games from BASIL ladder...
2025-05-19 20:10:10 - INFO - Fetching latest games from BASIL Ladder (Last 24h)...
2025-05-19 20:10:11 - INFO - Navigating to https://basil.bytekeeper.org/...
2025-05-19 20:10:12 - INFO - Waiting for page to load...
2025-05-19 20:10:12 - INFO - Clicking 'Last 24h' button...
2025-05-19 20:10:15 - INFO - Found 1267 games in the table
2025-05-19 20:11:26 - INFO - Browser closed.
2025-05-19 20:11:26 - INFO - Extracted data for 1267 games from the page.
2025-05-19 20:11:26 - INFO - Step 5: Updating games database with new games...
2025-05-19 20:11:26 - INFO - Attempting to update game database with newly scraped games...
2025-05-19 20:11:26 - INFO - Existing games in database: 57754
2025-05-19 20:11:26 - INFO - New games scraped: 1267
2025-05-19 20:11:45 - INFO - Found and skipped 604 duplicate game(s) already present in the database.
2025-05-19 20:11:45 - INFO - Found 663 new unique games.
2025-05-19 20:11:45 - INFO - Database size: 57754 -> 58417 (+663)
2025-05-19 20:11:46 - INFO - Database saved successfully to basil_ladder_games.csv
2025-05-19 20:11:46 - INFO - Step 6: Skipping replay download.
2025-05-19 20:11:46 - INFO - ==============================
2025-05-19 20:11:46 - INFO - Automated Scrape Task Finished
2025-05-19 20:11:46 - INFO - Outcome: SUCCESS
2025-05-19 20:11:46 - INFO - Total Duration: 96.28 seconds
2025-05-19 20:11:46 - INFO - ==============================
2025-05-20 08:13:16 - INFO - ==============================
2025-05-20 08:13:16 - INFO - Starting Automated Scrape Task
2025-05-20 08:13:16 - INFO - Download replays: Disabled
2025-05-20 08:13:16 - INFO - ==============================
2025-05-20 08:13:16 - INFO - Step 1: Loading existing game data...
2025-05-20 08:13:16 - INFO - Loading existing games data from basil_ladder_games.csv
2025-05-20 08:13:17 - INFO - Loaded 58417 games from existing database.
2025-05-20 08:13:17 - INFO - Step 2: Skipping syncing replay status.
2025-05-20 08:13:17 - INFO - Step 3: Fetching bot ratings...
2025-05-20 08:13:17 - INFO - Fetching master rating list from https://data.basil-ladder.net/stats/ranking.json...
2025-05-20 08:13:17 - INFO - Successfully loaded ratings for 290 bots from JSON.
2025-05-20 08:13:17 - INFO - Step 4: Extracting new games from BASIL ladder...
2025-05-20 08:13:17 - INFO - Fetching latest games from BASIL Ladder (Last 24h)...
2025-05-20 08:13:19 - INFO - Navigating to https://basil.bytekeeper.org/...
2025-05-20 08:13:20 - INFO - Waiting for page to load...
2025-05-20 08:13:20 - INFO - Clicking 'Last 24h' button...
2025-05-20 08:13:24 - INFO - Found 1211 games in the table
2025-05-20 08:14:30 - INFO - Browser closed.
2025-05-20 08:14:30 - INFO - Extracted data for 1211 games from the page.
2025-05-20 08:14:30 - INFO - Step 5: Updating games database with new games...
2025-05-20 08:14:30 - INFO - Attempting to update game database with newly scraped games...
2025-05-20 08:14:30 - INFO - Existing games in database: 58417
2025-05-20 08:14:30 - INFO - New games scraped: 1211
2025-05-20 08:14:49 - INFO - Found and skipped 683 duplicate game(s) already present in the database.
2025-05-20 08:14:49 - INFO - Found 528 new unique games.
2025-05-20 08:14:49 - INFO - Database size: 58417 -> 58945 (+528)
2025-05-20 08:14:50 - INFO - Database saved successfully to basil_ladder_games.csv
2025-05-20 08:14:50 - INFO - Step 6: Skipping replay download.
2025-05-20 08:14:50 - INFO - ==============================
2025-05-20 08:14:50 - INFO - Automated Scrape Task Finished
2025-05-20 08:14:50 - INFO - Outcome: SUCCESS
2025-05-20 08:14:50 - INFO - Total Duration: 93.18 seconds
2025-05-20 08:14:50 - INFO - ==============================
2025-05-20 20:10:20 - INFO - ==============================
2025-05-20 20:10:20 - INFO - Starting Automated Scrape Task
2025-05-20 20:10:20 - INFO - Download replays: Disabled
2025-05-20 20:10:20 - INFO - ==============================
2025-05-20 20:10:20 - INFO - Step 1: Loading existing game data...
2025-05-20 20:10:20 - INFO - Loading existing games data from basil_ladder_games.csv
2025-05-20 20:10:20 - INFO - Loaded 58945 games from existing database.
2025-05-20 20:10:20 - INFO - Step 2: Skipping syncing replay status.
2025-05-20 20:10:20 - INFO - Step 3: Fetching bot ratings...
2025-05-20 20:10:20 - INFO - Fetching master rating list from https://data.basil-ladder.net/stats/ranking.json...
2025-05-20 20:10:21 - INFO - Successfully loaded ratings for 290 bots from JSON.
2025-05-20 20:10:21 - INFO - Step 4: Extracting new games from BASIL ladder...
2025-05-20 20:10:21 - INFO - Fetching latest games from BASIL Ladder (Last 24h)...
2025-05-20 20:10:37 - INFO - Navigating to https://basil.bytekeeper.org/...
2025-05-20 20:10:38 - INFO - Waiting for page to load...
2025-05-20 20:10:38 - INFO - Clicking 'Last 24h' button...
2025-05-20 20:10:42 - INFO - Found 1205 games in the table
2025-05-20 20:11:48 - INFO - Browser closed.
2025-05-20 20:11:48 - INFO - Extracted data for 1205 games from the page.
2025-05-20 20:11:48 - INFO - Step 5: Updating games database with new games...
2025-05-20 20:11:48 - INFO - Attempting to update game database with newly scraped games...
2025-05-20 20:11:48 - INFO - Existing games in database: 58945
2025-05-20 20:11:48 - INFO - New games scraped: 1205
2025-05-20 20:12:07 - INFO - Found and skipped 579 duplicate game(s) already present in the database.
2025-05-20 20:12:07 - INFO - Found 626 new unique games.
2025-05-20 20:12:07 - INFO - Database size: 58945 -> 59571 (+626)
2025-05-20 20:12:07 - INFO - Database saved successfully to basil_ladder_games.csv
2025-05-20 20:12:07 - INFO - Step 6: Skipping replay download.
2025-05-20 20:12:07 - INFO - ==============================
2025-05-20 20:12:07 - INFO - Automated Scrape Task Finished
2025-05-20 20:12:07 - INFO - Outcome: SUCCESS
2025-05-20 20:12:07 - INFO - Total Duration: 107.02 seconds
2025-05-20 20:12:07 - INFO - ==============================
2025-05-21 08:12:51 - INFO - ==============================
2025-05-21 08:12:51 - INFO - Starting Automated Scrape Task
2025-05-21 08:12:51 - INFO - Download replays: Disabled
2025-05-21 08:12:51 - INFO - ==============================
2025-05-21 08:12:51 - INFO - Step 1: Loading existing game data...
2025-05-21 08:12:51 - INFO - Loading existing games data from basil_ladder_games.csv
2025-05-21 08:12:51 - INFO - Loaded 59571 games from existing database.
2025-05-21 08:12:51 - INFO - Step 2: Skipping syncing replay status.
2025-05-21 08:12:51 - INFO - Step 3: Fetching bot ratings...
2025-05-21 08:12:51 - INFO - Fetching master rating list from https://data.basil-ladder.net/stats/ranking.json...
2025-05-21 08:12:51 - INFO - Successfully loaded ratings for 290 bots from JSON.
2025-05-21 08:12:51 - INFO - Step 4: Extracting new games from BASIL ladder...
2025-05-21 08:12:51 - INFO - Fetching latest games from BASIL Ladder (Last 24h)...
2025-05-21 08:13:11 - INFO - Navigating to https://basil.bytekeeper.org/...
2025-05-21 08:13:13 - INFO - Waiting for page to load...
2025-05-21 08:13:13 - INFO - Clicking 'Last 24h' button...
2025-05-21 08:13:17 - INFO - Found 1221 games in the table
2025-05-21 08:14:25 - INFO - Browser closed.
2025-05-21 08:14:25 - INFO - Extracted data for 1221 games from the page.
2025-05-21 08:14:25 - INFO - Step 5: Updating games database with new games...
2025-05-21 08:14:25 - INFO - Attempting to update game database with newly scraped games...
2025-05-21 08:14:25 - INFO - Existing games in database: 59571
2025-05-21 08:14:25 - INFO - New games scraped: 1221
2025-05-21 08:14:45 - INFO - Found and skipped 638 duplicate game(s) already present in the database.
2025-05-21 08:14:45 - INFO - Found 583 new unique games.
2025-05-21 08:14:45 - INFO - Database size: 59571 -> 60154 (+583)
2025-05-21 08:14:45 - INFO - Database saved successfully to basil_ladder_games.csv
2025-05-21 08:14:45 - INFO - Step 6: Skipping replay download.
2025-05-21 08:14:45 - INFO - ==============================
2025-05-21 08:14:45 - INFO - Automated Scrape Task Finished
2025-05-21 08:14:45 - INFO - Outcome: SUCCESS
2025-05-21 08:14:45 - INFO - Total Duration: 114.43 seconds
2025-05-21 08:14:45 - INFO - ==============================
2025-05-21 20:10:07 - INFO - ==============================
2025-05-21 20:10:07 - INFO - Starting Automated Scrape Task
2025-05-21 20:10:07 - INFO - Download replays: Disabled
2025-05-21 20:10:07 - INFO - ==============================
2025-05-21 20:10:07 - INFO - Step 1: Loading existing game data...
2025-05-21 20:10:07 - INFO - Loading existing games data from basil_ladder_games.csv
2025-05-21 20:10:07 - INFO - Loaded 60154 games from existing database.
2025-05-21 20:10:07 - INFO - Step 2: Skipping syncing replay status.
2025-05-21 20:10:07 - INFO - Step 3: Fetching bot ratings...
2025-05-21 20:10:07 - INFO - Fetching master rating list from https://data.basil-ladder.net/stats/ranking.json...
2025-05-21 20:10:08 - INFO - Successfully loaded ratings for 290 bots from JSON.
2025-05-21 20:10:08 - INFO - Step 4: Extracting new games from BASIL ladder...
2025-05-21 20:10:08 - INFO - Fetching latest games from BASIL Ladder (Last 24h)...
2025-05-21 20:10:18 - INFO - Navigating to https://basil.bytekeeper.org/...
2025-05-21 20:10:19 - INFO - Waiting for page to load...
2025-05-21 20:10:20 - INFO - Clicking 'Last 24h' button...
2025-05-21 20:10:23 - INFO - Found 1272 games in the table
2025-05-21 20:11:34 - INFO - Browser closed.
2025-05-21 20:11:34 - INFO - Extracted data for 1272 games from the page.
2025-05-21 20:11:34 - INFO - Step 5: Updating games database with new games...
2025-05-21 20:11:34 - INFO - Attempting to update game database with newly scraped games...
2025-05-21 20:11:34 - INFO - Existing games in database: 60154
2025-05-21 20:11:34 - INFO - New games scraped: 1272
2025-05-21 20:11:55 - INFO - Found and skipped 576 duplicate game(s) already present in the database.
2025-05-21 20:11:55 - INFO - Found 696 new unique games.
2025-05-21 20:11:55 - INFO - Database size: 60154 -> 60850 (+696)
2025-05-21 20:11:55 - INFO - Database saved successfully to basil_ladder_games.csv
2025-05-21 20:11:55 - INFO - Step 6: Skipping replay download.
2025-05-21 20:11:55 - INFO - ==============================
2025-05-21 20:11:55 - INFO - Automated Scrape Task Finished
2025-05-21 20:11:55 - INFO - Outcome: SUCCESS
2025-05-21 20:11:55 - INFO - Total Duration: 107.89 seconds
2025-05-21 20:11:55 - INFO - ==============================
2025-05-22 08:12:52 - INFO - ==============================
2025-05-22 08:12:52 - INFO - Starting Automated Scrape Task
2025-05-22 08:12:52 - INFO - Download replays: Disabled
2025-05-22 08:12:52 - INFO - ==============================
2025-05-22 08:12:52 - INFO - Step 1: Loading existing game data...
2025-05-22 08:12:52 - INFO - Loading existing games data from basil_ladder_games.csv
2025-05-22 08:12:53 - INFO - Loaded 60850 games from existing database.
2025-05-22 08:12:53 - INFO - Step 2: Skipping syncing replay status.
2025-05-22 08:12:53 - INFO - Step 3: Fetching bot ratings...
2025-05-22 08:12:53 - INFO - Fetching master rating list from https://data.basil-ladder.net/stats/ranking.json...
2025-05-22 08:12:53 - INFO - Successfully loaded ratings for 290 bots from JSON.
2025-05-22 08:12:53 - INFO - Step 4: Extracting new games from BASIL ladder...
2025-05-22 08:12:53 - INFO - Fetching latest games from BASIL Ladder (Last 24h)...
2025-05-22 08:13:07 - INFO - Navigating to https://basil.bytekeeper.org/...
2025-05-22 08:13:08 - INFO - Waiting for page to load...
2025-05-22 08:13:08 - INFO - Clicking 'Last 24h' button...
2025-05-22 08:13:12 - INFO - Found 1197 games in the table
2025-05-22 08:14:18 - INFO - Browser closed.
2025-05-22 08:14:18 - INFO - Extracted data for 1197 games from the page.
2025-05-22 08:14:18 - INFO - Step 5: Updating games database with new games...
2025-05-22 08:14:18 - INFO - Attempting to update game database with newly scraped games...
2025-05-22 08:14:18 - INFO - Existing games in database: 60850
2025-05-22 08:14:18 - INFO - New games scraped: 1197
2025-05-22 08:14:38 - INFO - Found and skipped 753 duplicate game(s) already present in the database.
2025-05-22 08:14:38 - INFO - Found 444 new unique games.
2025-05-22 08:14:38 - INFO - Database size: 60850 -> 61294 (+444)
2025-05-22 08:14:38 - INFO - Database saved successfully to basil_ladder_games.csv
2025-05-22 08:14:38 - INFO - Step 6: Skipping replay download.
2025-05-22 08:14:38 - INFO - ==============================
2025-05-22 08:14:38 - INFO - Automated Scrape Task Finished
2025-05-22 08:14:38 - INFO - Outcome: SUCCESS
2025-05-22 08:14:38 - INFO - Total Duration: 105.44 seconds
2025-05-22 08:14:38 - INFO - ==============================
2025-05-22 20:10:22 - INFO - ==============================
2025-05-22 20:10:22 - INFO - Starting Automated Scrape Task
2025-05-22 20:10:22 - INFO - Download replays: Disabled
2025-05-22 20:10:22 - INFO - ==============================
2025-05-22 20:10:22 - INFO - Step 1: Loading existing game data...
2025-05-22 20:10:22 - INFO - Loading existing games data from basil_ladder_games.csv
2025-05-22 20:10:22 - INFO - Loaded 61294 games from existing database.
2025-05-22 20:10:22 - INFO - Step 2: Skipping syncing replay status.
2025-05-22 20:10:22 - INFO - Step 3: Fetching bot ratings...
2025-05-22 20:10:22 - INFO - Fetching master rating list from https://data.basil-ladder.net/stats/ranking.json...
2025-05-22 20:10:23 - INFO - Successfully loaded ratings for 290 bots from JSON.
2025-05-22 20:10:23 - INFO - Step 4: Extracting new games from BASIL ladder...
2025-05-22 20:10:23 - INFO - Fetching latest games from BASIL Ladder (Last 24h)...
2025-05-22 20:10:24 - INFO - Navigating to https://basil.bytekeeper.org/...
2025-05-22 20:10:24 - INFO - Waiting for page to load...
2025-05-22 20:10:35 - ERROR - An error occurred during Selenium extraction: Message: 
Stacktrace:
#0 0x56237e68e78a <unknown>
#1 0x56237e1310a0 <unknown>
#2 0x56237e1829b0 <unknown>
#3 0x56237e182ba1 <unknown>
#4 0x56237e1d0ea4 <unknown>
#5 0x56237e1a83cd <unknown>
#6 0x56237e1ce2a0 <unknown>
#7 0x56237e1a8173 <unknown>
#8 0x56237e174d4b <unknown>
#9 0x56237e1759b1 <unknown>
#10 0x56237e65393b <unknown>
#11 0x56237e65783a <unknown>
#12 0x56237e63b692 <unknown>
#13 0x56237e6583c4 <unknown>
#14 0x56237e6204cf <unknown>
#15 0x56237e67c568 <unknown>
#16 0x56237e67c746 <unknown>
#17 0x56237e68d5f6 <unknown>
#18 0x7fb2d769caa4 <unknown>
#19 0x7fb2d7729c3c <unknown>
Traceback (most recent call last):
  File "/home/runner/work/basil-replay-scraper/basil-replay-scraper/main.py", line 117, in extract_basil_ladder_games
    last_24h_button = wait.until(
  File "/opt/hostedtoolcache/Python/3.10.17/x64/lib/python3.10/site-packages/selenium/webdriver/support/wait.py", line 146, in until
    raise TimeoutException(message, screen, stacktrace)
selenium.common.exceptions.TimeoutException: Message: 
Stacktrace:
#0 0x56237e68e78a <unknown>
#1 0x56237e1310a0 <unknown>
#2 0x56237e1829b0 <unknown>
#3 0x56237e182ba1 <unknown>
#4 0x56237e1d0ea4 <unknown>
#5 0x56237e1a83cd <unknown>
#6 0x56237e1ce2a0 <unknown>
#7 0x56237e1a8173 <unknown>
#8 0x56237e174d4b <unknown>
#9 0x56237e1759b1 <unknown>
#10 0x56237e65393b <unknown>
#11 0x56237e65783a <unknown>
#12 0x56237e63b692 <unknown>
#13 0x56237e6583c4 <unknown>
#14 0x56237e6204cf <unknown>
#15 0x56237e67c568 <unknown>
#16 0x56237e67c746 <unknown>
#17 0x56237e68d5f6 <unknown>
#18 0x7fb2d769caa4 <unknown>
#19 0x7fb2d7729c3c <unknown>

2025-05-22 20:10:35 - INFO - Browser closed.
2025-05-22 20:10:35 - INFO - Extracted data for 0 games from the page.
2025-05-22 20:10:35 - INFO - Step 5: Updating games database with new games...
2025-05-22 20:10:35 - INFO - No new games scraped to update database.
2025-05-22 20:10:35 - INFO - Step 6: Skipping replay download.
2025-05-22 20:10:35 - INFO - ==============================
2025-05-22 20:10:35 - INFO - Automated Scrape Task Finished
2025-05-22 20:10:35 - INFO - Outcome: SUCCESS
2025-05-22 20:10:35 - INFO - Total Duration: 12.47 seconds
2025-05-22 20:10:35 - INFO - ==============================
2025-05-23 08:12:34 - INFO - ==============================
2025-05-23 08:12:34 - INFO - Starting Automated Scrape Task
2025-05-23 08:12:34 - INFO - Download replays: Disabled
2025-05-23 08:12:34 - INFO - ==============================
2025-05-23 08:12:34 - INFO - Step 1: Loading existing game data...
2025-05-23 08:12:34 - INFO - Loading existing games data from basil_ladder_games.csv
2025-05-23 08:12:34 - INFO - Loaded 61294 games from existing database.
2025-05-23 08:12:34 - INFO - Step 2: Skipping syncing replay status.
2025-05-23 08:12:34 - INFO - Step 3: Fetching bot ratings...
2025-05-23 08:12:34 - INFO - Fetching master rating list from https://data.basil-ladder.net/stats/ranking.json...
2025-05-23 08:12:35 - INFO - Successfully loaded ratings for 290 bots from JSON.
2025-05-23 08:12:35 - INFO - Step 4: Extracting new games from BASIL ladder...
2025-05-23 08:12:35 - INFO - Fetching latest games from BASIL Ladder (Last 24h)...
2025-05-23 08:12:36 - INFO - Navigating to https://basil.bytekeeper.org/...
2025-05-23 08:12:37 - INFO - Waiting for page to load...
2025-05-23 08:12:37 - INFO - Clicking 'Last 24h' button...
2025-05-23 08:12:41 - INFO - Found 1176 games in the table
2025-05-23 08:13:50 - INFO - Browser closed.
2025-05-23 08:13:50 - INFO - Extracted data for 1176 games from the page.
2025-05-23 08:13:50 - INFO - Step 5: Updating games database with new games...
2025-05-23 08:13:50 - INFO - Attempting to update game database with newly scraped games...
2025-05-23 08:13:50 - INFO - Existing games in database: 61294
2025-05-23 08:13:50 - INFO - New games scraped: 1176
2025-05-23 08:14:10 - INFO - Found and skipped 14 duplicate game(s) already present in the database.
2025-05-23 08:14:10 - INFO - Found 1162 new unique games.
2025-05-23 08:14:10 - INFO - Database size: 61294 -> 62456 (+1162)
2025-05-23 08:14:10 - INFO - Database saved successfully to basil_ladder_games.csv
2025-05-23 08:14:10 - INFO - Step 6: Skipping replay download.
2025-05-23 08:14:10 - INFO - ==============================
2025-05-23 08:14:10 - INFO - Automated Scrape Task Finished
2025-05-23 08:14:10 - INFO - Outcome: SUCCESS
2025-05-23 08:14:10 - INFO - Total Duration: 96.73 seconds
2025-05-23 08:14:10 - INFO - ==============================
2025-05-23 20:10:13 - INFO - ==============================
2025-05-23 20:10:13 - INFO - Starting Automated Scrape Task
2025-05-23 20:10:13 - INFO - Download replays: Disabled
2025-05-23 20:10:13 - INFO - ==============================
2025-05-23 20:10:13 - INFO - Step 1: Loading existing game data...
2025-05-23 20:10:13 - INFO - Loading existing games data from basil_ladder_games.csv
2025-05-23 20:10:14 - INFO - Loaded 62456 games from existing database.
2025-05-23 20:10:14 - INFO - Step 2: Skipping syncing replay status.
2025-05-23 20:10:14 - INFO - Step 3: Fetching bot ratings...
2025-05-23 20:10:14 - INFO - Fetching master rating list from https://data.basil-ladder.net/stats/ranking.json...
2025-05-23 20:10:14 - INFO - Successfully loaded ratings for 290 bots from JSON.
2025-05-23 20:10:14 - INFO - Step 4: Extracting new games from BASIL ladder...
2025-05-23 20:10:14 - INFO - Fetching latest games from BASIL Ladder (Last 24h)...
2025-05-23 20:10:15 - INFO - Navigating to https://basil.bytekeeper.org/...
2025-05-23 20:10:16 - INFO - Waiting for page to load...
2025-05-23 20:10:16 - INFO - Clicking 'Last 24h' button...
2025-05-23 20:10:19 - INFO - Found 1243 games in the table
2025-05-23 20:11:28 - INFO - Browser closed.
2025-05-23 20:11:28 - INFO - Extracted data for 1243 games from the page.
2025-05-23 20:11:28 - INFO - Step 5: Updating games database with new games...
2025-05-23 20:11:28 - INFO - Attempting to update game database with newly scraped games...
2025-05-23 20:11:28 - INFO - Existing games in database: 62456
2025-05-23 20:11:28 - INFO - New games scraped: 1243
2025-05-23 20:11:49 - INFO - Found and skipped 502 duplicate game(s) already present in the database.
2025-05-23 20:11:49 - INFO - Found 741 new unique games.
2025-05-23 20:11:49 - INFO - Database size: 62456 -> 63197 (+741)
2025-05-23 20:11:49 - INFO - Database saved successfully to basil_ladder_games.csv
2025-05-23 20:11:49 - INFO - Step 6: Skipping replay download.
2025-05-23 20:11:49 - INFO - ==============================
2025-05-23 20:11:49 - INFO - Automated Scrape Task Finished
2025-05-23 20:11:49 - INFO - Outcome: SUCCESS
2025-05-23 20:11:49 - INFO - Total Duration: 95.54 seconds
2025-05-23 20:11:49 - INFO - ==============================
2025-05-24 08:10:17 - INFO - ==============================
2025-05-24 08:10:17 - INFO - Starting Automated Scrape Task
2025-05-24 08:10:17 - INFO - Download replays: Disabled
2025-05-24 08:10:17 - INFO - ==============================
2025-05-24 08:10:17 - INFO - Step 1: Loading existing game data...
2025-05-24 08:10:17 - INFO - Loading existing games data from basil_ladder_games.csv
2025-05-24 08:10:17 - INFO - Loaded 63197 games from existing database.
2025-05-24 08:10:17 - INFO - Step 2: Skipping syncing replay status.
2025-05-24 08:10:17 - INFO - Step 3: Fetching bot ratings...
2025-05-24 08:10:17 - INFO - Fetching master rating list from https://data.basil-ladder.net/stats/ranking.json...
2025-05-24 08:10:18 - INFO - Successfully loaded ratings for 290 bots from JSON.
2025-05-24 08:10:18 - INFO - Step 4: Extracting new games from BASIL ladder...
2025-05-24 08:10:18 - INFO - Fetching latest games from BASIL Ladder (Last 24h)...
2025-05-24 08:10:19 - INFO - Navigating to https://basil.bytekeeper.org/...
2025-05-24 08:10:20 - INFO - Waiting for page to load...
2025-05-24 08:10:20 - INFO - Clicking 'Last 24h' button...
2025-05-24 08:10:23 - INFO - Found 1262 games in the table
2025-05-24 08:11:33 - INFO - Browser closed.
2025-05-24 08:11:33 - INFO - Extracted data for 1262 games from the page.
2025-05-24 08:11:33 - INFO - Step 5: Updating games database with new games...
2025-05-24 08:11:33 - INFO - Attempting to update game database with newly scraped games...
2025-05-24 08:11:33 - INFO - Existing games in database: 63197
2025-05-24 08:11:33 - INFO - New games scraped: 1262
2025-05-24 08:11:55 - INFO - Found and skipped 751 duplicate game(s) already present in the database.
2025-05-24 08:11:55 - INFO - Found 511 new unique games.
2025-05-24 08:11:55 - INFO - Database size: 63197 -> 63708 (+511)
2025-05-24 08:11:55 - INFO - Database saved successfully to basil_ladder_games.csv
2025-05-24 08:11:55 - INFO - Step 6: Skipping replay download.
2025-05-24 08:11:55 - INFO - ==============================
2025-05-24 08:11:55 - INFO - Automated Scrape Task Finished
2025-05-24 08:11:55 - INFO - Outcome: SUCCESS
2025-05-24 08:11:55 - INFO - Total Duration: 97.69 seconds
2025-05-24 08:11:55 - INFO - ==============================
2025-05-24 20:09:00 - INFO - ==============================
2025-05-24 20:09:00 - INFO - Starting Automated Scrape Task
2025-05-24 20:09:00 - INFO - Download replays: Disabled
2025-05-24 20:09:00 - INFO - ==============================
2025-05-24 20:09:00 - INFO - Step 1: Loading existing game data...
2025-05-24 20:09:00 - INFO - Loading existing games data from basil_ladder_games.csv
2025-05-24 20:09:00 - INFO - Loaded 63708 games from existing database.
2025-05-24 20:09:00 - INFO - Step 2: Skipping syncing replay status.
2025-05-24 20:09:00 - INFO - Step 3: Fetching bot ratings...
2025-05-24 20:09:00 - INFO - Fetching master rating list from https://data.basil-ladder.net/stats/ranking.json...
2025-05-24 20:09:01 - INFO - Successfully loaded ratings for 290 bots from JSON.
2025-05-24 20:09:01 - INFO - Step 4: Extracting new games from BASIL ladder...
2025-05-24 20:09:01 - INFO - Fetching latest games from BASIL Ladder (Last 24h)...
2025-05-24 20:09:09 - INFO - Navigating to https://basil.bytekeeper.org/...
2025-05-24 20:09:10 - INFO - Waiting for page to load...
2025-05-24 20:09:10 - INFO - Clicking 'Last 24h' button...
2025-05-24 20:09:13 - INFO - Found 1222 games in the table
2025-05-24 20:10:20 - INFO - Browser closed.
2025-05-24 20:10:20 - INFO - Extracted data for 1222 games from the page.
2025-05-24 20:10:20 - INFO - Step 5: Updating games database with new games...
2025-05-24 20:10:20 - INFO - Attempting to update game database with newly scraped games...
2025-05-24 20:10:20 - INFO - Existing games in database: 63708
2025-05-24 20:10:20 - INFO - New games scraped: 1222
2025-05-24 20:10:41 - INFO - Found and skipped 519 duplicate game(s) already present in the database.
2025-05-24 20:10:41 - INFO - Found 703 new unique games.
2025-05-24 20:10:41 - INFO - Database size: 63708 -> 64411 (+703)
2025-05-24 20:10:41 - INFO - Database saved successfully to basil_ladder_games.csv
2025-05-24 20:10:41 - INFO - Step 6: Skipping replay download.
2025-05-24 20:10:41 - INFO - ==============================
2025-05-24 20:10:41 - INFO - Automated Scrape Task Finished
2025-05-24 20:10:41 - INFO - Outcome: SUCCESS
2025-05-24 20:10:41 - INFO - Total Duration: 101.51 seconds
2025-05-24 20:10:41 - INFO - ==============================
2025-05-25 08:10:50 - INFO - ==============================
2025-05-25 08:10:50 - INFO - Starting Automated Scrape Task
2025-05-25 08:10:50 - INFO - Download replays: Disabled
2025-05-25 08:10:50 - INFO - ==============================
2025-05-25 08:10:50 - INFO - Step 1: Loading existing game data...
2025-05-25 08:10:50 - INFO - Loading existing games data from basil_ladder_games.csv
2025-05-25 08:10:51 - INFO - Loaded 64411 games from existing database.
2025-05-25 08:10:51 - INFO - Step 2: Skipping syncing replay status.
2025-05-25 08:10:51 - INFO - Step 3: Fetching bot ratings...
2025-05-25 08:10:51 - INFO - Fetching master rating list from https://data.basil-ladder.net/stats/ranking.json...
2025-05-25 08:10:51 - INFO - Successfully loaded ratings for 290 bots from JSON.
2025-05-25 08:10:51 - INFO - Step 4: Extracting new games from BASIL ladder...
2025-05-25 08:10:51 - INFO - Fetching latest games from BASIL Ladder (Last 24h)...
2025-05-25 08:10:58 - INFO - Navigating to https://basil.bytekeeper.org/...
2025-05-25 08:10:59 - INFO - Waiting for page to load...
2025-05-25 08:10:59 - INFO - Clicking 'Last 24h' button...
2025-05-25 08:11:02 - INFO - Found 1229 games in the table
2025-05-25 08:12:11 - INFO - Browser closed.
2025-05-25 08:12:11 - INFO - Extracted data for 1229 games from the page.
2025-05-25 08:12:11 - INFO - Step 5: Updating games database with new games...
2025-05-25 08:12:11 - INFO - Attempting to update game database with newly scraped games...
2025-05-25 08:12:11 - INFO - Existing games in database: 64411
2025-05-25 08:12:11 - INFO - New games scraped: 1229
2025-05-25 08:12:32 - INFO - Found and skipped 720 duplicate game(s) already present in the database.
2025-05-25 08:12:32 - INFO - Found 509 new unique games.
2025-05-25 08:12:32 - INFO - Database size: 64411 -> 64920 (+509)
2025-05-25 08:12:33 - INFO - Database saved successfully to basil_ladder_games.csv
2025-05-25 08:12:33 - INFO - Step 6: Skipping replay download.
2025-05-25 08:12:33 - INFO - ==============================
2025-05-25 08:12:33 - INFO - Automated Scrape Task Finished
2025-05-25 08:12:33 - INFO - Outcome: SUCCESS
2025-05-25 08:12:33 - INFO - Total Duration: 102.07 seconds
2025-05-25 08:12:33 - INFO - ==============================
2025-05-25 20:08:56 - INFO - ==============================
2025-05-25 20:08:56 - INFO - Starting Automated Scrape Task
2025-05-25 20:08:56 - INFO - Download replays: Disabled
2025-05-25 20:08:56 - INFO - ==============================
2025-05-25 20:08:56 - INFO - Step 1: Loading existing game data...
2025-05-25 20:08:56 - INFO - Loading existing games data from basil_ladder_games.csv
2025-05-25 20:08:57 - INFO - Loaded 64920 games from existing database.
2025-05-25 20:08:57 - INFO - Step 2: Skipping syncing replay status.
2025-05-25 20:08:57 - INFO - Step 3: Fetching bot ratings...
2025-05-25 20:08:57 - INFO - Fetching master rating list from https://data.basil-ladder.net/stats/ranking.json...
2025-05-25 20:08:57 - INFO - Successfully loaded ratings for 290 bots from JSON.
2025-05-25 20:08:57 - INFO - Step 4: Extracting new games from BASIL ladder...
2025-05-25 20:08:57 - INFO - Fetching latest games from BASIL Ladder (Last 24h)...
2025-05-25 20:08:58 - INFO - Navigating to https://basil.bytekeeper.org/...
2025-05-25 20:08:58 - INFO - Waiting for page to load...
2025-05-25 20:08:59 - INFO - Clicking 'Last 24h' button...
2025-05-25 20:09:02 - INFO - Found 1222 games in the table
2025-05-25 20:10:11 - INFO - Browser closed.
2025-05-25 20:10:11 - INFO - Extracted data for 1222 games from the page.
2025-05-25 20:10:11 - INFO - Step 5: Updating games database with new games...
2025-05-25 20:10:11 - INFO - Attempting to update game database with newly scraped games...
2025-05-25 20:10:11 - INFO - Existing games in database: 64920
2025-05-25 20:10:11 - INFO - New games scraped: 1222
2025-05-25 20:10:32 - INFO - Found and skipped 565 duplicate game(s) already present in the database.
2025-05-25 20:10:32 - INFO - Found 657 new unique games.
2025-05-25 20:10:32 - INFO - Database size: 64920 -> 65577 (+657)
2025-05-25 20:10:33 - INFO - Database saved successfully to basil_ladder_games.csv
2025-05-25 20:10:33 - INFO - Step 6: Skipping replay download.
2025-05-25 20:10:33 - INFO - ==============================
2025-05-25 20:10:33 - INFO - Automated Scrape Task Finished
2025-05-25 20:10:33 - INFO - Outcome: SUCCESS
2025-05-25 20:10:33 - INFO - Total Duration: 96.30 seconds
2025-05-25 20:10:33 - INFO - ==============================
2025-05-26 08:20:32 - INFO - ==============================
2025-05-26 08:20:32 - INFO - Starting Automated Scrape Task
2025-05-26 08:20:32 - INFO - Download replays: Disabled
2025-05-26 08:20:32 - INFO - ==============================
2025-05-26 08:20:32 - INFO - Step 1: Loading existing game data...
2025-05-26 08:20:32 - INFO - Loading existing games data from basil_ladder_games.csv
2025-05-26 08:20:32 - INFO - Loaded 65577 games from existing database.
2025-05-26 08:20:32 - INFO - Step 2: Skipping syncing replay status.
2025-05-26 08:20:32 - INFO - Step 3: Fetching bot ratings...
2025-05-26 08:20:32 - INFO - Fetching master rating list from https://data.basil-ladder.net/stats/ranking.json...
2025-05-26 08:20:33 - INFO - Successfully loaded ratings for 290 bots from JSON.
2025-05-26 08:20:33 - INFO - Step 4: Extracting new games from BASIL ladder...
2025-05-26 08:20:33 - INFO - Fetching latest games from BASIL Ladder (Last 24h)...
2025-05-26 08:20:34 - INFO - Navigating to https://basil.bytekeeper.org/...
2025-05-26 08:20:34 - INFO - Waiting for page to load...
2025-05-26 08:20:34 - INFO - Clicking 'Last 24h' button...
2025-05-26 08:20:37 - INFO - Found 1327 games in the table
2025-05-26 08:21:50 - INFO - Browser closed.
2025-05-26 08:21:50 - INFO - Extracted data for 1327 games from the page.
2025-05-26 08:21:50 - INFO - Step 5: Updating games database with new games...
2025-05-26 08:21:50 - INFO - Attempting to update game database with newly scraped games...
2025-05-26 08:21:50 - INFO - Existing games in database: 65577
2025-05-26 08:21:50 - INFO - New games scraped: 1327
2025-05-26 08:22:13 - INFO - Found and skipped 663 duplicate game(s) already present in the database.
2025-05-26 08:22:13 - INFO - Found 664 new unique games.
2025-05-26 08:22:13 - INFO - Database size: 65577 -> 66241 (+664)
2025-05-26 08:22:14 - INFO - Database saved successfully to basil_ladder_games.csv
2025-05-26 08:22:14 - INFO - Step 6: Skipping replay download.
2025-05-26 08:22:14 - INFO - ==============================
2025-05-26 08:22:14 - INFO - Automated Scrape Task Finished
2025-05-26 08:22:14 - INFO - Outcome: SUCCESS
2025-05-26 08:22:14 - INFO - Total Duration: 101.94 seconds
2025-05-26 08:22:14 - INFO - ==============================
2025-05-26 20:09:47 - INFO - ==============================
2025-05-26 20:09:47 - INFO - Starting Automated Scrape Task
2025-05-26 20:09:47 - INFO - Download replays: Disabled
2025-05-26 20:09:47 - INFO - ==============================
2025-05-26 20:09:47 - INFO - Step 1: Loading existing game data...
2025-05-26 20:09:47 - INFO - Loading existing games data from basil_ladder_games.csv
2025-05-26 20:09:47 - INFO - Loaded 66241 games from existing database.
2025-05-26 20:09:47 - INFO - Step 2: Skipping syncing replay status.
2025-05-26 20:09:47 - INFO - Step 3: Fetching bot ratings...
2025-05-26 20:09:47 - INFO - Fetching master rating list from https://data.basil-ladder.net/stats/ranking.json...
2025-05-26 20:09:48 - INFO - Successfully loaded ratings for 290 bots from JSON.
2025-05-26 20:09:48 - INFO - Step 4: Extracting new games from BASIL ladder...
2025-05-26 20:09:48 - INFO - Fetching latest games from BASIL Ladder (Last 24h)...
2025-05-26 20:09:55 - INFO - Navigating to https://basil.bytekeeper.org/...
2025-05-26 20:09:56 - INFO - Waiting for page to load...
2025-05-26 20:09:56 - INFO - Clicking 'Last 24h' button...
2025-05-26 20:10:00 - INFO - Found 1332 games in the table
2025-05-26 20:11:14 - INFO - Browser closed.
2025-05-26 20:11:14 - INFO - Extracted data for 1332 games from the page.
2025-05-26 20:11:14 - INFO - Step 5: Updating games database with new games...
2025-05-26 20:11:14 - INFO - Attempting to update game database with newly scraped games...
2025-05-26 20:11:14 - INFO - Existing games in database: 66241
2025-05-26 20:11:14 - INFO - New games scraped: 1332
2025-05-26 20:11:38 - INFO - Found and skipped 681 duplicate game(s) already present in the database.
2025-05-26 20:11:38 - INFO - Found 651 new unique games.
2025-05-26 20:11:38 - INFO - Database size: 66241 -> 66892 (+651)
2025-05-26 20:11:38 - INFO - Database saved successfully to basil_ladder_games.csv
2025-05-26 20:11:38 - INFO - Step 6: Skipping replay download.
2025-05-26 20:11:38 - INFO - ==============================
2025-05-26 20:11:38 - INFO - Automated Scrape Task Finished
2025-05-26 20:11:38 - INFO - Outcome: SUCCESS
2025-05-26 20:11:38 - INFO - Total Duration: 110.99 seconds
2025-05-26 20:11:38 - INFO - ==============================
2025-05-27 08:12:53 - INFO - ==============================
2025-05-27 08:12:53 - INFO - Starting Automated Scrape Task
2025-05-27 08:12:53 - INFO - Download replays: Disabled
2025-05-27 08:12:53 - INFO - ==============================
2025-05-27 08:12:53 - INFO - Step 1: Loading existing game data...
2025-05-27 08:12:53 - INFO - Loading existing games data from basil_ladder_games.csv
2025-05-27 08:12:53 - INFO - Loaded 66892 games from existing database.
2025-05-27 08:12:53 - INFO - Step 2: Skipping syncing replay status.
2025-05-27 08:12:53 - INFO - Step 3: Fetching bot ratings...
2025-05-27 08:12:53 - INFO - Fetching master rating list from https://data.basil-ladder.net/stats/ranking.json...
2025-05-27 08:12:54 - INFO - Successfully loaded ratings for 290 bots from JSON.
2025-05-27 08:12:54 - INFO - Step 4: Extracting new games from BASIL ladder...
2025-05-27 08:12:54 - INFO - Fetching latest games from BASIL Ladder (Last 24h)...
2025-05-27 08:13:17 - INFO - Navigating to https://basil.bytekeeper.org/...
2025-05-27 08:13:19 - INFO - Waiting for page to load...
2025-05-27 08:13:19 - INFO - Clicking 'Last 24h' button...
2025-05-27 08:13:23 - INFO - Found 1289 games in the table
2025-05-27 08:14:39 - INFO - Browser closed.
2025-05-27 08:14:39 - INFO - Extracted data for 1289 games from the page.
2025-05-27 08:14:39 - INFO - Step 5: Updating games database with new games...
2025-05-27 08:14:39 - INFO - Attempting to update game database with newly scraped games...
2025-05-27 08:14:39 - INFO - Existing games in database: 66892
2025-05-27 08:14:39 - INFO - New games scraped: 1289
2025-05-27 08:15:02 - INFO - Found and skipped 694 duplicate game(s) already present in the database.
2025-05-27 08:15:02 - INFO - Found 595 new unique games.
2025-05-27 08:15:02 - INFO - Database size: 66892 -> 67487 (+595)
2025-05-27 08:15:02 - INFO - Database saved successfully to basil_ladder_games.csv
2025-05-27 08:15:02 - INFO - Step 6: Skipping replay download.
2025-05-27 08:15:02 - INFO - ==============================
2025-05-27 08:15:02 - INFO - Automated Scrape Task Finished
2025-05-27 08:15:02 - INFO - Outcome: SUCCESS
2025-05-27 08:15:02 - INFO - Total Duration: 129.40 seconds
2025-05-27 08:15:02 - INFO - ==============================
2025-05-27 20:10:19 - INFO - ==============================
2025-05-27 20:10:19 - INFO - Starting Automated Scrape Task
2025-05-27 20:10:19 - INFO - Download replays: Disabled
2025-05-27 20:10:19 - INFO - ==============================
2025-05-27 20:10:19 - INFO - Step 1: Loading existing game data...
2025-05-27 20:10:19 - INFO - Loading existing games data from basil_ladder_games.csv
2025-05-27 20:10:20 - INFO - Loaded 67487 games from existing database.
2025-05-27 20:10:20 - INFO - Step 2: Skipping syncing replay status.
2025-05-27 20:10:20 - INFO - Step 3: Fetching bot ratings...
2025-05-27 20:10:20 - INFO - Fetching master rating list from https://data.basil-ladder.net/stats/ranking.json...
2025-05-27 20:10:20 - INFO - Successfully loaded ratings for 290 bots from JSON.
2025-05-27 20:10:20 - INFO - Step 4: Extracting new games from BASIL ladder...
2025-05-27 20:10:20 - INFO - Fetching latest games from BASIL Ladder (Last 24h)...
2025-05-27 20:10:21 - INFO - Navigating to https://basil.bytekeeper.org/...
2025-05-27 20:10:22 - INFO - Waiting for page to load...
2025-05-27 20:10:22 - INFO - Clicking 'Last 24h' button...
2025-05-27 20:10:25 - INFO - Found 1321 games in the table
2025-05-27 20:11:41 - INFO - Browser closed.
2025-05-27 20:11:41 - INFO - Extracted data for 1321 games from the page.
2025-05-27 20:11:41 - INFO - Step 5: Updating games database with new games...
2025-05-27 20:11:41 - INFO - Attempting to update game database with newly scraped games...
2025-05-27 20:11:41 - INFO - Existing games in database: 67487
2025-05-27 20:11:41 - INFO - New games scraped: 1321
2025-05-27 20:12:05 - INFO - Found and skipped 591 duplicate game(s) already present in the database.
2025-05-27 20:12:05 - INFO - Found 730 new unique games.
2025-05-27 20:12:05 - INFO - Database size: 67487 -> 68217 (+730)
2025-05-27 20:12:05 - INFO - Database saved successfully to basil_ladder_games.csv
2025-05-27 20:12:05 - INFO - Step 6: Skipping replay download.
2025-05-27 20:12:05 - INFO - ==============================
2025-05-27 20:12:05 - INFO - Automated Scrape Task Finished
2025-05-27 20:12:05 - INFO - Outcome: SUCCESS
2025-05-27 20:12:05 - INFO - Total Duration: 105.73 seconds
2025-05-27 20:12:05 - INFO - ==============================
2025-05-28 08:12:50 - INFO - ==============================
2025-05-28 08:12:50 - INFO - Starting Automated Scrape Task
2025-05-28 08:12:50 - INFO - Download replays: Disabled
2025-05-28 08:12:50 - INFO - ==============================
2025-05-28 08:12:50 - INFO - Step 1: Loading existing game data...
2025-05-28 08:12:50 - INFO - Loading existing games data from basil_ladder_games.csv
2025-05-28 08:12:50 - INFO - Loaded 68217 games from existing database.
2025-05-28 08:12:50 - INFO - Step 2: Skipping syncing replay status.
2025-05-28 08:12:50 - INFO - Step 3: Fetching bot ratings...
2025-05-28 08:12:50 - INFO - Fetching master rating list from https://data.basil-ladder.net/stats/ranking.json...
2025-05-28 08:12:51 - INFO - Successfully loaded ratings for 290 bots from JSON.
2025-05-28 08:12:51 - INFO - Step 4: Extracting new games from BASIL ladder...
2025-05-28 08:12:51 - INFO - Fetching latest games from BASIL Ladder (Last 24h)...
2025-05-28 08:12:52 - INFO - Navigating to https://basil.bytekeeper.org/...
2025-05-28 08:12:52 - INFO - Waiting for page to load...
2025-05-28 08:12:52 - INFO - Clicking 'Last 24h' button...
2025-05-28 08:12:55 - INFO - Found 1285 games in the table
2025-05-28 08:14:09 - INFO - Browser closed.
2025-05-28 08:14:09 - INFO - Extracted data for 1285 games from the page.
2025-05-28 08:14:09 - INFO - Step 5: Updating games database with new games...
2025-05-28 08:14:09 - INFO - Attempting to update game database with newly scraped games...
2025-05-28 08:14:09 - INFO - Existing games in database: 68217
2025-05-28 08:14:09 - INFO - New games scraped: 1285
2025-05-28 08:14:32 - INFO - Found and skipped 746 duplicate game(s) already present in the database.
2025-05-28 08:14:32 - INFO - Found 539 new unique games.
2025-05-28 08:14:32 - INFO - Database size: 68217 -> 68756 (+539)
2025-05-28 08:14:33 - INFO - Database saved successfully to basil_ladder_games.csv
2025-05-28 08:14:33 - INFO - Step 6: Skipping replay download.
2025-05-28 08:14:33 - INFO - ==============================
2025-05-28 08:14:33 - INFO - Automated Scrape Task Finished
2025-05-28 08:14:33 - INFO - Outcome: SUCCESS
2025-05-28 08:14:33 - INFO - Total Duration: 102.54 seconds
2025-05-28 08:14:33 - INFO - ==============================
2025-05-28 20:10:15 - INFO - ==============================
2025-05-28 20:10:15 - INFO - Starting Automated Scrape Task
2025-05-28 20:10:15 - INFO - Download replays: Disabled
2025-05-28 20:10:15 - INFO - ==============================
2025-05-28 20:10:15 - INFO - Step 1: Loading existing game data...
2025-05-28 20:10:15 - INFO - Loading existing games data from basil_ladder_games.csv
2025-05-28 20:10:16 - INFO - Loaded 68756 games from existing database.
2025-05-28 20:10:16 - INFO - Step 2: Skipping syncing replay status.
2025-05-28 20:10:16 - INFO - Step 3: Fetching bot ratings...
2025-05-28 20:10:16 - INFO - Fetching master rating list from https://data.basil-ladder.net/stats/ranking.json...
2025-05-28 20:10:16 - INFO - Successfully loaded ratings for 290 bots from JSON.
2025-05-28 20:10:16 - INFO - Step 4: Extracting new games from BASIL ladder...
2025-05-28 20:10:16 - INFO - Fetching latest games from BASIL Ladder (Last 24h)...
2025-05-28 20:10:17 - INFO - Navigating to https://basil.bytekeeper.org/...
2025-05-28 20:10:18 - INFO - Waiting for page to load...
2025-05-28 20:10:18 - INFO - Clicking 'Last 24h' button...
2025-05-28 20:10:21 - INFO - Found 1262 games in the table
2025-05-28 20:11:31 - INFO - Browser closed.
2025-05-28 20:11:31 - INFO - Extracted data for 1262 games from the page.
2025-05-28 20:11:31 - INFO - Step 5: Updating games database with new games...
2025-05-28 20:11:31 - INFO - Attempting to update game database with newly scraped games...
2025-05-28 20:11:31 - INFO - Existing games in database: 68756
2025-05-28 20:11:31 - INFO - New games scraped: 1262
2025-05-28 20:11:54 - INFO - Found and skipped 561 duplicate game(s) already present in the database.
2025-05-28 20:11:54 - INFO - Found 701 new unique games.
2025-05-28 20:11:54 - INFO - Database size: 68756 -> 69457 (+701)
2025-05-28 20:11:55 - INFO - Database saved successfully to basil_ladder_games.csv
2025-05-28 20:11:55 - INFO - Step 6: Skipping replay download.
2025-05-28 20:11:55 - INFO - ==============================
2025-05-28 20:11:55 - INFO - Automated Scrape Task Finished
2025-05-28 20:11:55 - INFO - Outcome: SUCCESS
2025-05-28 20:11:55 - INFO - Total Duration: 99.46 seconds
2025-05-28 20:11:55 - INFO - ==============================
2025-05-29 08:12:49 - INFO - ==============================
2025-05-29 08:12:49 - INFO - Starting Automated Scrape Task
2025-05-29 08:12:49 - INFO - Download replays: Disabled
2025-05-29 08:12:49 - INFO - ==============================
2025-05-29 08:12:49 - INFO - Step 1: Loading existing game data...
2025-05-29 08:12:49 - INFO - Loading existing games data from basil_ladder_games.csv
2025-05-29 08:12:49 - INFO - Loaded 69457 games from existing database.
2025-05-29 08:12:49 - INFO - Step 2: Skipping syncing replay status.
2025-05-29 08:12:49 - INFO - Step 3: Fetching bot ratings...
2025-05-29 08:12:49 - INFO - Fetching master rating list from https://data.basil-ladder.net/stats/ranking.json...
2025-05-29 08:12:49 - INFO - Successfully loaded ratings for 290 bots from JSON.
2025-05-29 08:12:49 - INFO - Step 4: Extracting new games from BASIL ladder...
2025-05-29 08:12:49 - INFO - Fetching latest games from BASIL Ladder (Last 24h)...
2025-05-29 08:12:56 - INFO - Navigating to https://basil.bytekeeper.org/...
2025-05-29 08:12:57 - INFO - Waiting for page to load...
2025-05-29 08:12:57 - INFO - Clicking 'Last 24h' button...
2025-05-29 08:13:01 - INFO - Found 1257 games in the table
2025-05-29 08:14:14 - INFO - Browser closed.
2025-05-29 08:14:14 - INFO - Extracted data for 1257 games from the page.
2025-05-29 08:14:14 - INFO - Step 5: Updating games database with new games...
2025-05-29 08:14:14 - INFO - Attempting to update game database with newly scraped games...
2025-05-29 08:14:14 - INFO - Existing games in database: 69457
2025-05-29 08:14:14 - INFO - New games scraped: 1257
2025-05-29 08:14:37 - INFO - Found and skipped 720 duplicate game(s) already present in the database.
2025-05-29 08:14:37 - INFO - Found 537 new unique games.
2025-05-29 08:14:37 - INFO - Database size: 69457 -> 69994 (+537)
2025-05-29 08:14:38 - INFO - Database saved successfully to basil_ladder_games.csv
2025-05-29 08:14:38 - INFO - Step 6: Skipping replay download.
2025-05-29 08:14:38 - INFO - ==============================
2025-05-29 08:14:38 - INFO - Automated Scrape Task Finished
2025-05-29 08:14:38 - INFO - Outcome: SUCCESS
2025-05-29 08:14:38 - INFO - Total Duration: 109.15 seconds
2025-05-29 08:14:38 - INFO - ==============================
2025-05-29 20:10:41 - INFO - ==============================
2025-05-29 20:10:41 - INFO - Starting Automated Scrape Task
2025-05-29 20:10:41 - INFO - Download replays: Disabled
2025-05-29 20:10:41 - INFO - ==============================
2025-05-29 20:10:41 - INFO - Step 1: Loading existing game data...
2025-05-29 20:10:41 - INFO - Loading existing games data from basil_ladder_games.csv
2025-05-29 20:10:41 - INFO - Loaded 69994 games from existing database.
2025-05-29 20:10:41 - INFO - Step 2: Skipping syncing replay status.
2025-05-29 20:10:41 - INFO - Step 3: Fetching bot ratings...
2025-05-29 20:10:41 - INFO - Fetching master rating list from https://data.basil-ladder.net/stats/ranking.json...
2025-05-29 20:10:42 - INFO - Successfully loaded ratings for 290 bots from JSON.
2025-05-29 20:10:42 - INFO - Step 4: Extracting new games from BASIL ladder...
2025-05-29 20:10:42 - INFO - Fetching latest games from BASIL Ladder (Last 24h)...
2025-05-29 20:11:00 - INFO - Navigating to https://basil.bytekeeper.org/...
2025-05-29 20:11:02 - INFO - Waiting for page to load...
2025-05-29 20:11:02 - INFO - Clicking 'Last 24h' button...
2025-05-29 20:11:05 - INFO - Found 1257 games in the table
2025-05-29 20:12:15 - INFO - Browser closed.
2025-05-29 20:12:15 - INFO - Extracted data for 1257 games from the page.
2025-05-29 20:12:15 - INFO - Step 5: Updating games database with new games...
2025-05-29 20:12:15 - INFO - Attempting to update game database with newly scraped games...
2025-05-29 20:12:15 - INFO - Existing games in database: 69994
2025-05-29 20:12:15 - INFO - New games scraped: 1257
2025-05-29 20:12:38 - INFO - Found and skipped 583 duplicate game(s) already present in the database.
2025-05-29 20:12:38 - INFO - Found 674 new unique games.
2025-05-29 20:12:38 - INFO - Database size: 69994 -> 70668 (+674)
2025-05-29 20:12:38 - INFO - Database saved successfully to basil_ladder_games.csv
2025-05-29 20:12:38 - INFO - Step 6: Skipping replay download.
2025-05-29 20:12:38 - INFO - ==============================
2025-05-29 20:12:38 - INFO - Automated Scrape Task Finished
2025-05-29 20:12:38 - INFO - Outcome: SUCCESS
2025-05-29 20:12:38 - INFO - Total Duration: 117.16 seconds
2025-05-29 20:12:38 - INFO - ==============================
2025-05-30 08:12:48 - INFO - ==============================
2025-05-30 08:12:48 - INFO - Starting Automated Scrape Task
2025-05-30 08:12:48 - INFO - Download replays: Disabled
2025-05-30 08:12:48 - INFO - ==============================
2025-05-30 08:12:48 - INFO - Step 1: Loading existing game data...
2025-05-30 08:12:48 - INFO - Loading existing games data from basil_ladder_games.csv
2025-05-30 08:12:48 - INFO - Loaded 70668 games from existing database.
2025-05-30 08:12:48 - INFO - Step 2: Skipping syncing replay status.
2025-05-30 08:12:48 - INFO - Step 3: Fetching bot ratings...
2025-05-30 08:12:48 - INFO - Fetching master rating list from https://data.basil-ladder.net/stats/ranking.json...
2025-05-30 08:12:49 - INFO - Successfully loaded ratings for 290 bots from JSON.
2025-05-30 08:12:49 - INFO - Step 4: Extracting new games from BASIL ladder...
2025-05-30 08:12:49 - INFO - Fetching latest games from BASIL Ladder (Last 24h)...
2025-05-30 08:13:08 - INFO - Navigating to https://basil.bytekeeper.org/...
2025-05-30 08:13:09 - INFO - Waiting for page to load...
2025-05-30 08:13:09 - INFO - Clicking 'Last 24h' button...
2025-05-30 08:13:13 - INFO - Found 1242 games in the table
2025-05-30 08:14:26 - INFO - Browser closed.
2025-05-30 08:14:26 - INFO - Extracted data for 1242 games from the page.
2025-05-30 08:14:26 - INFO - Step 5: Updating games database with new games...
2025-05-30 08:14:26 - INFO - Attempting to update game database with newly scraped games...
2025-05-30 08:14:26 - INFO - Existing games in database: 70668
2025-05-30 08:14:26 - INFO - New games scraped: 1242
2025-05-30 08:14:49 - INFO - Found and skipped 694 duplicate game(s) already present in the database.
2025-05-30 08:14:49 - INFO - Found 548 new unique games.
2025-05-30 08:14:49 - INFO - Database size: 70668 -> 71216 (+548)
2025-05-30 08:14:49 - INFO - Database saved successfully to basil_ladder_games.csv
2025-05-30 08:14:49 - INFO - Step 6: Skipping replay download.
2025-05-30 08:14:49 - INFO - ==============================
2025-05-30 08:14:49 - INFO - Automated Scrape Task Finished
2025-05-30 08:14:49 - INFO - Outcome: SUCCESS
2025-05-30 08:14:49 - INFO - Total Duration: 121.21 seconds
2025-05-30 08:14:49 - INFO - ==============================
2025-05-30 20:10:11 - INFO - ==============================
2025-05-30 20:10:11 - INFO - Starting Automated Scrape Task
2025-05-30 20:10:11 - INFO - Download replays: Disabled
2025-05-30 20:10:11 - INFO - ==============================
2025-05-30 20:10:11 - INFO - Step 1: Loading existing game data...
2025-05-30 20:10:11 - INFO - Loading existing games data from basil_ladder_games.csv
2025-05-30 20:10:11 - INFO - Loaded 71216 games from existing database.
2025-05-30 20:10:11 - INFO - Step 2: Skipping syncing replay status.
2025-05-30 20:10:11 - INFO - Step 3: Fetching bot ratings...
2025-05-30 20:10:11 - INFO - Fetching master rating list from https://data.basil-ladder.net/stats/ranking.json...
2025-05-30 20:10:12 - INFO - Successfully loaded ratings for 290 bots from JSON.
2025-05-30 20:10:12 - INFO - Step 4: Extracting new games from BASIL ladder...
2025-05-30 20:10:12 - INFO - Fetching latest games from BASIL Ladder (Last 24h)...
2025-05-30 20:10:21 - INFO - Navigating to https://basil.bytekeeper.org/...
2025-05-30 20:10:22 - INFO - Waiting for page to load...
2025-05-30 20:10:22 - INFO - Clicking 'Last 24h' button...
2025-05-30 20:10:26 - INFO - Found 1249 games in the table
2025-05-30 20:11:39 - INFO - Browser closed.
2025-05-30 20:11:39 - INFO - Extracted data for 1249 games from the page.
2025-05-30 20:11:39 - INFO - Step 5: Updating games database with new games...
2025-05-30 20:11:39 - INFO - Attempting to update game database with newly scraped games...
2025-05-30 20:11:39 - INFO - Existing games in database: 71216
2025-05-30 20:11:39 - INFO - New games scraped: 1249
2025-05-30 20:12:03 - INFO - Found and skipped 550 duplicate game(s) already present in the database.
2025-05-30 20:12:03 - INFO - Found 699 new unique games.
2025-05-30 20:12:03 - INFO - Database size: 71216 -> 71915 (+699)
2025-05-30 20:12:03 - INFO - Database saved successfully to basil_ladder_games.csv
2025-05-30 20:12:03 - INFO - Step 6: Skipping replay download.
2025-05-30 20:12:03 - INFO - ==============================
2025-05-30 20:12:03 - INFO - Automated Scrape Task Finished
2025-05-30 20:12:03 - INFO - Outcome: SUCCESS
2025-05-30 20:12:03 - INFO - Total Duration: 111.78 seconds
2025-05-30 20:12:03 - INFO - ==============================
2025-05-31 08:11:10 - INFO - ==============================
2025-05-31 08:11:10 - INFO - Starting Automated Scrape Task
2025-05-31 08:11:10 - INFO - Download replays: Disabled
2025-05-31 08:11:10 - INFO - ==============================
2025-05-31 08:11:10 - INFO - Step 1: Loading existing game data...
2025-05-31 08:11:10 - INFO - Loading existing games data from basil_ladder_games.csv
2025-05-31 08:11:10 - INFO - Loaded 71915 games from existing database.
2025-05-31 08:11:10 - INFO - Step 2: Skipping syncing replay status.
2025-05-31 08:11:10 - INFO - Step 3: Fetching bot ratings...
2025-05-31 08:11:10 - INFO - Fetching master rating list from https://data.basil-ladder.net/stats/ranking.json...
2025-05-31 08:11:10 - INFO - Successfully loaded ratings for 290 bots from JSON.
2025-05-31 08:11:10 - INFO - Step 4: Extracting new games from BASIL ladder...
2025-05-31 08:11:10 - INFO - Fetching latest games from BASIL Ladder (Last 24h)...
2025-05-31 08:11:11 - INFO - Navigating to https://basil.bytekeeper.org/...
2025-05-31 08:11:12 - INFO - Waiting for page to load...
2025-05-31 08:11:12 - INFO - Clicking 'Last 24h' button...
2025-05-31 08:11:15 - INFO - Found 1213 games in the table
2025-05-31 08:12:22 - INFO - Browser closed.
2025-05-31 08:12:22 - INFO - Extracted data for 1213 games from the page.
2025-05-31 08:12:22 - INFO - Step 5: Updating games database with new games...
2025-05-31 08:12:22 - INFO - Attempting to update game database with newly scraped games...
2025-05-31 08:12:22 - INFO - Existing games in database: 71915
2025-05-31 08:12:22 - INFO - New games scraped: 1213
2025-05-31 08:12:45 - INFO - Found and skipped 749 duplicate game(s) already present in the database.
2025-05-31 08:12:45 - INFO - Found 464 new unique games.
2025-05-31 08:12:45 - INFO - Database size: 71915 -> 72379 (+464)
2025-05-31 08:12:45 - INFO - Database saved successfully to basil_ladder_games.csv
2025-05-31 08:12:45 - INFO - Step 6: Skipping replay download.
2025-05-31 08:12:45 - INFO - ==============================
2025-05-31 08:12:45 - INFO - Automated Scrape Task Finished
2025-05-31 08:12:45 - INFO - Outcome: SUCCESS
2025-05-31 08:12:45 - INFO - Total Duration: 95.69 seconds
2025-05-31 08:12:45 - INFO - ==============================
2025-05-31 20:08:50 - INFO - ==============================
2025-05-31 20:08:50 - INFO - Starting Automated Scrape Task
2025-05-31 20:08:50 - INFO - Download replays: Disabled
2025-05-31 20:08:50 - INFO - ==============================
2025-05-31 20:08:50 - INFO - Step 1: Loading existing game data...
2025-05-31 20:08:50 - INFO - Loading existing games data from basil_ladder_games.csv
2025-05-31 20:08:50 - INFO - Loaded 72379 games from existing database.
2025-05-31 20:08:50 - INFO - Step 2: Skipping syncing replay status.
2025-05-31 20:08:50 - INFO - Step 3: Fetching bot ratings...
2025-05-31 20:08:50 - INFO - Fetching master rating list from https://data.basil-ladder.net/stats/ranking.json...
2025-05-31 20:08:51 - INFO - Successfully loaded ratings for 290 bots from JSON.
2025-05-31 20:08:51 - INFO - Step 4: Extracting new games from BASIL ladder...
2025-05-31 20:08:51 - INFO - Fetching latest games from BASIL Ladder (Last 24h)...
2025-05-31 20:09:08 - INFO - Navigating to https://basil.bytekeeper.org/...
2025-05-31 20:09:10 - INFO - Waiting for page to load...
2025-05-31 20:09:10 - INFO - Clicking 'Last 24h' button...
2025-05-31 20:09:13 - INFO - Found 1192 games in the table
2025-05-31 20:10:17 - INFO - Browser closed.
2025-05-31 20:10:17 - INFO - Extracted data for 1192 games from the page.
2025-05-31 20:10:17 - INFO - Step 5: Updating games database with new games...
2025-05-31 20:10:17 - INFO - Attempting to update game database with newly scraped games...
2025-05-31 20:10:17 - INFO - Existing games in database: 72379
2025-05-31 20:10:17 - INFO - New games scraped: 1192
2025-05-31 20:10:39 - INFO - Found and skipped 478 duplicate game(s) already present in the database.
2025-05-31 20:10:39 - INFO - Found 714 new unique games.
2025-05-31 20:10:39 - INFO - Database size: 72379 -> 73093 (+714)
2025-05-31 20:10:39 - INFO - Database saved successfully to basil_ladder_games.csv
2025-05-31 20:10:39 - INFO - Step 6: Skipping replay download.
2025-05-31 20:10:39 - INFO - ==============================
2025-05-31 20:10:39 - INFO - Automated Scrape Task Finished
2025-05-31 20:10:39 - INFO - Outcome: SUCCESS
2025-05-31 20:10:39 - INFO - Total Duration: 109.26 seconds
2025-05-31 20:10:39 - INFO - ==============================
2025-06-01 08:11:22 - INFO - ==============================
2025-06-01 08:11:22 - INFO - Starting Automated Scrape Task
2025-06-01 08:11:22 - INFO - Download replays: Disabled
2025-06-01 08:11:22 - INFO - ==============================
2025-06-01 08:11:22 - INFO - Step 1: Loading existing game data...
2025-06-01 08:11:22 - INFO - Loading existing games data from basil_ladder_games.csv
2025-06-01 08:11:22 - INFO - Loaded 73093 games from existing database.
2025-06-01 08:11:22 - INFO - Step 2: Skipping syncing replay status.
2025-06-01 08:11:22 - INFO - Step 3: Fetching bot ratings...
2025-06-01 08:11:22 - INFO - Fetching master rating list from https://data.basil-ladder.net/stats/ranking.json...
2025-06-01 08:11:23 - INFO - Successfully loaded ratings for 290 bots from JSON.
2025-06-01 08:11:23 - INFO - Step 4: Extracting new games from BASIL ladder...
2025-06-01 08:11:23 - INFO - Fetching latest games from BASIL Ladder (Last 24h)...
2025-06-01 08:11:29 - INFO - Navigating to https://basil.bytekeeper.org/...
2025-06-01 08:11:30 - INFO - Waiting for page to load...
2025-06-01 08:11:30 - INFO - Clicking 'Last 24h' button...
2025-06-01 08:11:34 - INFO - Found 1184 games in the table
2025-06-01 08:12:39 - INFO - Browser closed.
2025-06-01 08:12:39 - INFO - Extracted data for 1184 games from the page.
2025-06-01 08:12:39 - INFO - Step 5: Updating games database with new games...
2025-06-01 08:12:39 - INFO - Attempting to update game database with newly scraped games...
2025-06-01 08:12:39 - INFO - Existing games in database: 73093
2025-06-01 08:12:39 - INFO - New games scraped: 1184
2025-06-01 08:13:01 - INFO - Found and skipped 741 duplicate game(s) already present in the database.
2025-06-01 08:13:01 - INFO - Found 443 new unique games.
2025-06-01 08:13:01 - INFO - Database size: 73093 -> 73536 (+443)
2025-06-01 08:13:02 - INFO - Database saved successfully to basil_ladder_games.csv
2025-06-01 08:13:02 - INFO - Step 6: Skipping replay download.
2025-06-01 08:13:02 - INFO - ==============================
2025-06-01 08:13:02 - INFO - Automated Scrape Task Finished
2025-06-01 08:13:02 - INFO - Outcome: SUCCESS
2025-06-01 08:13:02 - INFO - Total Duration: 99.74 seconds
2025-06-01 08:13:02 - INFO - ==============================
2025-06-01 20:09:17 - INFO - ==============================
2025-06-01 20:09:17 - INFO - Starting Automated Scrape Task
2025-06-01 20:09:17 - INFO - Download replays: Disabled
2025-06-01 20:09:17 - INFO - ==============================
2025-06-01 20:09:17 - INFO - Step 1: Loading existing game data...
2025-06-01 20:09:17 - INFO - Loading existing games data from basil_ladder_games.csv
2025-06-01 20:09:17 - INFO - Loaded 73536 games from existing database.
2025-06-01 20:09:17 - INFO - Step 2: Skipping syncing replay status.
2025-06-01 20:09:17 - INFO - Step 3: Fetching bot ratings...
2025-06-01 20:09:17 - INFO - Fetching master rating list from https://data.basil-ladder.net/stats/ranking.json...
2025-06-01 20:09:18 - INFO - Successfully loaded ratings for 290 bots from JSON.
2025-06-01 20:09:18 - INFO - Step 4: Extracting new games from BASIL ladder...
2025-06-01 20:09:18 - INFO - Fetching latest games from BASIL Ladder (Last 24h)...
2025-06-01 20:09:27 - INFO - Navigating to https://basil.bytekeeper.org/...
2025-06-01 20:09:28 - INFO - Waiting for page to load...
2025-06-01 20:09:28 - INFO - Clicking 'Last 24h' button...
2025-06-01 20:09:31 - INFO - Found 1199 games in the table
2025-06-01 20:10:38 - INFO - Browser closed.
2025-06-01 20:10:38 - INFO - Extracted data for 1199 games from the page.
2025-06-01 20:10:38 - INFO - Step 5: Updating games database with new games...
2025-06-01 20:10:38 - INFO - Attempting to update game database with newly scraped games...
2025-06-01 20:10:38 - INFO - Existing games in database: 73536
2025-06-01 20:10:38 - INFO - New games scraped: 1199
2025-06-01 20:11:01 - INFO - Found and skipped 471 duplicate game(s) already present in the database.
2025-06-01 20:11:01 - INFO - Found 728 new unique games.
2025-06-01 20:11:01 - INFO - Database size: 73536 -> 74264 (+728)
2025-06-01 20:11:02 - INFO - Database saved successfully to basil_ladder_games.csv
2025-06-01 20:11:02 - INFO - Step 6: Skipping replay download.
2025-06-01 20:11:02 - INFO - ==============================
2025-06-01 20:11:02 - INFO - Automated Scrape Task Finished
2025-06-01 20:11:02 - INFO - Outcome: SUCCESS
2025-06-01 20:11:02 - INFO - Total Duration: 104.40 seconds
2025-06-01 20:11:02 - INFO - ==============================
2025-06-02 08:14:04 - INFO - ==============================
2025-06-02 08:14:04 - INFO - Starting Automated Scrape Task
2025-06-02 08:14:04 - INFO - Download replays: Disabled
2025-06-02 08:14:04 - INFO - ==============================
2025-06-02 08:14:04 - INFO - Step 1: Loading existing game data...
2025-06-02 08:14:04 - INFO - Loading existing games data from basil_ladder_games.csv
2025-06-02 08:14:04 - INFO - Loaded 74264 games from existing database.
2025-06-02 08:14:04 - INFO - Step 2: Skipping syncing replay status.
2025-06-02 08:14:04 - INFO - Step 3: Fetching bot ratings...
2025-06-02 08:14:04 - INFO - Fetching master rating list from https://data.basil-ladder.net/stats/ranking.json...
2025-06-02 08:14:05 - INFO - Successfully loaded ratings for 290 bots from JSON.
2025-06-02 08:14:05 - INFO - Step 4: Extracting new games from BASIL ladder...
2025-06-02 08:14:05 - INFO - Fetching latest games from BASIL Ladder (Last 24h)...
2025-06-02 08:14:06 - INFO - Navigating to https://basil.bytekeeper.org/...
2025-06-02 08:14:06 - INFO - Waiting for page to load...
2025-06-02 08:14:06 - INFO - Clicking 'Last 24h' button...
2025-06-02 08:14:10 - INFO - Found 1310 games in the table
2025-06-02 08:15:22 - INFO - Browser closed.
2025-06-02 08:15:22 - INFO - Extracted data for 1310 games from the page.
2025-06-02 08:15:22 - INFO - Step 5: Updating games database with new games...
2025-06-02 08:15:22 - INFO - Attempting to update game database with newly scraped games...
2025-06-02 08:15:22 - INFO - Existing games in database: 74264
2025-06-02 08:15:22 - INFO - New games scraped: 1310
2025-06-02 08:15:47 - INFO - Found and skipped 730 duplicate game(s) already present in the database.
2025-06-02 08:15:47 - INFO - Found 580 new unique games.
2025-06-02 08:15:47 - INFO - Database size: 74264 -> 74844 (+580)
2025-06-02 08:15:48 - INFO - Database saved successfully to basil_ladder_games.csv
2025-06-02 08:15:48 - INFO - Step 6: Skipping replay download.
2025-06-02 08:15:48 - INFO - ==============================
2025-06-02 08:15:48 - INFO - Automated Scrape Task Finished
2025-06-02 08:15:48 - INFO - Outcome: SUCCESS
2025-06-02 08:15:48 - INFO - Total Duration: 103.53 seconds
2025-06-02 08:15:48 - INFO - ==============================
2025-06-02 20:10:32 - INFO - ==============================
2025-06-02 20:10:32 - INFO - Starting Automated Scrape Task
2025-06-02 20:10:32 - INFO - Download replays: Disabled
2025-06-02 20:10:32 - INFO - ==============================
2025-06-02 20:10:32 - INFO - Step 1: Loading existing game data...
2025-06-02 20:10:32 - INFO - Loading existing games data from basil_ladder_games.csv
2025-06-02 20:10:32 - INFO - Loaded 74844 games from existing database.
2025-06-02 20:10:32 - INFO - Step 2: Skipping syncing replay status.
2025-06-02 20:10:32 - INFO - Step 3: Fetching bot ratings...
2025-06-02 20:10:32 - INFO - Fetching master rating list from https://data.basil-ladder.net/stats/ranking.json...
2025-06-02 20:10:33 - INFO - Successfully loaded ratings for 290 bots from JSON.
2025-06-02 20:10:33 - INFO - Step 4: Extracting new games from BASIL ladder...
2025-06-02 20:10:33 - INFO - Fetching latest games from BASIL Ladder (Last 24h)...
2025-06-02 20:10:52 - INFO - Navigating to https://basil.bytekeeper.org/...
2025-06-02 20:10:54 - INFO - Waiting for page to load...
2025-06-02 20:10:54 - INFO - Clicking 'Last 24h' button...
2025-06-02 20:10:59 - INFO - Found 1255 games in the table
2025-06-02 20:12:11 - INFO - Browser closed.
2025-06-02 20:12:11 - INFO - Extracted data for 1255 games from the page.
2025-06-02 20:12:11 - INFO - Step 5: Updating games database with new games...
2025-06-02 20:12:11 - INFO - Attempting to update game database with newly scraped games...
2025-06-02 20:12:11 - INFO - Existing games in database: 74844
2025-06-02 20:12:11 - INFO - New games scraped: 1255
2025-06-02 20:12:36 - INFO - Found and skipped 597 duplicate game(s) already present in the database.
2025-06-02 20:12:36 - INFO - Found 658 new unique games.
2025-06-02 20:12:36 - INFO - Database size: 74844 -> 75502 (+658)
2025-06-02 20:12:36 - INFO - Database saved successfully to basil_ladder_games.csv
2025-06-02 20:12:36 - INFO - Step 6: Skipping replay download.
2025-06-02 20:12:36 - INFO - ==============================
2025-06-02 20:12:36 - INFO - Automated Scrape Task Finished
2025-06-02 20:12:36 - INFO - Outcome: SUCCESS
2025-06-02 20:12:36 - INFO - Total Duration: 124.75 seconds
2025-06-02 20:12:36 - INFO - ==============================
2025-06-03 08:13:49 - INFO - ==============================
2025-06-03 08:13:49 - INFO - Starting Automated Scrape Task
2025-06-03 08:13:49 - INFO - Download replays: Disabled
2025-06-03 08:13:49 - INFO - ==============================
2025-06-03 08:13:49 - INFO - Step 1: Loading existing game data...
2025-06-03 08:13:49 - INFO - Loading existing games data from basil_ladder_games.csv
2025-06-03 08:13:49 - INFO - Loaded 75502 games from existing database.
2025-06-03 08:13:49 - INFO - Step 2: Skipping syncing replay status.
2025-06-03 08:13:49 - INFO - Step 3: Fetching bot ratings...
2025-06-03 08:13:49 - INFO - Fetching master rating list from https://data.basil-ladder.net/stats/ranking.json...
2025-06-03 08:13:50 - INFO - Successfully loaded ratings for 290 bots from JSON.
2025-06-03 08:13:50 - INFO - Step 4: Extracting new games from BASIL ladder...
2025-06-03 08:13:50 - INFO - Fetching latest games from BASIL Ladder (Last 24h)...
2025-06-03 08:14:05 - INFO - Navigating to https://basil.bytekeeper.org/...
2025-06-03 08:14:07 - INFO - Waiting for page to load...
2025-06-03 08:14:07 - INFO - Clicking 'Last 24h' button...
2025-06-03 08:14:10 - INFO - Found 1239 games in the table
2025-06-03 08:15:20 - INFO - Browser closed.
2025-06-03 08:15:20 - INFO - Extracted data for 1239 games from the page.
2025-06-03 08:15:20 - INFO - Step 5: Updating games database with new games...
2025-06-03 08:15:20 - INFO - Attempting to update game database with newly scraped games...
2025-06-03 08:15:20 - INFO - Existing games in database: 75502
2025-06-03 08:15:20 - INFO - New games scraped: 1239
2025-06-03 08:15:44 - INFO - Found and skipped 699 duplicate game(s) already present in the database.
2025-06-03 08:15:44 - INFO - Found 540 new unique games.
2025-06-03 08:15:44 - INFO - Database size: 75502 -> 76042 (+540)
2025-06-03 08:15:44 - INFO - Database saved successfully to basil_ladder_games.csv
2025-06-03 08:15:44 - INFO - Step 6: Skipping replay download.
2025-06-03 08:15:44 - INFO - ==============================
2025-06-03 08:15:44 - INFO - Automated Scrape Task Finished
2025-06-03 08:15:44 - INFO - Outcome: SUCCESS
2025-06-03 08:15:44 - INFO - Total Duration: 115.19 seconds
2025-06-03 08:15:44 - INFO - ==============================
2025-06-03 20:10:34 - INFO - ==============================
2025-06-03 20:10:34 - INFO - Starting Automated Scrape Task
2025-06-03 20:10:34 - INFO - Download replays: Disabled
2025-06-03 20:10:34 - INFO - ==============================
2025-06-03 20:10:34 - INFO - Step 1: Loading existing game data...
2025-06-03 20:10:34 - INFO - Loading existing games data from basil_ladder_games.csv
2025-06-03 20:10:34 - INFO - Loaded 76042 games from existing database.
2025-06-03 20:10:34 - INFO - Step 2: Skipping syncing replay status.
2025-06-03 20:10:34 - INFO - Step 3: Fetching bot ratings...
2025-06-03 20:10:34 - INFO - Fetching master rating list from https://data.basil-ladder.net/stats/ranking.json...
2025-06-03 20:10:34 - INFO - Successfully loaded ratings for 290 bots from JSON.
2025-06-03 20:10:34 - INFO - Step 4: Extracting new games from BASIL ladder...
2025-06-03 20:10:34 - INFO - Fetching latest games from BASIL Ladder (Last 24h)...
2025-06-03 20:10:43 - INFO - Navigating to https://basil.bytekeeper.org/...
2025-06-03 20:10:44 - INFO - Waiting for page to load...
2025-06-03 20:10:44 - INFO - Clicking 'Last 24h' button...
2025-06-03 20:10:48 - INFO - Found 1276 games in the table
2025-06-03 20:12:02 - INFO - Browser closed.
2025-06-03 20:12:02 - INFO - Extracted data for 1276 games from the page.
2025-06-03 20:12:02 - INFO - Step 5: Updating games database with new games...
2025-06-03 20:12:02 - INFO - Attempting to update game database with newly scraped games...
2025-06-03 20:12:02 - INFO - Existing games in database: 76042
2025-06-03 20:12:02 - INFO - New games scraped: 1276
2025-06-03 20:12:27 - INFO - Found and skipped 617 duplicate game(s) already present in the database.
2025-06-03 20:12:27 - INFO - Found 659 new unique games.
2025-06-03 20:12:27 - INFO - Database size: 76042 -> 76701 (+659)
2025-06-03 20:12:28 - INFO - Database saved successfully to basil_ladder_games.csv
2025-06-03 20:12:28 - INFO - Step 6: Skipping replay download.
2025-06-03 20:12:28 - INFO - ==============================
2025-06-03 20:12:28 - INFO - Automated Scrape Task Finished
2025-06-03 20:12:28 - INFO - Outcome: SUCCESS
2025-06-03 20:12:28 - INFO - Total Duration: 114.09 seconds
2025-06-03 20:12:28 - INFO - ==============================
2025-06-04 08:13:14 - INFO - ==============================
2025-06-04 08:13:14 - INFO - Starting Automated Scrape Task
2025-06-04 08:13:14 - INFO - Download replays: Disabled
2025-06-04 08:13:14 - INFO - ==============================
2025-06-04 08:13:14 - INFO - Step 1: Loading existing game data...
2025-06-04 08:13:14 - INFO - Loading existing games data from basil_ladder_games.csv
2025-06-04 08:13:14 - INFO - Loaded 76701 games from existing database.
2025-06-04 08:13:14 - INFO - Step 2: Skipping syncing replay status.
2025-06-04 08:13:14 - INFO - Step 3: Fetching bot ratings...
2025-06-04 08:13:14 - INFO - Fetching master rating list from https://data.basil-ladder.net/stats/ranking.json...
2025-06-04 08:13:14 - INFO - Successfully loaded ratings for 291 bots from JSON.
2025-06-04 08:13:14 - INFO - Step 4: Extracting new games from BASIL ladder...
2025-06-04 08:13:14 - INFO - Fetching latest games from BASIL Ladder (Last 24h)...
2025-06-04 08:13:15 - INFO - Navigating to https://basil.bytekeeper.org/...
2025-06-04 08:13:16 - INFO - Waiting for page to load...
2025-06-04 08:13:16 - INFO - Clicking 'Last 24h' button...
2025-06-04 08:13:19 - INFO - Found 1256 games in the table
2025-06-04 08:14:30 - INFO - Browser closed.
2025-06-04 08:14:30 - INFO - Extracted data for 1256 games from the page.
2025-06-04 08:14:30 - INFO - Step 5: Updating games database with new games...
2025-06-04 08:14:30 - INFO - Attempting to update game database with newly scraped games...
2025-06-04 08:14:30 - INFO - Existing games in database: 76701
2025-06-04 08:14:30 - INFO - New games scraped: 1256
2025-06-04 08:14:55 - INFO - Found and skipped 663 duplicate game(s) already present in the database.
2025-06-04 08:14:55 - INFO - Found 593 new unique games.
2025-06-04 08:14:55 - INFO - Database size: 76701 -> 77294 (+593)
2025-06-04 08:14:55 - INFO - Database saved successfully to basil_ladder_games.csv
2025-06-04 08:14:55 - INFO - Step 6: Skipping replay download.
2025-06-04 08:14:55 - INFO - ==============================
2025-06-04 08:14:55 - INFO - Automated Scrape Task Finished
2025-06-04 08:14:55 - INFO - Outcome: SUCCESS
2025-06-04 08:14:55 - INFO - Total Duration: 101.56 seconds
2025-06-04 08:14:55 - INFO - ==============================
2025-06-04 20:08:19 - INFO - ==============================
2025-06-04 20:08:19 - INFO - Starting Automated Scrape Task
2025-06-04 20:08:19 - INFO - Download replays: Disabled
2025-06-04 20:08:19 - INFO - ==============================
2025-06-04 20:08:19 - INFO - Step 1: Loading existing game data...
2025-06-04 20:08:19 - INFO - Loading existing games data from basil_ladder_games.csv
2025-06-04 20:08:19 - INFO - Loaded 77294 games from existing database.
2025-06-04 20:08:19 - INFO - Step 2: Skipping syncing replay status.
2025-06-04 20:08:19 - INFO - Step 3: Fetching bot ratings...
2025-06-04 20:08:19 - INFO - Fetching master rating list from https://data.basil-ladder.net/stats/ranking.json...
2025-06-04 20:08:20 - INFO - Successfully loaded ratings for 291 bots from JSON.
2025-06-04 20:08:20 - INFO - Step 4: Extracting new games from BASIL ladder...
2025-06-04 20:08:20 - INFO - Fetching latest games from BASIL Ladder (Last 24h)...
2025-06-04 20:08:23 - INFO - Navigating to https://basil.bytekeeper.org/...
2025-06-04 20:08:25 - INFO - Waiting for page to load...
2025-06-04 20:08:25 - INFO - Clicking 'Last 24h' button...
2025-06-04 20:08:28 - INFO - Found 1209 games in the table
2025-06-04 20:09:35 - INFO - Browser closed.
2025-06-04 20:09:35 - INFO - Extracted data for 1209 games from the page.
2025-06-04 20:09:35 - INFO - Step 5: Updating games database with new games...
2025-06-04 20:09:35 - INFO - Attempting to update game database with newly scraped games...
2025-06-04 20:09:35 - INFO - Existing games in database: 77294
2025-06-04 20:09:35 - INFO - New games scraped: 1209
2025-06-04 20:09:59 - INFO - Found and skipped 553 duplicate game(s) already present in the database.
2025-06-04 20:09:59 - INFO - Found 656 new unique games.
2025-06-04 20:09:59 - INFO - Database size: 77294 -> 77950 (+656)
2025-06-04 20:10:00 - INFO - Database saved successfully to basil_ladder_games.csv
2025-06-04 20:10:00 - INFO - Step 6: Skipping replay download.
2025-06-04 20:10:00 - INFO - ==============================
2025-06-04 20:10:00 - INFO - Automated Scrape Task Finished
2025-06-04 20:10:00 - INFO - Outcome: SUCCESS
2025-06-04 20:10:00 - INFO - Total Duration: 100.92 seconds
2025-06-04 20:10:00 - INFO - ==============================
2025-06-05 08:13:03 - INFO - ==============================
2025-06-05 08:13:03 - INFO - Starting Automated Scrape Task
2025-06-05 08:13:03 - INFO - Download replays: Disabled
2025-06-05 08:13:03 - INFO - ==============================
2025-06-05 08:13:03 - INFO - Step 1: Loading existing game data...
2025-06-05 08:13:03 - INFO - Loading existing games data from basil_ladder_games.csv
2025-06-05 08:13:03 - INFO - Loaded 77950 games from existing database.
2025-06-05 08:13:03 - INFO - Step 2: Skipping syncing replay status.
2025-06-05 08:13:03 - INFO - Step 3: Fetching bot ratings...
2025-06-05 08:13:03 - INFO - Fetching master rating list from https://data.basil-ladder.net/stats/ranking.json...
2025-06-05 08:13:04 - INFO - Successfully loaded ratings for 291 bots from JSON.
2025-06-05 08:13:04 - INFO - Step 4: Extracting new games from BASIL ladder...
2025-06-05 08:13:04 - INFO - Fetching latest games from BASIL Ladder (Last 24h)...
2025-06-05 08:13:11 - INFO - Navigating to https://basil.bytekeeper.org/...
2025-06-05 08:13:12 - INFO - Waiting for page to load...
2025-06-05 08:13:12 - INFO - Clicking 'Last 24h' button...
2025-06-05 08:13:15 - INFO - Found 1204 games in the table
2025-06-05 08:14:22 - INFO - Browser closed.
2025-06-05 08:14:22 - INFO - Extracted data for 1204 games from the page.
2025-06-05 08:14:22 - INFO - Step 5: Updating games database with new games...
2025-06-05 08:14:22 - INFO - Attempting to update game database with newly scraped games...
2025-06-05 08:14:22 - INFO - Existing games in database: 77950
2025-06-05 08:14:22 - INFO - New games scraped: 1204
2025-06-05 08:14:47 - INFO - Found and skipped 672 duplicate game(s) already present in the database.
2025-06-05 08:14:47 - INFO - Found 532 new unique games.
2025-06-05 08:14:47 - INFO - Database size: 77950 -> 78482 (+532)
2025-06-05 08:14:47 - INFO - Database saved successfully to basil_ladder_games.csv
2025-06-05 08:14:47 - INFO - Step 6: Skipping replay download.
2025-06-05 08:14:47 - INFO - ==============================
2025-06-05 08:14:47 - INFO - Automated Scrape Task Finished
2025-06-05 08:14:47 - INFO - Outcome: SUCCESS
2025-06-05 08:14:47 - INFO - Total Duration: 103.85 seconds
2025-06-05 08:14:47 - INFO - ==============================
2025-06-05 20:08:45 - INFO - ==============================
2025-06-05 20:08:45 - INFO - Starting Automated Scrape Task
2025-06-05 20:08:45 - INFO - Download replays: Disabled
2025-06-05 20:08:45 - INFO - ==============================
2025-06-05 20:08:45 - INFO - Step 1: Loading existing game data...
2025-06-05 20:08:45 - INFO - Loading existing games data from basil_ladder_games.csv
2025-06-05 20:08:45 - INFO - Loaded 78482 games from existing database.
2025-06-05 20:08:45 - INFO - Step 2: Skipping syncing replay status.
2025-06-05 20:08:45 - INFO - Step 3: Fetching bot ratings...
2025-06-05 20:08:45 - INFO - Fetching master rating list from https://data.basil-ladder.net/stats/ranking.json...
2025-06-05 20:08:46 - INFO - Successfully loaded ratings for 291 bots from JSON.
2025-06-05 20:08:46 - INFO - Step 4: Extracting new games from BASIL ladder...
2025-06-05 20:08:46 - INFO - Fetching latest games from BASIL Ladder (Last 24h)...
2025-06-05 20:08:47 - INFO - Navigating to https://basil.bytekeeper.org/...
2025-06-05 20:08:48 - INFO - Waiting for page to load...
2025-06-05 20:08:48 - INFO - Clicking 'Last 24h' button...
2025-06-05 20:08:51 - INFO - Found 1195 games in the table
2025-06-05 20:09:57 - INFO - Browser closed.
2025-06-05 20:09:57 - INFO - Extracted data for 1195 games from the page.
2025-06-05 20:09:57 - INFO - Step 5: Updating games database with new games...
2025-06-05 20:09:57 - INFO - Attempting to update game database with newly scraped games...
2025-06-05 20:09:57 - INFO - Existing games in database: 78482
2025-06-05 20:09:57 - INFO - New games scraped: 1195
2025-06-05 20:10:22 - INFO - Found and skipped 570 duplicate game(s) already present in the database.
2025-06-05 20:10:22 - INFO - Found 625 new unique games.
2025-06-05 20:10:22 - INFO - Database size: 78482 -> 79107 (+625)
2025-06-05 20:10:22 - INFO - Database saved successfully to basil_ladder_games.csv
2025-06-05 20:10:22 - INFO - Step 6: Skipping replay download.
2025-06-05 20:10:22 - INFO - ==============================
2025-06-05 20:10:22 - INFO - Automated Scrape Task Finished
2025-06-05 20:10:22 - INFO - Outcome: SUCCESS
2025-06-05 20:10:22 - INFO - Total Duration: 97.01 seconds
2025-06-05 20:10:22 - INFO - ==============================
2025-06-06 08:12:54 - INFO - ==============================
2025-06-06 08:12:54 - INFO - Starting Automated Scrape Task
2025-06-06 08:12:54 - INFO - Download replays: Disabled
2025-06-06 08:12:54 - INFO - ==============================
2025-06-06 08:12:54 - INFO - Step 1: Loading existing game data...
2025-06-06 08:12:54 - INFO - Loading existing games data from basil_ladder_games.csv
2025-06-06 08:12:55 - INFO - Loaded 79107 games from existing database.
2025-06-06 08:12:55 - INFO - Step 2: Skipping syncing replay status.
2025-06-06 08:12:55 - INFO - Step 3: Fetching bot ratings...
2025-06-06 08:12:55 - INFO - Fetching master rating list from https://data.basil-ladder.net/stats/ranking.json...
2025-06-06 08:12:55 - INFO - Successfully loaded ratings for 291 bots from JSON.
2025-06-06 08:12:55 - INFO - Step 4: Extracting new games from BASIL ladder...
2025-06-06 08:12:55 - INFO - Fetching latest games from BASIL Ladder (Last 24h)...
2025-06-06 08:13:06 - INFO - Navigating to https://basil.bytekeeper.org/...
2025-06-06 08:13:07 - INFO - Waiting for page to load...
2025-06-06 08:13:07 - INFO - Clicking 'Last 24h' button...
2025-06-06 08:13:10 - INFO - Found 1144 games in the table
2025-06-06 08:14:15 - INFO - Browser closed.
2025-06-06 08:14:15 - INFO - Extracted data for 1144 games from the page.
2025-06-06 08:14:15 - INFO - Step 5: Updating games database with new games...
2025-06-06 08:14:15 - INFO - Attempting to update game database with newly scraped games...
2025-06-06 08:14:15 - INFO - Existing games in database: 79107
2025-06-06 08:14:15 - INFO - New games scraped: 1144
2025-06-06 08:14:39 - INFO - Found and skipped 663 duplicate game(s) already present in the database.
2025-06-06 08:14:39 - INFO - Found 481 new unique games.
2025-06-06 08:14:39 - INFO - Database size: 79107 -> 79588 (+481)
2025-06-06 08:14:39 - INFO - Database saved successfully to basil_ladder_games.csv
2025-06-06 08:14:39 - INFO - Step 6: Skipping replay download.
2025-06-06 08:14:39 - INFO - ==============================
2025-06-06 08:14:39 - INFO - Automated Scrape Task Finished
2025-06-06 08:14:39 - INFO - Outcome: SUCCESS
2025-06-06 08:14:39 - INFO - Total Duration: 105.00 seconds
2025-06-06 08:14:39 - INFO - ==============================
2025-06-06 20:10:36 - INFO - ==============================
2025-06-06 20:10:36 - INFO - Starting Automated Scrape Task
2025-06-06 20:10:36 - INFO - Download replays: Disabled
2025-06-06 20:10:36 - INFO - ==============================
2025-06-06 20:10:36 - INFO - Step 1: Loading existing game data...
2025-06-06 20:10:36 - INFO - Loading existing games data from basil_ladder_games.csv
2025-06-06 20:10:37 - INFO - Loaded 79588 games from existing database.
2025-06-06 20:10:37 - INFO - Step 2: Skipping syncing replay status.
2025-06-06 20:10:37 - INFO - Step 3: Fetching bot ratings...
2025-06-06 20:10:37 - INFO - Fetching master rating list from https://data.basil-ladder.net/stats/ranking.json...
2025-06-06 20:10:37 - INFO - Successfully loaded ratings for 291 bots from JSON.
2025-06-06 20:10:37 - INFO - Step 4: Extracting new games from BASIL ladder...
2025-06-06 20:10:37 - INFO - Fetching latest games from BASIL Ladder (Last 24h)...
2025-06-06 20:10:39 - INFO - Navigating to https://basil.bytekeeper.org/...
2025-06-06 20:10:39 - INFO - Waiting for page to load...
2025-06-06 20:10:39 - INFO - Clicking 'Last 24h' button...
2025-06-06 20:10:43 - INFO - Found 1186 games in the table
2025-06-06 20:11:48 - INFO - Browser closed.
2025-06-06 20:11:48 - INFO - Extracted data for 1186 games from the page.
2025-06-06 20:11:48 - INFO - Step 5: Updating games database with new games...
2025-06-06 20:11:48 - INFO - Attempting to update game database with newly scraped games...
2025-06-06 20:11:48 - INFO - Existing games in database: 79588
2025-06-06 20:11:48 - INFO - New games scraped: 1186
2025-06-06 20:12:13 - INFO - Found and skipped 477 duplicate game(s) already present in the database.
2025-06-06 20:12:13 - INFO - Found 709 new unique games.
2025-06-06 20:12:13 - INFO - Database size: 79588 -> 80297 (+709)
2025-06-06 20:12:13 - INFO - Database saved successfully to basil_ladder_games.csv
2025-06-06 20:12:13 - INFO - Step 6: Skipping replay download.
2025-06-06 20:12:13 - INFO - ==============================
2025-06-06 20:12:13 - INFO - Automated Scrape Task Finished
2025-06-06 20:12:13 - INFO - Outcome: SUCCESS
2025-06-06 20:12:13 - INFO - Total Duration: 96.70 seconds
2025-06-06 20:12:13 - INFO - ==============================
2025-06-07 08:10:44 - INFO - ==============================
2025-06-07 08:10:44 - INFO - Starting Automated Scrape Task
2025-06-07 08:10:44 - INFO - Download replays: Disabled
2025-06-07 08:10:44 - INFO - ==============================
2025-06-07 08:10:44 - INFO - Step 1: Loading existing game data...
2025-06-07 08:10:44 - INFO - Loading existing games data from basil_ladder_games.csv
2025-06-07 08:10:44 - INFO - Loaded 80297 games from existing database.
2025-06-07 08:10:44 - INFO - Step 2: Skipping syncing replay status.
2025-06-07 08:10:44 - INFO - Step 3: Fetching bot ratings...
2025-06-07 08:10:44 - INFO - Fetching master rating list from https://data.basil-ladder.net/stats/ranking.json...
2025-06-07 08:10:45 - INFO - Successfully loaded ratings for 291 bots from JSON.
2025-06-07 08:10:45 - INFO - Step 4: Extracting new games from BASIL ladder...
2025-06-07 08:10:45 - INFO - Fetching latest games from BASIL Ladder (Last 24h)...
2025-06-07 08:10:48 - INFO - Navigating to https://basil.bytekeeper.org/...
2025-06-07 08:10:49 - INFO - Waiting for page to load...
2025-06-07 08:10:49 - INFO - Clicking 'Last 24h' button...
2025-06-07 08:10:53 - INFO - Found 1205 games in the table
2025-06-07 08:12:00 - INFO - Browser closed.
2025-06-07 08:12:00 - INFO - Extracted data for 1205 games from the page.
2025-06-07 08:12:00 - INFO - Step 5: Updating games database with new games...
2025-06-07 08:12:00 - INFO - Attempting to update game database with newly scraped games...
2025-06-07 08:12:00 - INFO - Existing games in database: 80297
2025-06-07 08:12:00 - INFO - New games scraped: 1205
2025-06-07 08:12:25 - INFO - Found and skipped 706 duplicate game(s) already present in the database.
2025-06-07 08:12:25 - INFO - Found 499 new unique games.
2025-06-07 08:12:25 - INFO - Database size: 80297 -> 80796 (+499)
2025-06-07 08:12:26 - INFO - Database saved successfully to basil_ladder_games.csv
2025-06-07 08:12:26 - INFO - Step 6: Skipping replay download.
2025-06-07 08:12:26 - INFO - ==============================
2025-06-07 08:12:26 - INFO - Automated Scrape Task Finished
2025-06-07 08:12:26 - INFO - Outcome: SUCCESS
2025-06-07 08:12:26 - INFO - Total Duration: 101.77 seconds
2025-06-07 08:12:26 - INFO - ==============================
2025-06-07 20:09:09 - INFO - ==============================
2025-06-07 20:09:09 - INFO - Starting Automated Scrape Task
2025-06-07 20:09:09 - INFO - Download replays: Disabled
2025-06-07 20:09:09 - INFO - ==============================
2025-06-07 20:09:09 - INFO - Step 1: Loading existing game data...
2025-06-07 20:09:09 - INFO - Loading existing games data from basil_ladder_games.csv
2025-06-07 20:09:10 - INFO - Loaded 80796 games from existing database.
2025-06-07 20:09:10 - INFO - Step 2: Skipping syncing replay status.
2025-06-07 20:09:10 - INFO - Step 3: Fetching bot ratings...
2025-06-07 20:09:10 - INFO - Fetching master rating list from https://data.basil-ladder.net/stats/ranking.json...
2025-06-07 20:09:10 - INFO - Successfully loaded ratings for 291 bots from JSON.
2025-06-07 20:09:10 - INFO - Step 4: Extracting new games from BASIL ladder...
2025-06-07 20:09:10 - INFO - Fetching latest games from BASIL Ladder (Last 24h)...
2025-06-07 20:09:23 - INFO - Navigating to https://basil.bytekeeper.org/...
2025-06-07 20:09:24 - INFO - Waiting for page to load...
2025-06-07 20:09:24 - INFO - Clicking 'Last 24h' button...
2025-06-07 20:09:28 - INFO - Found 1242 games in the table
2025-06-07 20:10:38 - INFO - Browser closed.
2025-06-07 20:10:38 - INFO - Extracted data for 1242 games from the page.
2025-06-07 20:10:38 - INFO - Step 5: Updating games database with new games...
2025-06-07 20:10:38 - INFO - Attempting to update game database with newly scraped games...
2025-06-07 20:10:38 - INFO - Existing games in database: 80796
2025-06-07 20:10:38 - INFO - New games scraped: 1242
2025-06-07 20:11:04 - INFO - Found and skipped 512 duplicate game(s) already present in the database.
2025-06-07 20:11:04 - INFO - Found 730 new unique games.
2025-06-07 20:11:04 - INFO - Database size: 80796 -> 81526 (+730)
2025-06-07 20:11:05 - INFO - Database saved successfully to basil_ladder_games.csv
2025-06-07 20:11:05 - INFO - Step 6: Skipping replay download.
2025-06-07 20:11:05 - INFO - ==============================
2025-06-07 20:11:05 - INFO - Automated Scrape Task Finished
2025-06-07 20:11:05 - INFO - Outcome: SUCCESS
2025-06-07 20:11:05 - INFO - Total Duration: 115.13 seconds
2025-06-07 20:11:05 - INFO - ==============================
2025-06-08 08:11:10 - INFO - ==============================
2025-06-08 08:11:10 - INFO - Starting Automated Scrape Task
2025-06-08 08:11:10 - INFO - Download replays: Disabled
2025-06-08 08:11:10 - INFO - ==============================
2025-06-08 08:11:10 - INFO - Step 1: Loading existing game data...
2025-06-08 08:11:10 - INFO - Loading existing games data from basil_ladder_games.csv
2025-06-08 08:11:11 - INFO - Loaded 81526 games from existing database.
2025-06-08 08:11:11 - INFO - Step 2: Skipping syncing replay status.
2025-06-08 08:11:11 - INFO - Step 3: Fetching bot ratings...
2025-06-08 08:11:11 - INFO - Fetching master rating list from https://data.basil-ladder.net/stats/ranking.json...
2025-06-08 08:11:12 - INFO - Successfully loaded ratings for 291 bots from JSON.
2025-06-08 08:11:12 - INFO - Step 4: Extracting new games from BASIL ladder...
2025-06-08 08:11:12 - INFO - Fetching latest games from BASIL Ladder (Last 24h)...
2025-06-08 08:11:13 - INFO - Navigating to https://basil.bytekeeper.org/...
2025-06-08 08:11:13 - INFO - Waiting for page to load...
2025-06-08 08:11:13 - INFO - Clicking 'Last 24h' button...
2025-06-08 08:11:17 - INFO - Found 1223 games in the table
2025-06-08 08:12:23 - INFO - Browser closed.
2025-06-08 08:12:23 - INFO - Extracted data for 1223 games from the page.
2025-06-08 08:12:23 - INFO - Step 5: Updating games database with new games...
2025-06-08 08:12:23 - INFO - Attempting to update game database with newly scraped games...
2025-06-08 08:12:23 - INFO - Existing games in database: 81526
2025-06-08 08:12:23 - INFO - New games scraped: 1223
2025-06-08 08:12:49 - INFO - Found and skipped 778 duplicate game(s) already present in the database.
2025-06-08 08:12:49 - INFO - Found 445 new unique games.
2025-06-08 08:12:49 - INFO - Database size: 81526 -> 81971 (+445)
2025-06-08 08:12:50 - INFO - Database saved successfully to basil_ladder_games.csv
2025-06-08 08:12:50 - INFO - Step 6: Skipping replay download.
2025-06-08 08:12:50 - INFO - ==============================
2025-06-08 08:12:50 - INFO - Automated Scrape Task Finished
2025-06-08 08:12:50 - INFO - Outcome: SUCCESS
2025-06-08 08:12:50 - INFO - Total Duration: 99.17 seconds
2025-06-08 08:12:50 - INFO - ==============================
2025-06-08 20:09:13 - INFO - ==============================
2025-06-08 20:09:13 - INFO - Starting Automated Scrape Task
2025-06-08 20:09:13 - INFO - Download replays: Disabled
2025-06-08 20:09:13 - INFO - ==============================
2025-06-08 20:09:13 - INFO - Step 1: Loading existing game data...
2025-06-08 20:09:13 - INFO - Loading existing games data from basil_ladder_games.csv
2025-06-08 20:09:13 - INFO - Loaded 81971 games from existing database.
2025-06-08 20:09:13 - INFO - Step 2: Skipping syncing replay status.
2025-06-08 20:09:13 - INFO - Step 3: Fetching bot ratings...
2025-06-08 20:09:13 - INFO - Fetching master rating list from https://data.basil-ladder.net/stats/ranking.json...
2025-06-08 20:09:14 - INFO - Successfully loaded ratings for 291 bots from JSON.
2025-06-08 20:09:14 - INFO - Step 4: Extracting new games from BASIL ladder...
2025-06-08 20:09:14 - INFO - Fetching latest games from BASIL Ladder (Last 24h)...
2025-06-08 20:09:45 - INFO - Navigating to https://basil.bytekeeper.org/...
2025-06-08 20:09:49 - INFO - Waiting for page to load...
2025-06-08 20:09:50 - INFO - Clicking 'Last 24h' button...
2025-06-08 20:09:53 - INFO - Found 1120 games in the table
2025-06-08 20:10:55 - INFO - Browser closed.
2025-06-08 20:10:55 - INFO - Extracted data for 1120 games from the page.
2025-06-08 20:10:55 - INFO - Step 5: Updating games database with new games...
2025-06-08 20:10:55 - INFO - Attempting to update game database with newly scraped games...
2025-06-08 20:10:55 - INFO - Existing games in database: 81971
2025-06-08 20:10:55 - INFO - New games scraped: 1120
2025-06-08 20:11:20 - INFO - Found and skipped 458 duplicate game(s) already present in the database.
2025-06-08 20:11:20 - INFO - Found 662 new unique games.
2025-06-08 20:11:20 - INFO - Database size: 81971 -> 82633 (+662)
2025-06-08 20:11:20 - INFO - Database saved successfully to basil_ladder_games.csv
2025-06-08 20:11:20 - INFO - Step 6: Skipping replay download.
2025-06-08 20:11:20 - INFO - ==============================
2025-06-08 20:11:20 - INFO - Automated Scrape Task Finished
2025-06-08 20:11:20 - INFO - Outcome: SUCCESS
2025-06-08 20:11:20 - INFO - Total Duration: 127.06 seconds
2025-06-08 20:11:20 - INFO - ==============================
2025-06-09 08:14:05 - INFO - ==============================
2025-06-09 08:14:05 - INFO - Starting Automated Scrape Task
2025-06-09 08:14:05 - INFO - Download replays: Disabled
2025-06-09 08:14:05 - INFO - ==============================
2025-06-09 08:14:05 - INFO - Step 1: Loading existing game data...
2025-06-09 08:14:05 - INFO - Loading existing games data from basil_ladder_games.csv
2025-06-09 08:14:05 - INFO - Loaded 82633 games from existing database.
2025-06-09 08:14:05 - INFO - Step 2: Skipping syncing replay status.
2025-06-09 08:14:05 - INFO - Step 3: Fetching bot ratings...
2025-06-09 08:14:05 - INFO - Fetching master rating list from https://data.basil-ladder.net/stats/ranking.json...
2025-06-09 08:14:06 - INFO - Successfully loaded ratings for 291 bots from JSON.
2025-06-09 08:14:06 - INFO - Step 4: Extracting new games from BASIL ladder...
2025-06-09 08:14:06 - INFO - Fetching latest games from BASIL Ladder (Last 24h)...
2025-06-09 08:14:13 - INFO - Navigating to https://basil.bytekeeper.org/...
2025-06-09 08:14:14 - INFO - Waiting for page to load...
2025-06-09 08:14:14 - INFO - Clicking 'Last 24h' button...
2025-06-09 08:14:18 - INFO - Found 1233 games in the table
2025-06-09 08:15:27 - INFO - Browser closed.
2025-06-09 08:15:27 - INFO - Extracted data for 1233 games from the page.
2025-06-09 08:15:27 - INFO - Step 5: Updating games database with new games...
2025-06-09 08:15:27 - INFO - Attempting to update game database with newly scraped games...
2025-06-09 08:15:28 - INFO - Existing games in database: 82633
2025-06-09 08:15:28 - INFO - New games scraped: 1233
2025-06-09 08:15:54 - INFO - Found and skipped 655 duplicate game(s) already present in the database.
2025-06-09 08:15:54 - INFO - Found 578 new unique games.
2025-06-09 08:15:54 - INFO - Database size: 82633 -> 83211 (+578)
2025-06-09 08:15:55 - INFO - Database saved successfully to basil_ladder_games.csv
2025-06-09 08:15:55 - INFO - Step 6: Skipping replay download.
2025-06-09 08:15:55 - INFO - ==============================
2025-06-09 08:15:55 - INFO - Automated Scrape Task Finished
2025-06-09 08:15:55 - INFO - Outcome: SUCCESS
2025-06-09 08:15:55 - INFO - Total Duration: 109.46 seconds
2025-06-09 08:15:55 - INFO - ==============================
2025-06-09 20:10:11 - INFO - ==============================
2025-06-09 20:10:11 - INFO - Starting Automated Scrape Task
2025-06-09 20:10:11 - INFO - Download replays: Disabled
2025-06-09 20:10:11 - INFO - ==============================
2025-06-09 20:10:11 - INFO - Step 1: Loading existing game data...
2025-06-09 20:10:11 - INFO - Loading existing games data from basil_ladder_games.csv
2025-06-09 20:10:11 - INFO - Loaded 83211 games from existing database.
2025-06-09 20:10:11 - INFO - Step 2: Skipping syncing replay status.
2025-06-09 20:10:11 - INFO - Step 3: Fetching bot ratings...
2025-06-09 20:10:11 - INFO - Fetching master rating list from https://data.basil-ladder.net/stats/ranking.json...
2025-06-09 20:10:12 - INFO - Successfully loaded ratings for 291 bots from JSON.
2025-06-09 20:10:12 - INFO - Step 4: Extracting new games from BASIL ladder...
2025-06-09 20:10:12 - INFO - Fetching latest games from BASIL Ladder (Last 24h)...
2025-06-09 20:10:13 - INFO - Navigating to https://basil.bytekeeper.org/...
2025-06-09 20:10:14 - INFO - Waiting for page to load...
2025-06-09 20:10:14 - INFO - Clicking 'Last 24h' button...
2025-06-09 20:10:17 - INFO - Found 1289 games in the table
2025-06-09 20:11:25 - INFO - Browser closed.
2025-06-09 20:11:25 - INFO - Extracted data for 1289 games from the page.
2025-06-09 20:11:25 - INFO - Step 5: Updating games database with new games...
2025-06-09 20:11:25 - INFO - Attempting to update game database with newly scraped games...
2025-06-09 20:11:25 - INFO - Existing games in database: 83211
2025-06-09 20:11:25 - INFO - New games scraped: 1289
2025-06-09 20:11:53 - INFO - Found and skipped 599 duplicate game(s) already present in the database.
2025-06-09 20:11:53 - INFO - Found 690 new unique games.
2025-06-09 20:11:53 - INFO - Database size: 83211 -> 83901 (+690)
2025-06-09 20:11:54 - INFO - Database saved successfully to basil_ladder_games.csv
2025-06-09 20:11:54 - INFO - Step 6: Skipping replay download.
2025-06-09 20:11:54 - INFO - ==============================
2025-06-09 20:11:54 - INFO - Automated Scrape Task Finished
2025-06-09 20:11:54 - INFO - Outcome: SUCCESS
2025-06-09 20:11:54 - INFO - Total Duration: 102.89 seconds
2025-06-09 20:11:54 - INFO - ==============================
2025-06-10 08:13:21 - INFO - ==============================
2025-06-10 08:13:21 - INFO - Starting Automated Scrape Task
2025-06-10 08:13:21 - INFO - Download replays: Disabled
2025-06-10 08:13:21 - INFO - ==============================
2025-06-10 08:13:21 - INFO - Step 1: Loading existing game data...
2025-06-10 08:13:21 - INFO - Loading existing games data from basil_ladder_games.csv
2025-06-10 08:13:21 - INFO - Loaded 83901 games from existing database.
2025-06-10 08:13:21 - INFO - Step 2: Skipping syncing replay status.
2025-06-10 08:13:21 - INFO - Step 3: Fetching bot ratings...
2025-06-10 08:13:21 - INFO - Fetching master rating list from https://data.basil-ladder.net/stats/ranking.json...
2025-06-10 08:13:22 - INFO - Successfully loaded ratings for 291 bots from JSON.
2025-06-10 08:13:22 - INFO - Step 4: Extracting new games from BASIL ladder...
2025-06-10 08:13:22 - INFO - Fetching latest games from BASIL Ladder (Last 24h)...
2025-06-10 08:13:39 - INFO - Navigating to https://basil.bytekeeper.org/...
2025-06-10 08:13:41 - INFO - Waiting for page to load...
2025-06-10 08:13:41 - INFO - Clicking 'Last 24h' button...
2025-06-10 08:13:45 - INFO - Found 1251 games in the table
2025-06-10 08:14:53 - INFO - Browser closed.
2025-06-10 08:14:53 - INFO - Extracted data for 1251 games from the page.
2025-06-10 08:14:53 - INFO - Step 5: Updating games database with new games...
2025-06-10 08:14:53 - INFO - Attempting to update game database with newly scraped games...
2025-06-10 08:14:53 - INFO - Existing games in database: 83901
2025-06-10 08:14:53 - INFO - New games scraped: 1251
2025-06-10 08:15:24 - INFO - Found and skipped 735 duplicate game(s) already present in the database.
2025-06-10 08:15:24 - INFO - Found 516 new unique games.
2025-06-10 08:15:24 - INFO - Database size: 83901 -> 84417 (+516)
2025-06-10 08:15:24 - INFO - Database saved successfully to basil_ladder_games.csv
2025-06-10 08:15:24 - INFO - Step 6: Skipping replay download.
2025-06-10 08:15:24 - INFO - ==============================
2025-06-10 08:15:24 - INFO - Automated Scrape Task Finished
2025-06-10 08:15:24 - INFO - Outcome: SUCCESS
2025-06-10 08:15:24 - INFO - Total Duration: 123.62 seconds
2025-06-10 08:15:24 - INFO - ==============================
2025-06-10 20:10:36 - INFO - ==============================
2025-06-10 20:10:36 - INFO - Starting Automated Scrape Task
2025-06-10 20:10:36 - INFO - Download replays: Disabled
2025-06-10 20:10:36 - INFO - ==============================
2025-06-10 20:10:36 - INFO - Step 1: Loading existing game data...
2025-06-10 20:10:36 - INFO - Loading existing games data from basil_ladder_games.csv
2025-06-10 20:10:36 - INFO - Loaded 84417 games from existing database.
2025-06-10 20:10:36 - INFO - Step 2: Skipping syncing replay status.
2025-06-10 20:10:36 - INFO - Step 3: Fetching bot ratings...
2025-06-10 20:10:36 - INFO - Fetching master rating list from https://data.basil-ladder.net/stats/ranking.json...
2025-06-10 20:10:37 - INFO - Successfully loaded ratings for 291 bots from JSON.
2025-06-10 20:10:37 - INFO - Step 4: Extracting new games from BASIL ladder...
2025-06-10 20:10:37 - INFO - Fetching latest games from BASIL Ladder (Last 24h)...
2025-06-10 20:10:48 - INFO - Navigating to https://basil.bytekeeper.org/...
2025-06-10 20:10:49 - INFO - Waiting for page to load...
2025-06-10 20:10:49 - INFO - Clicking 'Last 24h' button...
2025-06-10 20:10:52 - INFO - Found 1248 games in the table
2025-06-10 20:12:02 - INFO - Browser closed.
2025-06-10 20:12:02 - INFO - Extracted data for 1248 games from the page.
2025-06-10 20:12:02 - INFO - Step 5: Updating games database with new games...
2025-06-10 20:12:02 - INFO - Attempting to update game database with newly scraped games...
2025-06-10 20:12:02 - INFO - Existing games in database: 84417
2025-06-10 20:12:02 - INFO - New games scraped: 1248
2025-06-10 20:12:29 - INFO - Found and skipped 533 duplicate game(s) already present in the database.
2025-06-10 20:12:29 - INFO - Found 715 new unique games.
2025-06-10 20:12:29 - INFO - Database size: 84417 -> 85132 (+715)
2025-06-10 20:12:30 - INFO - Database saved successfully to basil_ladder_games.csv
2025-06-10 20:12:30 - INFO - Step 6: Skipping replay download.
2025-06-10 20:12:30 - INFO - ==============================
2025-06-10 20:12:30 - INFO - Automated Scrape Task Finished
2025-06-10 20:12:30 - INFO - Outcome: SUCCESS
2025-06-10 20:12:30 - INFO - Total Duration: 113.63 seconds
2025-06-10 20:12:30 - INFO - ==============================
2025-06-11 08:13:03 - INFO - ==============================
2025-06-11 08:13:03 - INFO - Starting Automated Scrape Task
2025-06-11 08:13:03 - INFO - Download replays: Disabled
2025-06-11 08:13:03 - INFO - ==============================
2025-06-11 08:13:03 - INFO - Step 1: Loading existing game data...
2025-06-11 08:13:03 - INFO - Loading existing games data from basil_ladder_games.csv
2025-06-11 08:13:03 - INFO - Loaded 85132 games from existing database.
2025-06-11 08:13:03 - INFO - Step 2: Skipping syncing replay status.
2025-06-11 08:13:03 - INFO - Step 3: Fetching bot ratings...
2025-06-11 08:13:03 - INFO - Fetching master rating list from https://data.basil-ladder.net/stats/ranking.json...
2025-06-11 08:13:04 - INFO - Successfully loaded ratings for 291 bots from JSON.
2025-06-11 08:13:04 - INFO - Step 4: Extracting new games from BASIL ladder...
2025-06-11 08:13:04 - INFO - Fetching latest games from BASIL Ladder (Last 24h)...
2025-06-11 08:13:05 - INFO - Navigating to https://basil.bytekeeper.org/...
2025-06-11 08:13:06 - INFO - Waiting for page to load...
2025-06-11 08:13:06 - INFO - Clicking 'Last 24h' button...
2025-06-11 08:13:09 - INFO - Found 1245 games in the table
2025-06-11 08:14:17 - INFO - Browser closed.
2025-06-11 08:14:17 - INFO - Extracted data for 1245 games from the page.
2025-06-11 08:14:17 - INFO - Step 5: Updating games database with new games...
2025-06-11 08:14:17 - INFO - Attempting to update game database with newly scraped games...
2025-06-11 08:14:17 - INFO - Existing games in database: 85132
2025-06-11 08:14:17 - INFO - New games scraped: 1245
2025-06-11 08:14:45 - INFO - Found and skipped 706 duplicate game(s) already present in the database.
2025-06-11 08:14:45 - INFO - Found 539 new unique games.
2025-06-11 08:14:45 - INFO - Database size: 85132 -> 85671 (+539)
2025-06-11 08:14:45 - INFO - Database saved successfully to basil_ladder_games.csv
2025-06-11 08:14:45 - INFO - Step 6: Skipping replay download.
2025-06-11 08:14:45 - INFO - ==============================
2025-06-11 08:14:45 - INFO - Automated Scrape Task Finished
2025-06-11 08:14:45 - INFO - Outcome: SUCCESS
2025-06-11 08:14:45 - INFO - Total Duration: 101.86 seconds
2025-06-11 08:14:45 - INFO - ==============================
2025-06-11 20:08:41 - INFO - ==============================
2025-06-11 20:08:41 - INFO - Starting Automated Scrape Task
2025-06-11 20:08:41 - INFO - Download replays: Disabled
2025-06-11 20:08:41 - INFO - ==============================
2025-06-11 20:08:41 - INFO - Step 1: Loading existing game data...
2025-06-11 20:08:41 - INFO - Loading existing games data from basil_ladder_games.csv
2025-06-11 20:08:41 - INFO - Loaded 85671 games from existing database.
2025-06-11 20:08:41 - INFO - Step 2: Skipping syncing replay status.
2025-06-11 20:08:41 - INFO - Step 3: Fetching bot ratings...
2025-06-11 20:08:41 - INFO - Fetching master rating list from https://data.basil-ladder.net/stats/ranking.json...
2025-06-11 20:08:41 - INFO - Successfully loaded ratings for 291 bots from JSON.
2025-06-11 20:08:41 - INFO - Step 4: Extracting new games from BASIL ladder...
2025-06-11 20:08:41 - INFO - Fetching latest games from BASIL Ladder (Last 24h)...
2025-06-11 20:08:51 - INFO - Navigating to https://basil.bytekeeper.org/...
2025-06-11 20:08:52 - INFO - Waiting for page to load...
2025-06-11 20:08:52 - INFO - Clicking 'Last 24h' button...
2025-06-11 20:08:55 - INFO - Found 1273 games in the table
2025-06-11 20:10:05 - INFO - Browser closed.
2025-06-11 20:10:05 - INFO - Extracted data for 1273 games from the page.
2025-06-11 20:10:05 - INFO - Step 5: Updating games database with new games...
2025-06-11 20:10:05 - INFO - Attempting to update game database with newly scraped games...
2025-06-11 20:10:05 - INFO - Existing games in database: 85671
2025-06-11 20:10:05 - INFO - New games scraped: 1273
2025-06-11 20:10:36 - INFO - Found and skipped 583 duplicate game(s) already present in the database.
2025-06-11 20:10:36 - INFO - Found 690 new unique games.
2025-06-11 20:10:36 - INFO - Database size: 85671 -> 86361 (+690)
2025-06-11 20:10:37 - INFO - Database saved successfully to basil_ladder_games.csv
2025-06-11 20:10:37 - INFO - Step 6: Skipping replay download.
2025-06-11 20:10:37 - INFO - ==============================
2025-06-11 20:10:37 - INFO - Automated Scrape Task Finished
2025-06-11 20:10:37 - INFO - Outcome: SUCCESS
2025-06-11 20:10:37 - INFO - Total Duration: 116.39 seconds
2025-06-11 20:10:37 - INFO - ==============================
2025-06-12 08:13:11 - INFO - ==============================
2025-06-12 08:13:11 - INFO - Starting Automated Scrape Task
2025-06-12 08:13:11 - INFO - Download replays: Disabled
2025-06-12 08:13:11 - INFO - ==============================
2025-06-12 08:13:11 - INFO - Step 1: Loading existing game data...
2025-06-12 08:13:11 - INFO - Loading existing games data from basil_ladder_games.csv
2025-06-12 08:13:11 - INFO - Loaded 86361 games from existing database.
2025-06-12 08:13:11 - INFO - Step 2: Skipping syncing replay status.
2025-06-12 08:13:11 - INFO - Step 3: Fetching bot ratings...
2025-06-12 08:13:11 - INFO - Fetching master rating list from https://data.basil-ladder.net/stats/ranking.json...
2025-06-12 08:13:12 - INFO - Successfully loaded ratings for 291 bots from JSON.
2025-06-12 08:13:12 - INFO - Step 4: Extracting new games from BASIL ladder...
2025-06-12 08:13:12 - INFO - Fetching latest games from BASIL Ladder (Last 24h)...
2025-06-12 08:13:14 - INFO - Navigating to https://basil.bytekeeper.org/...
2025-06-12 08:13:16 - INFO - Waiting for page to load...
2025-06-12 08:13:16 - INFO - Clicking 'Last 24h' button...
2025-06-12 08:13:19 - INFO - Found 1216 games in the table
2025-06-12 08:14:26 - INFO - Browser closed.
2025-06-12 08:14:26 - INFO - Extracted data for 1216 games from the page.
2025-06-12 08:14:26 - INFO - Step 5: Updating games database with new games...
2025-06-12 08:14:26 - INFO - Attempting to update game database with newly scraped games...
2025-06-12 08:14:26 - INFO - Existing games in database: 86361
2025-06-12 08:14:26 - INFO - New games scraped: 1216
2025-06-12 08:14:57 - INFO - Found and skipped 737 duplicate game(s) already present in the database.
2025-06-12 08:14:57 - INFO - Found 479 new unique games.
2025-06-12 08:14:57 - INFO - Database size: 86361 -> 86840 (+479)
2025-06-12 08:14:57 - INFO - Database saved successfully to basil_ladder_games.csv
2025-06-12 08:14:57 - INFO - Step 6: Skipping replay download.
2025-06-12 08:14:57 - INFO - ==============================
2025-06-12 08:14:57 - INFO - Automated Scrape Task Finished
2025-06-12 08:14:57 - INFO - Outcome: SUCCESS
2025-06-12 08:14:57 - INFO - Total Duration: 106.48 seconds
2025-06-12 08:14:57 - INFO - ==============================
2025-06-12 20:10:22 - INFO - ==============================
2025-06-12 20:10:22 - INFO - Starting Automated Scrape Task
2025-06-12 20:10:22 - INFO - Download replays: Disabled
2025-06-12 20:10:22 - INFO - ==============================
2025-06-12 20:10:22 - INFO - Step 1: Loading existing game data...
2025-06-12 20:10:22 - INFO - Loading existing games data from basil_ladder_games.csv
2025-06-12 20:10:22 - INFO - Loaded 86840 games from existing database.
2025-06-12 20:10:22 - INFO - Step 2: Skipping syncing replay status.
2025-06-12 20:10:22 - INFO - Step 3: Fetching bot ratings...
2025-06-12 20:10:22 - INFO - Fetching master rating list from https://data.basil-ladder.net/stats/ranking.json...
2025-06-12 20:10:23 - INFO - Successfully loaded ratings for 291 bots from JSON.
2025-06-12 20:10:23 - INFO - Step 4: Extracting new games from BASIL ladder...
2025-06-12 20:10:23 - INFO - Fetching latest games from BASIL Ladder (Last 24h)...
2025-06-12 20:10:32 - INFO - Navigating to https://basil.bytekeeper.org/...
2025-06-12 20:10:34 - INFO - Waiting for page to load...
2025-06-12 20:10:34 - INFO - Clicking 'Last 24h' button...
2025-06-12 20:10:37 - INFO - Found 1209 games in the table
2025-06-12 20:11:43 - INFO - Browser closed.
2025-06-12 20:11:43 - INFO - Extracted data for 1209 games from the page.
2025-06-12 20:11:43 - INFO - Step 5: Updating games database with new games...
2025-06-12 20:11:43 - INFO - Attempting to update game database with newly scraped games...
2025-06-12 20:11:43 - INFO - Existing games in database: 86840
2025-06-12 20:11:43 - INFO - New games scraped: 1209
2025-06-12 20:12:13 - INFO - Found and skipped 480 duplicate game(s) already present in the database.
2025-06-12 20:12:13 - INFO - Found 729 new unique games.
2025-06-12 20:12:13 - INFO - Database size: 86840 -> 87569 (+729)
2025-06-12 20:12:13 - INFO - Database saved successfully to basil_ladder_games.csv
2025-06-12 20:12:13 - INFO - Step 6: Skipping replay download.
2025-06-12 20:12:13 - INFO - ==============================
2025-06-12 20:12:13 - INFO - Automated Scrape Task Finished
2025-06-12 20:12:13 - INFO - Outcome: SUCCESS
2025-06-12 20:12:13 - INFO - Total Duration: 111.76 seconds
2025-06-12 20:12:13 - INFO - ==============================
2025-06-13 08:12:56 - INFO - ==============================
2025-06-13 08:12:56 - INFO - Starting Automated Scrape Task
2025-06-13 08:12:56 - INFO - Download replays: Disabled
2025-06-13 08:12:56 - INFO - ==============================
2025-06-13 08:12:56 - INFO - Step 1: Loading existing game data...
2025-06-13 08:12:56 - INFO - Loading existing games data from basil_ladder_games.csv
2025-06-13 08:12:57 - INFO - Loaded 87569 games from existing database.
2025-06-13 08:12:57 - INFO - Step 2: Skipping syncing replay status.
2025-06-13 08:12:57 - INFO - Step 3: Fetching bot ratings...
2025-06-13 08:12:57 - INFO - Fetching master rating list from https://data.basil-ladder.net/stats/ranking.json...
2025-06-13 08:12:58 - INFO - Successfully loaded ratings for 291 bots from JSON.
2025-06-13 08:12:58 - INFO - Step 4: Extracting new games from BASIL ladder...
2025-06-13 08:12:58 - INFO - Fetching latest games from BASIL Ladder (Last 24h)...
2025-06-13 08:13:08 - INFO - Navigating to https://basil.bytekeeper.org/...
2025-06-13 08:13:09 - INFO - Waiting for page to load...
2025-06-13 08:13:09 - INFO - Clicking 'Last 24h' button...
2025-06-13 08:13:12 - INFO - Found 1223 games in the table
2025-06-13 08:14:20 - INFO - Browser closed.
2025-06-13 08:14:20 - INFO - Extracted data for 1223 games from the page.
2025-06-13 08:14:20 - INFO - Step 5: Updating games database with new games...
2025-06-13 08:14:20 - INFO - Attempting to update game database with newly scraped games...
2025-06-13 08:14:20 - INFO - Existing games in database: 87569
2025-06-13 08:14:20 - INFO - New games scraped: 1223
2025-06-13 08:14:51 - INFO - Found and skipped 739 duplicate game(s) already present in the database.
2025-06-13 08:14:51 - INFO - Found 484 new unique games.
2025-06-13 08:14:51 - INFO - Database size: 87569 -> 88053 (+484)
2025-06-13 08:14:51 - INFO - Database saved successfully to basil_ladder_games.csv
2025-06-13 08:14:51 - INFO - Step 6: Skipping replay download.
2025-06-13 08:14:51 - INFO - ==============================
2025-06-13 08:14:51 - INFO - Automated Scrape Task Finished
2025-06-13 08:14:51 - INFO - Outcome: SUCCESS
2025-06-13 08:14:51 - INFO - Total Duration: 114.74 seconds
2025-06-13 08:14:51 - INFO - ==============================
2025-06-13 20:10:02 - INFO - ==============================
2025-06-13 20:10:02 - INFO - Starting Automated Scrape Task
2025-06-13 20:10:02 - INFO - Download replays: Disabled
2025-06-13 20:10:02 - INFO - ==============================
2025-06-13 20:10:02 - INFO - Step 1: Loading existing game data...
2025-06-13 20:10:02 - INFO - Loading existing games data from basil_ladder_games.csv
2025-06-13 20:10:03 - INFO - Loaded 88053 games from existing database.
2025-06-13 20:10:03 - INFO - Step 2: Skipping syncing replay status.
2025-06-13 20:10:03 - INFO - Step 3: Fetching bot ratings...
2025-06-13 20:10:03 - INFO - Fetching master rating list from https://data.basil-ladder.net/stats/ranking.json...
2025-06-13 20:10:03 - INFO - Successfully loaded ratings for 291 bots from JSON.
2025-06-13 20:10:03 - INFO - Step 4: Extracting new games from BASIL ladder...
2025-06-13 20:10:03 - INFO - Fetching latest games from BASIL Ladder (Last 24h)...
2025-06-13 20:10:18 - INFO - Navigating to https://basil.bytekeeper.org/...
2025-06-13 20:10:20 - INFO - Waiting for page to load...
2025-06-13 20:10:20 - INFO - Clicking 'Last 24h' button...
2025-06-13 20:10:23 - INFO - Found 1217 games in the table
2025-06-13 20:11:30 - INFO - Browser closed.
2025-06-13 20:11:30 - INFO - Extracted data for 1217 games from the page.
2025-06-13 20:11:30 - INFO - Step 5: Updating games database with new games...
2025-06-13 20:11:30 - INFO - Attempting to update game database with newly scraped games...
2025-06-13 20:11:30 - INFO - Existing games in database: 88053
2025-06-13 20:11:30 - INFO - New games scraped: 1217
2025-06-13 20:12:01 - INFO - Found and skipped 508 duplicate game(s) already present in the database.
2025-06-13 20:12:01 - INFO - Found 709 new unique games.
2025-06-13 20:12:01 - INFO - Database size: 88053 -> 88762 (+709)
2025-06-13 20:12:01 - INFO - Database saved successfully to basil_ladder_games.csv
2025-06-13 20:12:01 - INFO - Step 6: Skipping replay download.
2025-06-13 20:12:01 - INFO - ==============================
2025-06-13 20:12:01 - INFO - Automated Scrape Task Finished
2025-06-13 20:12:01 - INFO - Outcome: SUCCESS
2025-06-13 20:12:01 - INFO - Total Duration: 118.79 seconds
2025-06-13 20:12:01 - INFO - ==============================
2025-06-14 08:11:01 - INFO - ==============================
2025-06-14 08:11:01 - INFO - Starting Automated Scrape Task
2025-06-14 08:11:01 - INFO - Download replays: Disabled
2025-06-14 08:11:01 - INFO - ==============================
2025-06-14 08:11:01 - INFO - Step 1: Loading existing game data...
2025-06-14 08:11:01 - INFO - Loading existing games data from basil_ladder_games.csv
2025-06-14 08:11:01 - INFO - Loaded 88762 games from existing database.
2025-06-14 08:11:01 - INFO - Step 2: Skipping syncing replay status.
2025-06-14 08:11:01 - INFO - Step 3: Fetching bot ratings...
2025-06-14 08:11:01 - INFO - Fetching master rating list from https://data.basil-ladder.net/stats/ranking.json...
2025-06-14 08:11:02 - INFO - Successfully loaded ratings for 291 bots from JSON.
2025-06-14 08:11:02 - INFO - Step 4: Extracting new games from BASIL ladder...
2025-06-14 08:11:02 - INFO - Fetching latest games from BASIL Ladder (Last 24h)...
2025-06-14 08:11:04 - INFO - Navigating to https://basil.bytekeeper.org/...
2025-06-14 08:11:05 - INFO - Waiting for page to load...
2025-06-14 08:11:05 - INFO - Clicking 'Last 24h' button...
2025-06-14 08:11:08 - INFO - Found 1210 games in the table
2025-06-14 08:12:14 - INFO - Browser closed.
2025-06-14 08:12:14 - INFO - Extracted data for 1210 games from the page.
2025-06-14 08:12:14 - INFO - Step 5: Updating games database with new games...
2025-06-14 08:12:14 - INFO - Attempting to update game database with newly scraped games...
2025-06-14 08:12:14 - INFO - Existing games in database: 88762
2025-06-14 08:12:14 - INFO - New games scraped: 1210
2025-06-14 08:12:45 - INFO - Found and skipped 730 duplicate game(s) already present in the database.
2025-06-14 08:12:45 - INFO - Found 480 new unique games.
2025-06-14 08:12:45 - INFO - Database size: 88762 -> 89242 (+480)
2025-06-14 08:12:46 - INFO - Database saved successfully to basil_ladder_games.csv
2025-06-14 08:12:46 - INFO - Step 6: Skipping replay download.
2025-06-14 08:12:46 - INFO - ==============================
2025-06-14 08:12:46 - INFO - Automated Scrape Task Finished
2025-06-14 08:12:46 - INFO - Outcome: SUCCESS
2025-06-14 08:12:46 - INFO - Total Duration: 104.44 seconds
2025-06-14 08:12:46 - INFO - ==============================
2025-06-14 20:09:01 - INFO - ==============================
2025-06-14 20:09:01 - INFO - Starting Automated Scrape Task
2025-06-14 20:09:01 - INFO - Download replays: Disabled
2025-06-14 20:09:01 - INFO - ==============================
2025-06-14 20:09:01 - INFO - Step 1: Loading existing game data...
2025-06-14 20:09:01 - INFO - Loading existing games data from basil_ladder_games.csv
2025-06-14 20:09:01 - INFO - Loaded 89242 games from existing database.
2025-06-14 20:09:01 - INFO - Step 2: Skipping syncing replay status.
2025-06-14 20:09:01 - INFO - Step 3: Fetching bot ratings...
2025-06-14 20:09:01 - INFO - Fetching master rating list from https://data.basil-ladder.net/stats/ranking.json...
2025-06-14 20:09:02 - INFO - Successfully loaded ratings for 291 bots from JSON.
2025-06-14 20:09:02 - INFO - Step 4: Extracting new games from BASIL ladder...
2025-06-14 20:09:02 - INFO - Fetching latest games from BASIL Ladder (Last 24h)...
2025-06-14 20:09:08 - INFO - Navigating to https://basil.bytekeeper.org/...
2025-06-14 20:09:08 - INFO - Waiting for page to load...
2025-06-14 20:09:09 - INFO - Clicking 'Last 24h' button...
2025-06-14 20:09:12 - INFO - Found 1182 games in the table
2025-06-14 20:10:16 - INFO - Browser closed.
2025-06-14 20:10:16 - INFO - Extracted data for 1182 games from the page.
2025-06-14 20:10:16 - INFO - Step 5: Updating games database with new games...
2025-06-14 20:10:16 - INFO - Attempting to update game database with newly scraped games...
2025-06-14 20:10:16 - INFO - Existing games in database: 89242
2025-06-14 20:10:16 - INFO - New games scraped: 1182
2025-06-14 20:10:47 - INFO - Found and skipped 501 duplicate game(s) already present in the database.
2025-06-14 20:10:47 - INFO - Found 681 new unique games.
2025-06-14 20:10:47 - INFO - Database size: 89242 -> 89923 (+681)
2025-06-14 20:10:47 - INFO - Database saved successfully to basil_ladder_games.csv
2025-06-14 20:10:47 - INFO - Step 6: Skipping replay download.
2025-06-14 20:10:47 - INFO - ==============================
2025-06-14 20:10:47 - INFO - Automated Scrape Task Finished
2025-06-14 20:10:47 - INFO - Outcome: SUCCESS
2025-06-14 20:10:47 - INFO - Total Duration: 106.70 seconds
2025-06-14 20:10:47 - INFO - ==============================
2025-06-15 08:11:02 - INFO - ==============================
2025-06-15 08:11:02 - INFO - Starting Automated Scrape Task
2025-06-15 08:11:02 - INFO - Download replays: Disabled
2025-06-15 08:11:02 - INFO - ==============================
2025-06-15 08:11:02 - INFO - Step 1: Loading existing game data...
2025-06-15 08:11:02 - INFO - Loading existing games data from basil_ladder_games.csv
2025-06-15 08:11:02 - INFO - Loaded 89923 games from existing database.
2025-06-15 08:11:02 - INFO - Step 2: Skipping syncing replay status.
2025-06-15 08:11:02 - INFO - Step 3: Fetching bot ratings...
2025-06-15 08:11:02 - INFO - Fetching master rating list from https://data.basil-ladder.net/stats/ranking.json...
2025-06-15 08:11:03 - INFO - Successfully loaded ratings for 291 bots from JSON.
2025-06-15 08:11:03 - INFO - Step 4: Extracting new games from BASIL ladder...
2025-06-15 08:11:03 - INFO - Fetching latest games from BASIL Ladder (Last 24h)...
2025-06-15 08:11:05 - INFO - Navigating to https://basil.bytekeeper.org/...
2025-06-15 08:11:05 - INFO - Waiting for page to load...
2025-06-15 08:11:05 - INFO - Clicking 'Last 24h' button...
2025-06-15 08:11:08 - INFO - Found 1181 games in the table
2025-06-15 08:12:15 - INFO - Browser closed.
2025-06-15 08:12:15 - INFO - Extracted data for 1181 games from the page.
2025-06-15 08:12:15 - INFO - Step 5: Updating games database with new games...
2025-06-15 08:12:15 - INFO - Attempting to update game database with newly scraped games...
2025-06-15 08:12:15 - INFO - Existing games in database: 89923
2025-06-15 08:12:15 - INFO - New games scraped: 1181
2025-06-15 08:12:45 - INFO - Found and skipped 702 duplicate game(s) already present in the database.
2025-06-15 08:12:45 - INFO - Found 479 new unique games.
2025-06-15 08:12:46 - INFO - Database size: 89923 -> 90402 (+479)
2025-06-15 08:12:46 - INFO - Database saved successfully to basil_ladder_games.csv
2025-06-15 08:12:46 - INFO - Step 6: Skipping replay download.
2025-06-15 08:12:46 - INFO - ==============================
2025-06-15 08:12:46 - INFO - Automated Scrape Task Finished
2025-06-15 08:12:46 - INFO - Outcome: SUCCESS
2025-06-15 08:12:46 - INFO - Total Duration: 103.75 seconds
2025-06-15 08:12:46 - INFO - ==============================
2025-06-15 20:09:09 - INFO - ==============================
2025-06-15 20:09:09 - INFO - Starting Automated Scrape Task
2025-06-15 20:09:09 - INFO - Download replays: Disabled
2025-06-15 20:09:09 - INFO - ==============================
2025-06-15 20:09:09 - INFO - Step 1: Loading existing game data...
2025-06-15 20:09:09 - INFO - Loading existing games data from basil_ladder_games.csv
2025-06-15 20:09:09 - INFO - Loaded 90402 games from existing database.
2025-06-15 20:09:09 - INFO - Step 2: Skipping syncing replay status.
2025-06-15 20:09:09 - INFO - Step 3: Fetching bot ratings...
2025-06-15 20:09:09 - INFO - Fetching master rating list from https://data.basil-ladder.net/stats/ranking.json...
2025-06-15 20:09:10 - INFO - Successfully loaded ratings for 291 bots from JSON.
2025-06-15 20:09:10 - INFO - Step 4: Extracting new games from BASIL ladder...
2025-06-15 20:09:10 - INFO - Fetching latest games from BASIL Ladder (Last 24h)...
2025-06-15 20:09:11 - INFO - Navigating to https://basil.bytekeeper.org/...
2025-06-15 20:09:11 - INFO - Waiting for page to load...
2025-06-15 20:09:11 - INFO - Clicking 'Last 24h' button...
2025-06-15 20:09:14 - INFO - Found 1140 games in the table
2025-06-15 20:10:16 - INFO - Browser closed.
2025-06-15 20:10:16 - INFO - Extracted data for 1140 games from the page.
2025-06-15 20:10:16 - INFO - Step 5: Updating games database with new games...
2025-06-15 20:10:16 - INFO - Attempting to update game database with newly scraped games...
2025-06-15 20:10:16 - INFO - Existing games in database: 90402
2025-06-15 20:10:16 - INFO - New games scraped: 1140
2025-06-15 20:10:46 - INFO - Found and skipped 528 duplicate game(s) already present in the database.
2025-06-15 20:10:46 - INFO - Found 612 new unique games.
2025-06-15 20:10:46 - INFO - Database size: 90402 -> 91014 (+612)
2025-06-15 20:10:47 - INFO - Database saved successfully to basil_ladder_games.csv
2025-06-15 20:10:47 - INFO - Step 6: Skipping replay download.
2025-06-15 20:10:47 - INFO - ==============================
2025-06-15 20:10:47 - INFO - Automated Scrape Task Finished
2025-06-15 20:10:47 - INFO - Outcome: SUCCESS
2025-06-15 20:10:47 - INFO - Total Duration: 97.60 seconds
2025-06-15 20:10:47 - INFO - ==============================
2025-06-16 08:14:12 - INFO - ==============================
2025-06-16 08:14:12 - INFO - Starting Automated Scrape Task
2025-06-16 08:14:12 - INFO - Download replays: Disabled
2025-06-16 08:14:12 - INFO - ==============================
2025-06-16 08:14:12 - INFO - Step 1: Loading existing game data...
2025-06-16 08:14:12 - INFO - Loading existing games data from basil_ladder_games.csv
2025-06-16 08:14:12 - INFO - Loaded 91014 games from existing database.
2025-06-16 08:14:12 - INFO - Step 2: Skipping syncing replay status.
2025-06-16 08:14:12 - INFO - Step 3: Fetching bot ratings...
2025-06-16 08:14:12 - INFO - Fetching master rating list from https://data.basil-ladder.net/stats/ranking.json...
2025-06-16 08:14:13 - INFO - Successfully loaded ratings for 291 bots from JSON.
2025-06-16 08:14:13 - INFO - Step 4: Extracting new games from BASIL ladder...
2025-06-16 08:14:13 - INFO - Fetching latest games from BASIL Ladder (Last 24h)...
2025-06-16 08:14:14 - INFO - Navigating to https://basil.bytekeeper.org/...
2025-06-16 08:14:15 - INFO - Waiting for page to load...
2025-06-16 08:14:15 - INFO - Clicking 'Last 24h' button...
2025-06-16 08:14:18 - INFO - Found 1240 games in the table
2025-06-16 08:15:26 - INFO - Browser closed.
2025-06-16 08:15:26 - INFO - Extracted data for 1240 games from the page.
2025-06-16 08:15:26 - INFO - Step 5: Updating games database with new games...
2025-06-16 08:15:26 - INFO - Attempting to update game database with newly scraped games...
2025-06-16 08:15:26 - INFO - Existing games in database: 91014
2025-06-16 08:15:26 - INFO - New games scraped: 1240
2025-06-16 08:15:58 - INFO - Found and skipped 636 duplicate game(s) already present in the database.
2025-06-16 08:15:58 - INFO - Found 604 new unique games.
2025-06-16 08:15:58 - INFO - Database size: 91014 -> 91618 (+604)
2025-06-16 08:15:59 - INFO - Database saved successfully to basil_ladder_games.csv
2025-06-16 08:15:59 - INFO - Step 6: Skipping replay download.
2025-06-16 08:15:59 - INFO - ==============================
2025-06-16 08:15:59 - INFO - Automated Scrape Task Finished
2025-06-16 08:15:59 - INFO - Outcome: SUCCESS
2025-06-16 08:15:59 - INFO - Total Duration: 107.26 seconds
2025-06-16 08:15:59 - INFO - ==============================
2025-06-16 20:10:21 - INFO - ==============================
2025-06-16 20:10:21 - INFO - Starting Automated Scrape Task
2025-06-16 20:10:21 - INFO - Download replays: Disabled
2025-06-16 20:10:21 - INFO - ==============================
2025-06-16 20:10:21 - INFO - Step 1: Loading existing game data...
2025-06-16 20:10:21 - INFO - Loading existing games data from basil_ladder_games.csv
2025-06-16 20:10:22 - INFO - Loaded 91618 games from existing database.
2025-06-16 20:10:22 - INFO - Step 2: Skipping syncing replay status.
2025-06-16 20:10:22 - INFO - Step 3: Fetching bot ratings...
2025-06-16 20:10:22 - INFO - Fetching master rating list from https://data.basil-ladder.net/stats/ranking.json...
2025-06-16 20:10:23 - INFO - Successfully loaded ratings for 291 bots from JSON.
2025-06-16 20:10:23 - INFO - Step 4: Extracting new games from BASIL ladder...
2025-06-16 20:10:23 - INFO - Fetching latest games from BASIL Ladder (Last 24h)...
2025-06-16 20:10:24 - INFO - Navigating to https://basil.bytekeeper.org/...
2025-06-16 20:10:25 - INFO - Waiting for page to load...
2025-06-16 20:10:25 - INFO - Clicking 'Last 24h' button...
2025-06-16 20:10:29 - INFO - Found 1279 games in the table
2025-06-16 20:11:47 - INFO - Browser closed.
2025-06-16 20:11:47 - INFO - Extracted data for 1279 games from the page.
2025-06-16 20:11:47 - INFO - Step 5: Updating games database with new games...
2025-06-16 20:11:47 - INFO - Attempting to update game database with newly scraped games...
2025-06-16 20:11:47 - INFO - Existing games in database: 91618
2025-06-16 20:11:47 - INFO - New games scraped: 1279
2025-06-16 20:12:21 - INFO - Found and skipped 611 duplicate game(s) already present in the database.
2025-06-16 20:12:21 - INFO - Found 668 new unique games.
2025-06-16 20:12:21 - INFO - Database size: 91618 -> 92286 (+668)
2025-06-16 20:12:22 - INFO - Database saved successfully to basil_ladder_games.csv
2025-06-16 20:12:22 - INFO - Step 6: Skipping replay download.
2025-06-16 20:12:22 - INFO - ==============================
2025-06-16 20:12:22 - INFO - Automated Scrape Task Finished
2025-06-16 20:12:22 - INFO - Outcome: SUCCESS
2025-06-16 20:12:22 - INFO - Total Duration: 120.22 seconds
2025-06-16 20:12:22 - INFO - ==============================
2025-06-17 08:13:23 - INFO - ==============================
2025-06-17 08:13:23 - INFO - Starting Automated Scrape Task
2025-06-17 08:13:23 - INFO - Download replays: Disabled
2025-06-17 08:13:23 - INFO - ==============================
2025-06-17 08:13:23 - INFO - Step 1: Loading existing game data...
2025-06-17 08:13:23 - INFO - Loading existing games data from basil_ladder_games.csv
2025-06-17 08:13:23 - INFO - Loaded 92286 games from existing database.
2025-06-17 08:13:23 - INFO - Step 2: Skipping syncing replay status.
2025-06-17 08:13:23 - INFO - Step 3: Fetching bot ratings...
2025-06-17 08:13:23 - INFO - Fetching master rating list from https://data.basil-ladder.net/stats/ranking.json...
2025-06-17 08:13:24 - INFO - Successfully loaded ratings for 291 bots from JSON.
2025-06-17 08:13:24 - INFO - Step 4: Extracting new games from BASIL ladder...
2025-06-17 08:13:24 - INFO - Fetching latest games from BASIL Ladder (Last 24h)...
2025-06-17 08:13:32 - INFO - Navigating to https://basil.bytekeeper.org/...
2025-06-17 08:13:33 - INFO - Waiting for page to load...
2025-06-17 08:13:33 - INFO - Clicking 'Last 24h' button...
2025-06-17 08:13:36 - INFO - Found 1258 games in the table
2025-06-17 08:14:46 - INFO - Browser closed.
2025-06-17 08:14:46 - INFO - Extracted data for 1258 games from the page.
2025-06-17 08:14:46 - INFO - Step 5: Updating games database with new games...
2025-06-17 08:14:46 - INFO - Attempting to update game database with newly scraped games...
2025-06-17 08:14:46 - INFO - Existing games in database: 92286
2025-06-17 08:14:46 - INFO - New games scraped: 1258
2025-06-17 08:15:19 - INFO - Found and skipped 688 duplicate game(s) already present in the database.
2025-06-17 08:15:19 - INFO - Found 570 new unique games.
2025-06-17 08:15:19 - INFO - Database size: 92286 -> 92856 (+570)
2025-06-17 08:15:20 - INFO - Database saved successfully to basil_ladder_games.csv
2025-06-17 08:15:20 - INFO - Step 6: Skipping replay download.
2025-06-17 08:15:20 - INFO - ==============================
2025-06-17 08:15:20 - INFO - Automated Scrape Task Finished
2025-06-17 08:15:20 - INFO - Outcome: SUCCESS
2025-06-17 08:15:20 - INFO - Total Duration: 116.86 seconds
2025-06-17 08:15:20 - INFO - ==============================
2025-06-17 20:10:40 - INFO - ==============================
2025-06-17 20:10:40 - INFO - Starting Automated Scrape Task
2025-06-17 20:10:40 - INFO - Download replays: Disabled
2025-06-17 20:10:40 - INFO - ==============================
2025-06-17 20:10:40 - INFO - Step 1: Loading existing game data...
2025-06-17 20:10:40 - INFO - Loading existing games data from basil_ladder_games.csv
2025-06-17 20:10:40 - INFO - Loaded 92856 games from existing database.
2025-06-17 20:10:40 - INFO - Step 2: Skipping syncing replay status.
2025-06-17 20:10:40 - INFO - Step 3: Fetching bot ratings...
2025-06-17 20:10:40 - INFO - Fetching master rating list from https://data.basil-ladder.net/stats/ranking.json...
2025-06-17 20:10:41 - INFO - Successfully loaded ratings for 291 bots from JSON.
2025-06-17 20:10:41 - INFO - Step 4: Extracting new games from BASIL ladder...
2025-06-17 20:10:41 - INFO - Fetching latest games from BASIL Ladder (Last 24h)...
2025-06-17 20:10:42 - INFO - Navigating to https://basil.bytekeeper.org/...
2025-06-17 20:10:43 - INFO - Waiting for page to load...
2025-06-17 20:10:43 - INFO - Clicking 'Last 24h' button...
2025-06-17 20:10:46 - INFO - Found 1289 games in the table
2025-06-17 20:11:57 - INFO - Browser closed.
2025-06-17 20:11:57 - INFO - Extracted data for 1289 games from the page.
2025-06-17 20:11:57 - INFO - Step 5: Updating games database with new games...
2025-06-17 20:11:57 - INFO - Attempting to update game database with newly scraped games...
2025-06-17 20:11:57 - INFO - Existing games in database: 92856
2025-06-17 20:11:57 - INFO - New games scraped: 1289
2025-06-17 20:12:32 - INFO - Found and skipped 587 duplicate game(s) already present in the database.
2025-06-17 20:12:32 - INFO - Found 702 new unique games.
2025-06-17 20:12:32 - INFO - Database size: 92856 -> 93558 (+702)
2025-06-17 20:12:32 - INFO - Database saved successfully to basil_ladder_games.csv
2025-06-17 20:12:32 - INFO - Step 6: Skipping replay download.
2025-06-17 20:12:32 - INFO - ==============================
2025-06-17 20:12:32 - INFO - Automated Scrape Task Finished
2025-06-17 20:12:32 - INFO - Outcome: SUCCESS
2025-06-17 20:12:32 - INFO - Total Duration: 112.69 seconds
2025-06-17 20:12:32 - INFO - ==============================
2025-06-18 08:13:02 - INFO - ==============================
2025-06-18 08:13:02 - INFO - Starting Automated Scrape Task
2025-06-18 08:13:02 - INFO - Download replays: Disabled
2025-06-18 08:13:02 - INFO - ==============================
2025-06-18 08:13:02 - INFO - Step 1: Loading existing game data...
2025-06-18 08:13:02 - INFO - Loading existing games data from basil_ladder_games.csv
2025-06-18 08:13:02 - INFO - Loaded 93558 games from existing database.
2025-06-18 08:13:02 - INFO - Step 2: Skipping syncing replay status.
2025-06-18 08:13:02 - INFO - Step 3: Fetching bot ratings...
2025-06-18 08:13:02 - INFO - Fetching master rating list from https://data.basil-ladder.net/stats/ranking.json...
2025-06-18 08:13:03 - INFO - Successfully loaded ratings for 291 bots from JSON.
2025-06-18 08:13:03 - INFO - Step 4: Extracting new games from BASIL ladder...
2025-06-18 08:13:03 - INFO - Fetching latest games from BASIL Ladder (Last 24h)...
2025-06-18 08:13:04 - INFO - Navigating to https://basil.bytekeeper.org/...
2025-06-18 08:13:04 - INFO - Waiting for page to load...
2025-06-18 08:13:04 - INFO - Clicking 'Last 24h' button...
2025-06-18 08:13:08 - INFO - Found 1260 games in the table
2025-06-18 08:14:17 - INFO - Browser closed.
2025-06-18 08:14:17 - INFO - Extracted data for 1260 games from the page.
2025-06-18 08:14:17 - INFO - Step 5: Updating games database with new games...
2025-06-18 08:14:17 - INFO - Attempting to update game database with newly scraped games...
2025-06-18 08:14:17 - INFO - Existing games in database: 93558
2025-06-18 08:14:17 - INFO - New games scraped: 1260
2025-06-18 08:14:51 - INFO - Found and skipped 727 duplicate game(s) already present in the database.
2025-06-18 08:14:51 - INFO - Found 533 new unique games.
2025-06-18 08:14:51 - INFO - Database size: 93558 -> 94091 (+533)
2025-06-18 08:14:51 - INFO - Database saved successfully to basil_ladder_games.csv
2025-06-18 08:14:51 - INFO - Step 6: Skipping replay download.
2025-06-18 08:14:51 - INFO - ==============================
2025-06-18 08:14:51 - INFO - Automated Scrape Task Finished
2025-06-18 08:14:51 - INFO - Outcome: SUCCESS
2025-06-18 08:14:51 - INFO - Total Duration: 109.45 seconds
2025-06-18 08:14:51 - INFO - ==============================
2025-06-18 20:11:18 - INFO - ==============================
2025-06-18 20:11:18 - INFO - Starting Automated Scrape Task
2025-06-18 20:11:18 - INFO - Download replays: Disabled
2025-06-18 20:11:18 - INFO - ==============================
2025-06-18 20:11:18 - INFO - Step 1: Loading existing game data...
2025-06-18 20:11:18 - INFO - Loading existing games data from basil_ladder_games.csv
2025-06-18 20:11:18 - INFO - Loaded 94091 games from existing database.
2025-06-18 20:11:18 - INFO - Step 2: Skipping syncing replay status.
2025-06-18 20:11:18 - INFO - Step 3: Fetching bot ratings...
2025-06-18 20:11:18 - INFO - Fetching master rating list from https://data.basil-ladder.net/stats/ranking.json...
2025-06-18 20:11:19 - INFO - Successfully loaded ratings for 291 bots from JSON.
2025-06-18 20:11:19 - INFO - Step 4: Extracting new games from BASIL ladder...
2025-06-18 20:11:19 - INFO - Fetching latest games from BASIL Ladder (Last 24h)...
2025-06-18 20:11:30 - INFO - Navigating to https://basil.bytekeeper.org/...
2025-06-18 20:11:31 - INFO - Waiting for page to load...
2025-06-18 20:11:31 - INFO - Clicking 'Last 24h' button...
2025-06-18 20:11:35 - INFO - Found 1267 games in the table
2025-06-18 20:12:49 - INFO - Browser closed.
2025-06-18 20:12:49 - INFO - Extracted data for 1267 games from the page.
2025-06-18 20:12:49 - INFO - Step 5: Updating games database with new games...
2025-06-18 20:12:49 - INFO - Attempting to update game database with newly scraped games...
2025-06-18 20:12:49 - INFO - Existing games in database: 94091
2025-06-18 20:12:49 - INFO - New games scraped: 1267
2025-06-18 20:13:24 - INFO - Found and skipped 563 duplicate game(s) already present in the database.
2025-06-18 20:13:24 - INFO - Found 704 new unique games.
2025-06-18 20:13:24 - INFO - Database size: 94091 -> 94795 (+704)
2025-06-18 20:13:24 - INFO - Database saved successfully to basil_ladder_games.csv
2025-06-18 20:13:24 - INFO - Step 6: Skipping replay download.
2025-06-18 20:13:24 - INFO - ==============================
2025-06-18 20:13:24 - INFO - Automated Scrape Task Finished
2025-06-18 20:13:24 - INFO - Outcome: SUCCESS
2025-06-18 20:13:24 - INFO - Total Duration: 126.51 seconds
2025-06-18 20:13:24 - INFO - ==============================
2025-06-19 08:13:03 - INFO - ==============================
2025-06-19 08:13:03 - INFO - Starting Automated Scrape Task
2025-06-19 08:13:03 - INFO - Download replays: Disabled
2025-06-19 08:13:03 - INFO - ==============================
2025-06-19 08:13:03 - INFO - Step 1: Loading existing game data...
2025-06-19 08:13:03 - INFO - Loading existing games data from basil_ladder_games.csv
2025-06-19 08:13:03 - INFO - Loaded 94795 games from existing database.
2025-06-19 08:13:03 - INFO - Step 2: Skipping syncing replay status.
2025-06-19 08:13:03 - INFO - Step 3: Fetching bot ratings...
2025-06-19 08:13:03 - INFO - Fetching master rating list from https://data.basil-ladder.net/stats/ranking.json...
2025-06-19 08:13:04 - INFO - Successfully loaded ratings for 291 bots from JSON.
2025-06-19 08:13:04 - INFO - Step 4: Extracting new games from BASIL ladder...
2025-06-19 08:13:04 - INFO - Fetching latest games from BASIL Ladder (Last 24h)...
2025-06-19 08:13:13 - INFO - Navigating to https://basil.bytekeeper.org/...
2025-06-19 08:13:14 - INFO - Waiting for page to load...
2025-06-19 08:13:14 - INFO - Clicking 'Last 24h' button...
2025-06-19 08:13:18 - INFO - Found 1223 games in the table
2025-06-19 08:14:39 - INFO - Browser closed.
2025-06-19 08:14:39 - INFO - Extracted data for 1223 games from the page.
2025-06-19 08:14:39 - INFO - Step 5: Updating games database with new games...
2025-06-19 08:14:39 - INFO - Attempting to update game database with newly scraped games...
2025-06-19 08:14:39 - INFO - Existing games in database: 94795
2025-06-19 08:14:39 - INFO - New games scraped: 1223
2025-06-19 08:15:13 - INFO - Found and skipped 732 duplicate game(s) already present in the database.
2025-06-19 08:15:13 - INFO - Found 491 new unique games.
2025-06-19 08:15:13 - INFO - Database size: 94795 -> 95286 (+491)
2025-06-19 08:15:14 - INFO - Database saved successfully to basil_ladder_games.csv
2025-06-19 08:15:14 - INFO - Step 6: Skipping replay download.
2025-06-19 08:15:14 - INFO - ==============================
2025-06-19 08:15:14 - INFO - Automated Scrape Task Finished
2025-06-19 08:15:14 - INFO - Outcome: SUCCESS
2025-06-19 08:15:14 - INFO - Total Duration: 130.84 seconds
2025-06-19 08:15:14 - INFO - ==============================
2025-06-19 20:10:47 - INFO - ==============================
2025-06-19 20:10:47 - INFO - Starting Automated Scrape Task
2025-06-19 20:10:47 - INFO - Download replays: Disabled
2025-06-19 20:10:47 - INFO - ==============================
2025-06-19 20:10:47 - INFO - Step 1: Loading existing game data...
2025-06-19 20:10:47 - INFO - Loading existing games data from basil_ladder_games.csv
2025-06-19 20:10:47 - INFO - Loaded 95286 games from existing database.
2025-06-19 20:10:47 - INFO - Step 2: Skipping syncing replay status.
2025-06-19 20:10:47 - INFO - Step 3: Fetching bot ratings...
2025-06-19 20:10:47 - INFO - Fetching master rating list from https://data.basil-ladder.net/stats/ranking.json...
2025-06-19 20:10:48 - INFO - Successfully loaded ratings for 291 bots from JSON.
2025-06-19 20:10:48 - INFO - Step 4: Extracting new games from BASIL ladder...
2025-06-19 20:10:48 - INFO - Fetching latest games from BASIL Ladder (Last 24h)...
2025-06-19 20:10:56 - INFO - Navigating to https://basil.bytekeeper.org/...
2025-06-19 20:10:57 - INFO - Waiting for page to load...
2025-06-19 20:10:57 - INFO - Clicking 'Last 24h' button...
2025-06-19 20:11:01 - INFO - Found 1191 games in the table
2025-06-19 20:12:08 - INFO - Browser closed.
2025-06-19 20:12:08 - INFO - Extracted data for 1191 games from the page.
2025-06-19 20:12:08 - INFO - Step 5: Updating games database with new games...
2025-06-19 20:12:08 - INFO - Attempting to update game database with newly scraped games...
2025-06-19 20:12:08 - INFO - Existing games in database: 95286
2025-06-19 20:12:08 - INFO - New games scraped: 1191
2025-06-19 20:12:41 - INFO - Found and skipped 521 duplicate game(s) already present in the database.
2025-06-19 20:12:41 - INFO - Found 670 new unique games.
2025-06-19 20:12:41 - INFO - Database size: 95286 -> 95956 (+670)
2025-06-19 20:12:42 - INFO - Database saved successfully to basil_ladder_games.csv
2025-06-19 20:12:42 - INFO - Step 6: Skipping replay download.
2025-06-19 20:12:42 - INFO - ==============================
2025-06-19 20:12:42 - INFO - Automated Scrape Task Finished
2025-06-19 20:12:42 - INFO - Outcome: SUCCESS
2025-06-19 20:12:42 - INFO - Total Duration: 114.85 seconds
2025-06-19 20:12:42 - INFO - ==============================
2025-06-20 08:12:53 - INFO - ==============================
2025-06-20 08:12:53 - INFO - Starting Automated Scrape Task
2025-06-20 08:12:53 - INFO - Download replays: Disabled
2025-06-20 08:12:53 - INFO - ==============================
2025-06-20 08:12:53 - INFO - Step 1: Loading existing game data...
2025-06-20 08:12:53 - INFO - Loading existing games data from basil_ladder_games.csv
2025-06-20 08:12:53 - INFO - Loaded 95956 games from existing database.
2025-06-20 08:12:53 - INFO - Step 2: Skipping syncing replay status.
2025-06-20 08:12:53 - INFO - Step 3: Fetching bot ratings...
2025-06-20 08:12:53 - INFO - Fetching master rating list from https://data.basil-ladder.net/stats/ranking.json...
2025-06-20 08:12:53 - INFO - Successfully loaded ratings for 291 bots from JSON.
2025-06-20 08:12:53 - INFO - Step 4: Extracting new games from BASIL ladder...
2025-06-20 08:12:53 - INFO - Fetching latest games from BASIL Ladder (Last 24h)...
2025-06-20 08:13:02 - INFO - Navigating to https://basil.bytekeeper.org/...
2025-06-20 08:13:02 - INFO - Waiting for page to load...
2025-06-20 08:13:03 - INFO - Clicking 'Last 24h' button...
2025-06-20 08:13:06 - INFO - Found 1182 games in the table
2025-06-20 08:14:10 - INFO - Browser closed.
2025-06-20 08:14:10 - INFO - Extracted data for 1182 games from the page.
2025-06-20 08:14:10 - INFO - Step 5: Updating games database with new games...
2025-06-20 08:14:10 - INFO - Attempting to update game database with newly scraped games...
2025-06-20 08:14:10 - INFO - Existing games in database: 95956
2025-06-20 08:14:10 - INFO - New games scraped: 1182
2025-06-20 08:14:43 - INFO - Found and skipped 728 duplicate game(s) already present in the database.
2025-06-20 08:14:43 - INFO - Found 454 new unique games.
2025-06-20 08:14:43 - INFO - Database size: 95956 -> 96410 (+454)
2025-06-20 08:14:43 - INFO - Database saved successfully to basil_ladder_games.csv
2025-06-20 08:14:43 - INFO - Step 6: Skipping replay download.
2025-06-20 08:14:43 - INFO - ==============================
2025-06-20 08:14:43 - INFO - Automated Scrape Task Finished
2025-06-20 08:14:43 - INFO - Outcome: SUCCESS
2025-06-20 08:14:43 - INFO - Total Duration: 110.89 seconds
2025-06-20 08:14:43 - INFO - ==============================
2025-06-20 20:10:01 - INFO - ==============================
2025-06-20 20:10:01 - INFO - Starting Automated Scrape Task
2025-06-20 20:10:01 - INFO - Download replays: Disabled
2025-06-20 20:10:01 - INFO - ==============================
2025-06-20 20:10:01 - INFO - Step 1: Loading existing game data...
2025-06-20 20:10:01 - INFO - Loading existing games data from basil_ladder_games.csv
2025-06-20 20:10:02 - INFO - Loaded 96410 games from existing database.
2025-06-20 20:10:02 - INFO - Step 2: Skipping syncing replay status.
2025-06-20 20:10:02 - INFO - Step 3: Fetching bot ratings...
2025-06-20 20:10:02 - INFO - Fetching master rating list from https://data.basil-ladder.net/stats/ranking.json...
2025-06-20 20:10:02 - INFO - Successfully loaded ratings for 291 bots from JSON.
2025-06-20 20:10:02 - INFO - Step 4: Extracting new games from BASIL ladder...
2025-06-20 20:10:02 - INFO - Fetching latest games from BASIL Ladder (Last 24h)...
2025-06-20 20:10:03 - INFO - Navigating to https://basil.bytekeeper.org/...
2025-06-20 20:10:04 - INFO - Waiting for page to load...
2025-06-20 20:10:04 - INFO - Clicking 'Last 24h' button...
2025-06-20 20:10:07 - INFO - Found 1151 games in the table
2025-06-20 20:11:09 - INFO - Browser closed.
2025-06-20 20:11:09 - INFO - Extracted data for 1151 games from the page.
2025-06-20 20:11:09 - INFO - Step 5: Updating games database with new games...
2025-06-20 20:11:09 - INFO - Attempting to update game database with newly scraped games...
2025-06-20 20:11:09 - INFO - Existing games in database: 96410
2025-06-20 20:11:09 - INFO - New games scraped: 1151
2025-06-20 20:11:41 - INFO - Found and skipped 483 duplicate game(s) already present in the database.
2025-06-20 20:11:41 - INFO - Found 668 new unique games.
2025-06-20 20:11:41 - INFO - Database size: 96410 -> 97078 (+668)
2025-06-20 20:11:42 - INFO - Database saved successfully to basil_ladder_games.csv
2025-06-20 20:11:42 - INFO - Step 6: Skipping replay download.
2025-06-20 20:11:42 - INFO - ==============================
2025-06-20 20:11:42 - INFO - Automated Scrape Task Finished
2025-06-20 20:11:42 - INFO - Outcome: SUCCESS
2025-06-20 20:11:42 - INFO - Total Duration: 100.40 seconds
2025-06-20 20:11:42 - INFO - ==============================
2025-06-21 08:11:20 - INFO - ==============================
2025-06-21 08:11:20 - INFO - Starting Automated Scrape Task
2025-06-21 08:11:20 - INFO - Download replays: Disabled
2025-06-21 08:11:20 - INFO - ==============================
2025-06-21 08:11:20 - INFO - Step 1: Loading existing game data...
2025-06-21 08:11:20 - INFO - Loading existing games data from basil_ladder_games.csv
2025-06-21 08:11:20 - INFO - Loaded 97078 games from existing database.
2025-06-21 08:11:20 - INFO - Step 2: Skipping syncing replay status.
2025-06-21 08:11:20 - INFO - Step 3: Fetching bot ratings...
2025-06-21 08:11:20 - INFO - Fetching master rating list from https://data.basil-ladder.net/stats/ranking.json...
2025-06-21 08:11:21 - INFO - Successfully loaded ratings for 291 bots from JSON.
2025-06-21 08:11:21 - INFO - Step 4: Extracting new games from BASIL ladder...
2025-06-21 08:11:21 - INFO - Fetching latest games from BASIL Ladder (Last 24h)...
2025-06-21 08:11:22 - INFO - Navigating to https://basil.bytekeeper.org/...
2025-06-21 08:11:22 - INFO - Waiting for page to load...
2025-06-21 08:11:22 - INFO - Clicking 'Last 24h' button...
2025-06-21 08:11:25 - INFO - Found 1119 games in the table
2025-06-21 08:12:27 - INFO - Browser closed.
2025-06-21 08:12:27 - INFO - Extracted data for 1119 games from the page.
2025-06-21 08:12:27 - INFO - Step 5: Updating games database with new games...
2025-06-21 08:12:27 - INFO - Attempting to update game database with newly scraped games...
2025-06-21 08:12:27 - INFO - Existing games in database: 97078
2025-06-21 08:12:27 - INFO - New games scraped: 1119
2025-06-21 08:12:59 - INFO - Found and skipped 670 duplicate game(s) already present in the database.
2025-06-21 08:12:59 - INFO - Found 449 new unique games.
2025-06-21 08:12:59 - INFO - Database size: 97078 -> 97527 (+449)
2025-06-21 08:12:59 - INFO - Database saved successfully to basil_ladder_games.csv
2025-06-21 08:12:59 - INFO - Step 6: Skipping replay download.
2025-06-21 08:12:59 - INFO - ==============================
2025-06-21 08:12:59 - INFO - Automated Scrape Task Finished
2025-06-21 08:12:59 - INFO - Outcome: SUCCESS
2025-06-21 08:12:59 - INFO - Total Duration: 98.91 seconds
2025-06-21 08:12:59 - INFO - ==============================
2025-06-21 20:08:56 - INFO - ==============================
2025-06-21 20:08:56 - INFO - Starting Automated Scrape Task
2025-06-21 20:08:56 - INFO - Download replays: Disabled
2025-06-21 20:08:56 - INFO - ==============================
2025-06-21 20:08:56 - INFO - Step 1: Loading existing game data...
2025-06-21 20:08:56 - INFO - Loading existing games data from basil_ladder_games.csv
2025-06-21 20:08:56 - INFO - Loaded 97527 games from existing database.
2025-06-21 20:08:56 - INFO - Step 2: Skipping syncing replay status.
2025-06-21 20:08:56 - INFO - Step 3: Fetching bot ratings...
2025-06-21 20:08:56 - INFO - Fetching master rating list from https://data.basil-ladder.net/stats/ranking.json...
2025-06-21 20:08:57 - INFO - Successfully loaded ratings for 291 bots from JSON.
2025-06-21 20:08:57 - INFO - Step 4: Extracting new games from BASIL ladder...
2025-06-21 20:08:57 - INFO - Fetching latest games from BASIL Ladder (Last 24h)...
2025-06-21 20:08:58 - INFO - Navigating to https://basil.bytekeeper.org/...
2025-06-21 20:08:59 - INFO - Waiting for page to load...
2025-06-21 20:08:59 - INFO - Clicking 'Last 24h' button...
2025-06-21 20:09:02 - INFO - Found 1151 games in the table
2025-06-21 20:10:06 - INFO - Browser closed.
2025-06-21 20:10:06 - INFO - Extracted data for 1151 games from the page.
2025-06-21 20:10:06 - INFO - Step 5: Updating games database with new games...
2025-06-21 20:10:06 - INFO - Attempting to update game database with newly scraped games...
2025-06-21 20:10:06 - INFO - Existing games in database: 97527
2025-06-21 20:10:06 - INFO - New games scraped: 1151
2025-06-21 20:10:38 - INFO - Found and skipped 466 duplicate game(s) already present in the database.
2025-06-21 20:10:38 - INFO - Found 685 new unique games.
2025-06-21 20:10:38 - INFO - Database size: 97527 -> 98212 (+685)
2025-06-21 20:10:39 - INFO - Database saved successfully to basil_ladder_games.csv
2025-06-21 20:10:39 - INFO - Step 6: Skipping replay download.
2025-06-21 20:10:39 - INFO - ==============================
2025-06-21 20:10:39 - INFO - Automated Scrape Task Finished
2025-06-21 20:10:39 - INFO - Outcome: SUCCESS
2025-06-21 20:10:39 - INFO - Total Duration: 102.85 seconds
2025-06-21 20:10:39 - INFO - ==============================
2025-06-22 08:11:24 - INFO - ==============================
2025-06-22 08:11:24 - INFO - Starting Automated Scrape Task
2025-06-22 08:11:24 - INFO - Download replays: Disabled
2025-06-22 08:11:24 - INFO - ==============================
2025-06-22 08:11:24 - INFO - Step 1: Loading existing game data...
2025-06-22 08:11:24 - INFO - Loading existing games data from basil_ladder_games.csv
2025-06-22 08:11:24 - INFO - Loaded 98212 games from existing database.
2025-06-22 08:11:24 - INFO - Step 2: Skipping syncing replay status.
2025-06-22 08:11:24 - INFO - Step 3: Fetching bot ratings...
2025-06-22 08:11:24 - INFO - Fetching master rating list from https://data.basil-ladder.net/stats/ranking.json...
2025-06-22 08:11:25 - INFO - Successfully loaded ratings for 291 bots from JSON.
2025-06-22 08:11:25 - INFO - Step 4: Extracting new games from BASIL ladder...
2025-06-22 08:11:25 - INFO - Fetching latest games from BASIL Ladder (Last 24h)...
2025-06-22 08:11:26 - INFO - Navigating to https://basil.bytekeeper.org/...
2025-06-22 08:11:27 - INFO - Waiting for page to load...
2025-06-22 08:11:27 - INFO - Clicking 'Last 24h' button...
2025-06-22 08:11:30 - INFO - Found 1155 games in the table
2025-06-22 08:12:34 - INFO - Browser closed.
2025-06-22 08:12:34 - INFO - Extracted data for 1155 games from the page.
2025-06-22 08:12:34 - INFO - Step 5: Updating games database with new games...
2025-06-22 08:12:34 - INFO - Attempting to update game database with newly scraped games...
2025-06-22 08:12:34 - INFO - Existing games in database: 98212
2025-06-22 08:12:34 - INFO - New games scraped: 1155
2025-06-22 08:13:07 - INFO - Found and skipped 707 duplicate game(s) already present in the database.
2025-06-22 08:13:07 - INFO - Found 448 new unique games.
2025-06-22 08:13:07 - INFO - Database size: 98212 -> 98660 (+448)
2025-06-22 08:13:07 - INFO - Database saved successfully to basil_ladder_games.csv
2025-06-22 08:13:07 - INFO - Step 6: Skipping replay download.
2025-06-22 08:13:07 - INFO - ==============================
2025-06-22 08:13:07 - INFO - Automated Scrape Task Finished
2025-06-22 08:13:07 - INFO - Outcome: SUCCESS
2025-06-22 08:13:07 - INFO - Total Duration: 103.21 seconds
2025-06-22 08:13:07 - INFO - ==============================
2025-06-22 20:09:04 - INFO - ==============================
2025-06-22 20:09:04 - INFO - Starting Automated Scrape Task
2025-06-22 20:09:04 - INFO - Download replays: Disabled
2025-06-22 20:09:04 - INFO - ==============================
2025-06-22 20:09:04 - INFO - Step 1: Loading existing game data...
2025-06-22 20:09:04 - INFO - Loading existing games data from basil_ladder_games.csv
2025-06-22 20:09:04 - INFO - Loaded 98660 games from existing database.
2025-06-22 20:09:04 - INFO - Step 2: Skipping syncing replay status.
2025-06-22 20:09:04 - INFO - Step 3: Fetching bot ratings...
2025-06-22 20:09:04 - INFO - Fetching master rating list from https://data.basil-ladder.net/stats/ranking.json...
2025-06-22 20:09:05 - INFO - Successfully loaded ratings for 291 bots from JSON.
2025-06-22 20:09:05 - INFO - Step 4: Extracting new games from BASIL ladder...
2025-06-22 20:09:05 - INFO - Fetching latest games from BASIL Ladder (Last 24h)...
2025-06-22 20:09:12 - INFO - Navigating to https://basil.bytekeeper.org/...
2025-06-22 20:09:13 - INFO - Waiting for page to load...
2025-06-22 20:09:13 - INFO - Clicking 'Last 24h' button...
2025-06-22 20:09:16 - INFO - Found 1137 games in the table
2025-06-22 20:10:20 - INFO - Browser closed.
2025-06-22 20:10:20 - INFO - Extracted data for 1137 games from the page.
2025-06-22 20:10:20 - INFO - Step 5: Updating games database with new games...
2025-06-22 20:10:20 - INFO - Attempting to update game database with newly scraped games...
2025-06-22 20:10:20 - INFO - Existing games in database: 98660
2025-06-22 20:10:20 - INFO - New games scraped: 1137
2025-06-22 20:10:52 - INFO - Found and skipped 470 duplicate game(s) already present in the database.
2025-06-22 20:10:52 - INFO - Found 667 new unique games.
2025-06-22 20:10:52 - INFO - Database size: 98660 -> 99327 (+667)
2025-06-22 20:10:53 - INFO - Database saved successfully to basil_ladder_games.csv
2025-06-22 20:10:53 - INFO - Step 6: Skipping replay download.
2025-06-22 20:10:53 - INFO - ==============================
2025-06-22 20:10:53 - INFO - Automated Scrape Task Finished
2025-06-22 20:10:53 - INFO - Outcome: SUCCESS
2025-06-22 20:10:53 - INFO - Total Duration: 108.92 seconds
2025-06-22 20:10:53 - INFO - ==============================
2025-06-23 08:14:28 - INFO - ==============================
2025-06-23 08:14:28 - INFO - Starting Automated Scrape Task
2025-06-23 08:14:28 - INFO - Download replays: Disabled
2025-06-23 08:14:28 - INFO - ==============================
2025-06-23 08:14:28 - INFO - Step 1: Loading existing game data...
2025-06-23 08:14:28 - INFO - Loading existing games data from basil_ladder_games.csv
2025-06-23 08:14:29 - INFO - Loaded 99327 games from existing database.
2025-06-23 08:14:29 - INFO - Step 2: Skipping syncing replay status.
2025-06-23 08:14:29 - INFO - Step 3: Fetching bot ratings...
2025-06-23 08:14:29 - INFO - Fetching master rating list from https://data.basil-ladder.net/stats/ranking.json...
2025-06-23 08:14:30 - INFO - Successfully loaded ratings for 291 bots from JSON.
2025-06-23 08:14:30 - INFO - Step 4: Extracting new games from BASIL ladder...
2025-06-23 08:14:30 - INFO - Fetching latest games from BASIL Ladder (Last 24h)...
2025-06-23 08:14:40 - INFO - Navigating to https://basil.bytekeeper.org/...
2025-06-23 08:14:41 - INFO - Waiting for page to load...
2025-06-23 08:14:41 - INFO - Clicking 'Last 24h' button...
2025-06-23 08:14:44 - INFO - Found 1294 games in the table
2025-06-23 08:15:59 - INFO - Browser closed.
2025-06-23 08:15:59 - INFO - Extracted data for 1294 games from the page.
2025-06-23 08:15:59 - INFO - Step 5: Updating games database with new games...
2025-06-23 08:15:59 - INFO - Attempting to update game database with newly scraped games...
2025-06-23 08:15:59 - INFO - Existing games in database: 99327
2025-06-23 08:15:59 - INFO - New games scraped: 1294
2025-06-23 08:16:37 - INFO - Found and skipped 685 duplicate game(s) already present in the database.
2025-06-23 08:16:37 - INFO - Found 609 new unique games.
2025-06-23 08:16:37 - INFO - Database size: 99327 -> 99936 (+609)
2025-06-23 08:16:38 - INFO - Database saved successfully to basil_ladder_games.csv
2025-06-23 08:16:38 - INFO - Step 6: Skipping replay download.
2025-06-23 08:16:38 - INFO - ==============================
2025-06-23 08:16:38 - INFO - Automated Scrape Task Finished
2025-06-23 08:16:38 - INFO - Outcome: SUCCESS
2025-06-23 08:16:38 - INFO - Total Duration: 129.47 seconds
2025-06-23 08:16:38 - INFO - ==============================
2025-06-23 20:10:28 - INFO - ==============================
2025-06-23 20:10:28 - INFO - Starting Automated Scrape Task
2025-06-23 20:10:28 - INFO - Download replays: Disabled
2025-06-23 20:10:28 - INFO - ==============================
2025-06-23 20:10:28 - INFO - Step 1: Loading existing game data...
2025-06-23 20:10:28 - INFO - Loading existing games data from basil_ladder_games.csv
2025-06-23 20:10:28 - INFO - Loaded 99936 games from existing database.
2025-06-23 20:10:28 - INFO - Step 2: Skipping syncing replay status.
2025-06-23 20:10:28 - INFO - Step 3: Fetching bot ratings...
2025-06-23 20:10:28 - INFO - Fetching master rating list from https://data.basil-ladder.net/stats/ranking.json...
2025-06-23 20:10:29 - INFO - Successfully loaded ratings for 291 bots from JSON.
2025-06-23 20:10:29 - INFO - Step 4: Extracting new games from BASIL ladder...
2025-06-23 20:10:29 - INFO - Fetching latest games from BASIL Ladder (Last 24h)...
2025-06-23 20:10:30 - INFO - Navigating to https://basil.bytekeeper.org/...
2025-06-23 20:10:30 - INFO - Waiting for page to load...
2025-06-23 20:10:30 - INFO - Clicking 'Last 24h' button...
2025-06-23 20:10:33 - INFO - Found 1305 games in the table
2025-06-23 20:11:51 - INFO - Browser closed.
2025-06-23 20:11:51 - INFO - Extracted data for 1305 games from the page.
2025-06-23 20:11:51 - INFO - Step 5: Updating games database with new games...
2025-06-23 20:11:51 - INFO - Attempting to update game database with newly scraped games...
2025-06-23 20:11:51 - INFO - Existing games in database: 99936
2025-06-23 20:11:51 - INFO - New games scraped: 1305
2025-06-23 20:12:29 - INFO - Found and skipped 624 duplicate game(s) already present in the database.
2025-06-23 20:12:29 - INFO - Found 681 new unique games.
2025-06-23 20:12:29 - INFO - Database size: 99936 -> 100617 (+681)
2025-06-23 20:12:29 - INFO - Database saved successfully to basil_ladder_games.csv
2025-06-23 20:12:29 - INFO - Step 6: Skipping replay download.
2025-06-23 20:12:29 - INFO - ==============================
2025-06-23 20:12:29 - INFO - Automated Scrape Task Finished
2025-06-23 20:12:29 - INFO - Outcome: SUCCESS
2025-06-23 20:12:29 - INFO - Total Duration: 121.50 seconds
2025-06-23 20:12:29 - INFO - ==============================
2025-06-24 08:13:37 - INFO - ==============================
2025-06-24 08:13:37 - INFO - Starting Automated Scrape Task
2025-06-24 08:13:37 - INFO - Download replays: Disabled
2025-06-24 08:13:37 - INFO - ==============================
2025-06-24 08:13:37 - INFO - Step 1: Loading existing game data...
2025-06-24 08:13:37 - INFO - Loading existing games data from basil_ladder_games.csv
2025-06-24 08:13:37 - INFO - Loaded 100617 games from existing database.
2025-06-24 08:13:37 - INFO - Step 2: Skipping syncing replay status.
2025-06-24 08:13:37 - INFO - Step 3: Fetching bot ratings...
2025-06-24 08:13:37 - INFO - Fetching master rating list from https://data.basil-ladder.net/stats/ranking.json...
2025-06-24 08:13:38 - INFO - Successfully loaded ratings for 291 bots from JSON.
2025-06-24 08:13:38 - INFO - Step 4: Extracting new games from BASIL ladder...
2025-06-24 08:13:38 - INFO - Fetching latest games from BASIL Ladder (Last 24h)...
2025-06-24 08:13:39 - INFO - Navigating to https://basil.bytekeeper.org/...
2025-06-24 08:13:39 - INFO - Waiting for page to load...
2025-06-24 08:13:39 - INFO - Clicking 'Last 24h' button...
2025-06-24 08:13:43 - INFO - Found 1288 games in the table
2025-06-24 08:14:53 - INFO - Browser closed.
2025-06-24 08:14:53 - INFO - Extracted data for 1288 games from the page.
2025-06-24 08:14:53 - INFO - Step 5: Updating games database with new games...
2025-06-24 08:14:53 - INFO - Attempting to update game database with newly scraped games...
2025-06-24 08:14:53 - INFO - Existing games in database: 100617
2025-06-24 08:14:53 - INFO - New games scraped: 1288
2025-06-24 08:15:30 - INFO - Found and skipped 705 duplicate game(s) already present in the database.
2025-06-24 08:15:30 - INFO - Found 583 new unique games.
2025-06-24 08:15:31 - INFO - Database size: 100617 -> 101200 (+583)
2025-06-24 08:15:31 - INFO - Database saved successfully to basil_ladder_games.csv
2025-06-24 08:15:31 - INFO - Step 6: Skipping replay download.
2025-06-24 08:15:31 - INFO - ==============================
2025-06-24 08:15:31 - INFO - Automated Scrape Task Finished
2025-06-24 08:15:31 - INFO - Outcome: SUCCESS
2025-06-24 08:15:31 - INFO - Total Duration: 113.96 seconds
2025-06-24 08:15:31 - INFO - ==============================
2025-06-24 20:10:31 - INFO - ==============================
2025-06-24 20:10:31 - INFO - Starting Automated Scrape Task
2025-06-24 20:10:31 - INFO - Download replays: Disabled
2025-06-24 20:10:31 - INFO - ==============================
2025-06-24 20:10:31 - INFO - Step 1: Loading existing game data...
2025-06-24 20:10:31 - INFO - Loading existing games data from basil_ladder_games.csv
2025-06-24 20:10:31 - INFO - Loaded 101200 games from existing database.
2025-06-24 20:10:31 - INFO - Step 2: Skipping syncing replay status.
2025-06-24 20:10:31 - INFO - Step 3: Fetching bot ratings...
2025-06-24 20:10:31 - INFO - Fetching master rating list from https://data.basil-ladder.net/stats/ranking.json...
2025-06-24 20:10:32 - INFO - Successfully loaded ratings for 291 bots from JSON.
2025-06-24 20:10:32 - INFO - Step 4: Extracting new games from BASIL ladder...
2025-06-24 20:10:32 - INFO - Fetching latest games from BASIL Ladder (Last 24h)...
2025-06-24 20:10:41 - INFO - Navigating to https://basil.bytekeeper.org/...
2025-06-24 20:10:42 - INFO - Waiting for page to load...
2025-06-24 20:10:42 - INFO - Clicking 'Last 24h' button...
2025-06-24 20:10:45 - INFO - Found 1252 games in the table
2025-06-24 20:11:59 - INFO - Browser closed.
2025-06-24 20:11:59 - INFO - Extracted data for 1252 games from the page.
2025-06-24 20:11:59 - INFO - Step 5: Updating games database with new games...
2025-06-24 20:11:59 - INFO - Attempting to update game database with newly scraped games...
2025-06-24 20:11:59 - INFO - Existing games in database: 101200
2025-06-24 20:11:59 - INFO - New games scraped: 1252
2025-06-24 20:12:36 - INFO - Found and skipped 629 duplicate game(s) already present in the database.
2025-06-24 20:12:36 - INFO - Found 623 new unique games.
2025-06-24 20:12:36 - INFO - Database size: 101200 -> 101823 (+623)
2025-06-24 20:12:36 - INFO - Database saved successfully to basil_ladder_games.csv
2025-06-24 20:12:36 - INFO - Step 6: Skipping replay download.
2025-06-24 20:12:36 - INFO - ==============================
2025-06-24 20:12:36 - INFO - Automated Scrape Task Finished
2025-06-24 20:12:36 - INFO - Outcome: SUCCESS
2025-06-24 20:12:36 - INFO - Total Duration: 125.20 seconds
2025-06-24 20:12:36 - INFO - ==============================
2025-06-25 08:13:51 - INFO - ==============================
2025-06-25 08:13:51 - INFO - Starting Automated Scrape Task
2025-06-25 08:13:51 - INFO - Download replays: Disabled
2025-06-25 08:13:51 - INFO - ==============================
2025-06-25 08:13:51 - INFO - Step 1: Loading existing game data...
2025-06-25 08:13:51 - INFO - Loading existing games data from basil_ladder_games.csv
2025-06-25 08:13:51 - INFO - Loaded 101823 games from existing database.
2025-06-25 08:13:51 - INFO - Step 2: Skipping syncing replay status.
2025-06-25 08:13:51 - INFO - Step 3: Fetching bot ratings...
2025-06-25 08:13:51 - INFO - Fetching master rating list from https://data.basil-ladder.net/stats/ranking.json...
2025-06-25 08:13:52 - INFO - Successfully loaded ratings for 291 bots from JSON.
2025-06-25 08:13:52 - INFO - Step 4: Extracting new games from BASIL ladder...
2025-06-25 08:13:52 - INFO - Fetching latest games from BASIL Ladder (Last 24h)...
2025-06-25 08:13:53 - INFO - Navigating to https://basil.bytekeeper.org/...
2025-06-25 08:13:53 - INFO - Waiting for page to load...
2025-06-25 08:13:53 - INFO - Clicking 'Last 24h' button...
2025-06-25 08:13:57 - INFO - Found 1122 games in the table
2025-06-25 08:14:58 - INFO - Browser closed.
2025-06-25 08:14:58 - INFO - Extracted data for 1122 games from the page.
2025-06-25 08:14:58 - INFO - Step 5: Updating games database with new games...
2025-06-25 08:14:58 - INFO - Attempting to update game database with newly scraped games...
2025-06-25 08:14:58 - INFO - Existing games in database: 101823
2025-06-25 08:14:58 - INFO - New games scraped: 1122
2025-06-25 08:15:31 - INFO - Found and skipped 639 duplicate game(s) already present in the database.
2025-06-25 08:15:31 - INFO - Found 483 new unique games.
2025-06-25 08:15:31 - INFO - Database size: 101823 -> 102306 (+483)
2025-06-25 08:15:32 - INFO - Database saved successfully to basil_ladder_games.csv
2025-06-25 08:15:32 - INFO - Step 6: Skipping replay download.
2025-06-25 08:15:32 - INFO - ==============================
2025-06-25 08:15:32 - INFO - Automated Scrape Task Finished
2025-06-25 08:15:32 - INFO - Outcome: SUCCESS
2025-06-25 08:15:32 - INFO - Total Duration: 101.24 seconds
2025-06-25 08:15:32 - INFO - ==============================
2025-06-25 20:10:27 - INFO - ==============================
2025-06-25 20:10:27 - INFO - Starting Automated Scrape Task
2025-06-25 20:10:27 - INFO - Download replays: Disabled
2025-06-25 20:10:27 - INFO - ==============================
2025-06-25 20:10:27 - INFO - Step 1: Loading existing game data...
2025-06-25 20:10:27 - INFO - Loading existing games data from basil_ladder_games.csv
2025-06-25 20:10:27 - INFO - Loaded 102306 games from existing database.
2025-06-25 20:10:27 - INFO - Step 2: Skipping syncing replay status.
2025-06-25 20:10:27 - INFO - Step 3: Fetching bot ratings...
2025-06-25 20:10:27 - INFO - Fetching master rating list from https://data.basil-ladder.net/stats/ranking.json...
2025-06-25 20:10:28 - INFO - Successfully loaded ratings for 291 bots from JSON.
2025-06-25 20:10:28 - INFO - Step 4: Extracting new games from BASIL ladder...
2025-06-25 20:10:28 - INFO - Fetching latest games from BASIL Ladder (Last 24h)...
2025-06-25 20:10:47 - INFO - Navigating to https://basil.bytekeeper.org/...
2025-06-25 20:10:49 - INFO - Waiting for page to load...
2025-06-25 20:10:49 - INFO - Clicking 'Last 24h' button...
2025-06-25 20:10:52 - INFO - Found 1152 games in the table
2025-06-25 20:11:56 - INFO - Browser closed.
2025-06-25 20:11:56 - INFO - Extracted data for 1152 games from the page.
2025-06-25 20:11:56 - INFO - Step 5: Updating games database with new games...
2025-06-25 20:11:56 - INFO - Attempting to update game database with newly scraped games...
2025-06-25 20:11:56 - INFO - Existing games in database: 102306
2025-06-25 20:11:56 - INFO - New games scraped: 1152
2025-06-25 20:12:29 - INFO - Found and skipped 482 duplicate game(s) already present in the database.
2025-06-25 20:12:29 - INFO - Found 670 new unique games.
2025-06-25 20:12:29 - INFO - Database size: 102306 -> 102976 (+670)
2025-06-25 20:12:30 - INFO - Database saved successfully to basil_ladder_games.csv
2025-06-25 20:12:30 - INFO - Step 6: Skipping replay download.
2025-06-25 20:12:30 - INFO - ==============================
2025-06-25 20:12:30 - INFO - Automated Scrape Task Finished
2025-06-25 20:12:30 - INFO - Outcome: SUCCESS
2025-06-25 20:12:30 - INFO - Total Duration: 122.95 seconds
2025-06-25 20:12:30 - INFO - ==============================
2025-06-26 08:13:24 - INFO - ==============================
2025-06-26 08:13:24 - INFO - Starting Automated Scrape Task
2025-06-26 08:13:24 - INFO - Download replays: Disabled
2025-06-26 08:13:24 - INFO - ==============================
2025-06-26 08:13:24 - INFO - Step 1: Loading existing game data...
2025-06-26 08:13:24 - INFO - Loading existing games data from basil_ladder_games.csv
2025-06-26 08:13:25 - INFO - Loaded 102976 games from existing database.
2025-06-26 08:13:25 - INFO - Step 2: Skipping syncing replay status.
2025-06-26 08:13:25 - INFO - Step 3: Fetching bot ratings...
2025-06-26 08:13:25 - INFO - Fetching master rating list from https://data.basil-ladder.net/stats/ranking.json...
2025-06-26 08:13:25 - INFO - Successfully loaded ratings for 291 bots from JSON.
2025-06-26 08:13:25 - INFO - Step 4: Extracting new games from BASIL ladder...
2025-06-26 08:13:25 - INFO - Fetching latest games from BASIL Ladder (Last 24h)...
2025-06-26 08:13:33 - INFO - Navigating to https://basil.bytekeeper.org/...
2025-06-26 08:13:34 - INFO - Waiting for page to load...
2025-06-26 08:13:34 - INFO - Clicking 'Last 24h' button...
2025-06-26 08:13:37 - INFO - Found 1142 games in the table
2025-06-26 08:14:41 - INFO - Browser closed.
2025-06-26 08:14:41 - INFO - Extracted data for 1142 games from the page.
2025-06-26 08:14:41 - INFO - Step 5: Updating games database with new games...
2025-06-26 08:14:41 - INFO - Attempting to update game database with newly scraped games...
2025-06-26 08:14:41 - INFO - Existing games in database: 102976
2025-06-26 08:14:41 - INFO - New games scraped: 1142
2025-06-26 08:15:15 - INFO - Found and skipped 693 duplicate game(s) already present in the database.
2025-06-26 08:15:15 - INFO - Found 449 new unique games.
2025-06-26 08:15:15 - INFO - Database size: 102976 -> 103425 (+449)
2025-06-26 08:15:15 - INFO - Database saved successfully to basil_ladder_games.csv
2025-06-26 08:15:15 - INFO - Step 6: Skipping replay download.
2025-06-26 08:15:15 - INFO - ==============================
2025-06-26 08:15:15 - INFO - Automated Scrape Task Finished
2025-06-26 08:15:15 - INFO - Outcome: SUCCESS
2025-06-26 08:15:15 - INFO - Total Duration: 111.03 seconds
2025-06-26 08:15:15 - INFO - ==============================
2025-06-26 20:09:59 - INFO - ==============================
2025-06-26 20:09:59 - INFO - Starting Automated Scrape Task
2025-06-26 20:09:59 - INFO - Download replays: Disabled
2025-06-26 20:09:59 - INFO - ==============================
2025-06-26 20:09:59 - INFO - Step 1: Loading existing game data...
2025-06-26 20:09:59 - INFO - Loading existing games data from basil_ladder_games.csv
2025-06-26 20:09:59 - INFO - Loaded 103425 games from existing database.
2025-06-26 20:09:59 - INFO - Step 2: Skipping syncing replay status.
2025-06-26 20:09:59 - INFO - Step 3: Fetching bot ratings...
2025-06-26 20:09:59 - INFO - Fetching master rating list from https://data.basil-ladder.net/stats/ranking.json...
2025-06-26 20:10:00 - INFO - Successfully loaded ratings for 291 bots from JSON.
2025-06-26 20:10:00 - INFO - Step 4: Extracting new games from BASIL ladder...
2025-06-26 20:10:00 - INFO - Fetching latest games from BASIL Ladder (Last 24h)...
2025-06-26 20:10:00 - INFO - Navigating to https://basil.bytekeeper.org/...
2025-06-26 20:10:01 - INFO - Waiting for page to load...
2025-06-26 20:10:01 - INFO - Clicking 'Last 24h' button...
2025-06-26 20:10:04 - INFO - Found 1197 games in the table
2025-06-26 20:11:11 - INFO - Browser closed.
2025-06-26 20:11:11 - INFO - Extracted data for 1197 games from the page.
2025-06-26 20:11:11 - INFO - Step 5: Updating games database with new games...
2025-06-26 20:11:11 - INFO - Attempting to update game database with newly scraped games...
2025-06-26 20:11:11 - INFO - Existing games in database: 103425
2025-06-26 20:11:11 - INFO - New games scraped: 1197
2025-06-26 20:11:46 - INFO - Found and skipped 503 duplicate game(s) already present in the database.
2025-06-26 20:11:46 - INFO - Found 694 new unique games.
2025-06-26 20:11:46 - INFO - Database size: 103425 -> 104119 (+694)
2025-06-26 20:11:47 - INFO - Database saved successfully to basil_ladder_games.csv
2025-06-26 20:11:47 - INFO - Step 6: Skipping replay download.
2025-06-26 20:11:47 - INFO - ==============================
2025-06-26 20:11:47 - INFO - Automated Scrape Task Finished
2025-06-26 20:11:47 - INFO - Outcome: SUCCESS
2025-06-26 20:11:47 - INFO - Total Duration: 108.27 seconds
2025-06-26 20:11:47 - INFO - ==============================
2025-06-27 08:13:17 - INFO - ==============================
2025-06-27 08:13:17 - INFO - Starting Automated Scrape Task
2025-06-27 08:13:17 - INFO - Download replays: Disabled
2025-06-27 08:13:17 - INFO - ==============================
2025-06-27 08:13:17 - INFO - Step 1: Loading existing game data...
2025-06-27 08:13:17 - INFO - Loading existing games data from basil_ladder_games.csv
2025-06-27 08:13:17 - INFO - Loaded 104119 games from existing database.
2025-06-27 08:13:17 - INFO - Step 2: Skipping syncing replay status.
2025-06-27 08:13:17 - INFO - Step 3: Fetching bot ratings...
2025-06-27 08:13:17 - INFO - Fetching master rating list from https://data.basil-ladder.net/stats/ranking.json...
2025-06-27 08:13:18 - INFO - Successfully loaded ratings for 291 bots from JSON.
2025-06-27 08:13:18 - INFO - Step 4: Extracting new games from BASIL ladder...
2025-06-27 08:13:18 - INFO - Fetching latest games from BASIL Ladder (Last 24h)...
2025-06-27 08:13:19 - INFO - Navigating to https://basil.bytekeeper.org/...
2025-06-27 08:13:20 - INFO - Waiting for page to load...
2025-06-27 08:13:20 - INFO - Clicking 'Last 24h' button...
2025-06-27 08:13:23 - INFO - Found 1221 games in the table
2025-06-27 08:14:29 - INFO - Browser closed.
2025-06-27 08:14:29 - INFO - Extracted data for 1221 games from the page.
2025-06-27 08:14:29 - INFO - Step 5: Updating games database with new games...
2025-06-27 08:14:29 - INFO - Attempting to update game database with newly scraped games...
2025-06-27 08:14:29 - INFO - Existing games in database: 104119
2025-06-27 08:14:29 - INFO - New games scraped: 1221
2025-06-27 08:15:06 - INFO - Found and skipped 716 duplicate game(s) already present in the database.
2025-06-27 08:15:06 - INFO - Found 505 new unique games.
2025-06-27 08:15:06 - INFO - Database size: 104119 -> 104624 (+505)
2025-06-27 08:15:06 - INFO - Database saved successfully to basil_ladder_games.csv
2025-06-27 08:15:06 - INFO - Step 6: Skipping replay download.
2025-06-27 08:15:06 - INFO - ==============================
2025-06-27 08:15:06 - INFO - Automated Scrape Task Finished
2025-06-27 08:15:06 - INFO - Outcome: SUCCESS
2025-06-27 08:15:06 - INFO - Total Duration: 109.68 seconds
2025-06-27 08:15:06 - INFO - ==============================
2025-06-27 20:09:55 - INFO - ==============================
2025-06-27 20:09:55 - INFO - Starting Automated Scrape Task
2025-06-27 20:09:55 - INFO - Download replays: Disabled
2025-06-27 20:09:55 - INFO - ==============================
2025-06-27 20:09:55 - INFO - Step 1: Loading existing game data...
2025-06-27 20:09:55 - INFO - Loading existing games data from basil_ladder_games.csv
2025-06-27 20:09:55 - INFO - Loaded 104624 games from existing database.
2025-06-27 20:09:55 - INFO - Step 2: Skipping syncing replay status.
2025-06-27 20:09:55 - INFO - Step 3: Fetching bot ratings...
2025-06-27 20:09:55 - INFO - Fetching master rating list from https://data.basil-ladder.net/stats/ranking.json...
2025-06-27 20:09:56 - INFO - Successfully loaded ratings for 291 bots from JSON.
2025-06-27 20:09:56 - INFO - Step 4: Extracting new games from BASIL ladder...
2025-06-27 20:09:56 - INFO - Fetching latest games from BASIL Ladder (Last 24h)...
2025-06-27 20:09:59 - INFO - Navigating to https://basil.bytekeeper.org/...
2025-06-27 20:10:00 - INFO - Waiting for page to load...
2025-06-27 20:10:00 - INFO - Clicking 'Last 24h' button...
2025-06-27 20:10:03 - INFO - Found 1134 games in the table
2025-06-27 20:11:06 - INFO - Browser closed.
2025-06-27 20:11:06 - INFO - Extracted data for 1134 games from the page.
2025-06-27 20:11:06 - INFO - Step 5: Updating games database with new games...
2025-06-27 20:11:06 - INFO - Attempting to update game database with newly scraped games...
2025-06-27 20:11:06 - INFO - Existing games in database: 104624
2025-06-27 20:11:06 - INFO - New games scraped: 1134
2025-06-27 20:11:40 - INFO - Found and skipped 503 duplicate game(s) already present in the database.
2025-06-27 20:11:40 - INFO - Found 631 new unique games.
2025-06-27 20:11:40 - INFO - Database size: 104624 -> 105255 (+631)
2025-06-27 20:11:40 - INFO - Database saved successfully to basil_ladder_games.csv
2025-06-27 20:11:40 - INFO - Step 6: Skipping replay download.
2025-06-27 20:11:40 - INFO - ==============================
2025-06-27 20:11:40 - INFO - Automated Scrape Task Finished
2025-06-27 20:11:40 - INFO - Outcome: SUCCESS
2025-06-27 20:11:40 - INFO - Total Duration: 105.62 seconds
2025-06-27 20:11:40 - INFO - ==============================
2025-06-28 08:11:16 - INFO - ==============================
2025-06-28 08:11:16 - INFO - Starting Automated Scrape Task
2025-06-28 08:11:16 - INFO - Download replays: Disabled
2025-06-28 08:11:16 - INFO - ==============================
2025-06-28 08:11:16 - INFO - Step 1: Loading existing game data...
2025-06-28 08:11:16 - INFO - Loading existing games data from basil_ladder_games.csv
2025-06-28 08:11:16 - INFO - Loaded 105255 games from existing database.
2025-06-28 08:11:16 - INFO - Step 2: Skipping syncing replay status.
2025-06-28 08:11:16 - INFO - Step 3: Fetching bot ratings...
2025-06-28 08:11:16 - INFO - Fetching master rating list from https://data.basil-ladder.net/stats/ranking.json...
2025-06-28 08:11:17 - INFO - Successfully loaded ratings for 291 bots from JSON.
2025-06-28 08:11:17 - INFO - Step 4: Extracting new games from BASIL ladder...
2025-06-28 08:11:17 - INFO - Fetching latest games from BASIL Ladder (Last 24h)...
2025-06-28 08:11:19 - INFO - Navigating to https://basil.bytekeeper.org/...
2025-06-28 08:11:20 - INFO - Waiting for page to load...
2025-06-28 08:11:20 - INFO - Clicking 'Last 24h' button...
2025-06-28 08:11:23 - INFO - Found 1138 games in the table
2025-06-28 08:12:25 - INFO - Browser closed.
2025-06-28 08:12:25 - INFO - Extracted data for 1138 games from the page.
2025-06-28 08:12:25 - INFO - Step 5: Updating games database with new games...
2025-06-28 08:12:25 - INFO - Attempting to update game database with newly scraped games...
2025-06-28 08:12:25 - INFO - Existing games in database: 105255
2025-06-28 08:12:25 - INFO - New games scraped: 1138
2025-06-28 08:12:59 - INFO - Found and skipped 695 duplicate game(s) already present in the database.
2025-06-28 08:12:59 - INFO - Found 443 new unique games.
2025-06-28 08:12:59 - INFO - Database size: 105255 -> 105698 (+443)
2025-06-28 08:12:59 - INFO - Database saved successfully to basil_ladder_games.csv
2025-06-28 08:12:59 - INFO - Step 6: Skipping replay download.
2025-06-28 08:12:59 - INFO - ==============================
2025-06-28 08:12:59 - INFO - Automated Scrape Task Finished
2025-06-28 08:12:59 - INFO - Outcome: SUCCESS
2025-06-28 08:12:59 - INFO - Total Duration: 103.83 seconds
2025-06-28 08:12:59 - INFO - ==============================
2025-06-28 20:09:09 - INFO - ==============================
2025-06-28 20:09:09 - INFO - Starting Automated Scrape Task
2025-06-28 20:09:09 - INFO - Download replays: Disabled
2025-06-28 20:09:09 - INFO - ==============================
2025-06-28 20:09:09 - INFO - Step 1: Loading existing game data...
2025-06-28 20:09:09 - INFO - Loading existing games data from basil_ladder_games.csv
2025-06-28 20:09:09 - INFO - Loaded 105698 games from existing database.
2025-06-28 20:09:09 - INFO - Step 2: Skipping syncing replay status.
2025-06-28 20:09:09 - INFO - Step 3: Fetching bot ratings...
2025-06-28 20:09:09 - INFO - Fetching master rating list from https://data.basil-ladder.net/stats/ranking.json...
2025-06-28 20:09:10 - INFO - Successfully loaded ratings for 291 bots from JSON.
2025-06-28 20:09:10 - INFO - Step 4: Extracting new games from BASIL ladder...
2025-06-28 20:09:10 - INFO - Fetching latest games from BASIL Ladder (Last 24h)...
2025-06-28 20:09:11 - INFO - Navigating to https://basil.bytekeeper.org/...
2025-06-28 20:09:11 - INFO - Waiting for page to load...
2025-06-28 20:09:11 - INFO - Clicking 'Last 24h' button...
2025-06-28 20:09:15 - INFO - Found 1095 games in the table
2025-06-28 20:10:14 - INFO - Browser closed.
2025-06-28 20:10:14 - INFO - Extracted data for 1095 games from the page.
2025-06-28 20:10:14 - INFO - Step 5: Updating games database with new games...
2025-06-28 20:10:14 - INFO - Attempting to update game database with newly scraped games...
2025-06-28 20:10:14 - INFO - Existing games in database: 105698
2025-06-28 20:10:14 - INFO - New games scraped: 1095
2025-06-28 20:10:47 - INFO - Found and skipped 464 duplicate game(s) already present in the database.
2025-06-28 20:10:47 - INFO - Found 631 new unique games.
2025-06-28 20:10:47 - INFO - Database size: 105698 -> 106329 (+631)
2025-06-28 20:10:48 - INFO - Database saved successfully to basil_ladder_games.csv
2025-06-28 20:10:48 - INFO - Step 6: Skipping replay download.
2025-06-28 20:10:48 - INFO - ==============================
2025-06-28 20:10:48 - INFO - Automated Scrape Task Finished
2025-06-28 20:10:48 - INFO - Outcome: SUCCESS
2025-06-28 20:10:48 - INFO - Total Duration: 98.92 seconds
2025-06-28 20:10:48 - INFO - ==============================
2025-06-29 08:11:17 - INFO - ==============================
2025-06-29 08:11:17 - INFO - Starting Automated Scrape Task
2025-06-29 08:11:17 - INFO - Download replays: Disabled
2025-06-29 08:11:17 - INFO - ==============================
2025-06-29 08:11:17 - INFO - Step 1: Loading existing game data...
2025-06-29 08:11:17 - INFO - Loading existing games data from basil_ladder_games.csv
2025-06-29 08:11:17 - INFO - Loaded 106329 games from existing database.
2025-06-29 08:11:17 - INFO - Step 2: Skipping syncing replay status.
2025-06-29 08:11:17 - INFO - Step 3: Fetching bot ratings...
2025-06-29 08:11:17 - INFO - Fetching master rating list from https://data.basil-ladder.net/stats/ranking.json...
2025-06-29 08:11:18 - INFO - Successfully loaded ratings for 291 bots from JSON.
2025-06-29 08:11:18 - INFO - Step 4: Extracting new games from BASIL ladder...
2025-06-29 08:11:18 - INFO - Fetching latest games from BASIL Ladder (Last 24h)...
2025-06-29 08:11:19 - INFO - Navigating to https://basil.bytekeeper.org/...
2025-06-29 08:11:20 - INFO - Waiting for page to load...
2025-06-29 08:11:20 - INFO - Clicking 'Last 24h' button...
2025-06-29 08:11:23 - INFO - Found 1032 games in the table
2025-06-29 08:12:21 - INFO - Browser closed.
2025-06-29 08:12:21 - INFO - Extracted data for 1032 games from the page.
2025-06-29 08:12:21 - INFO - Step 5: Updating games database with new games...
2025-06-29 08:12:21 - INFO - Attempting to update game database with newly scraped games...
2025-06-29 08:12:21 - INFO - Existing games in database: 106329
2025-06-29 08:12:21 - INFO - New games scraped: 1032
2025-06-29 08:12:53 - INFO - Found and skipped 631 duplicate game(s) already present in the database.
2025-06-29 08:12:53 - INFO - Found 401 new unique games.
2025-06-29 08:12:53 - INFO - Database size: 106329 -> 106730 (+401)
2025-06-29 08:12:53 - INFO - Database saved successfully to basil_ladder_games.csv
2025-06-29 08:12:53 - INFO - Step 6: Skipping replay download.
2025-06-29 08:12:53 - INFO - ==============================
2025-06-29 08:12:53 - INFO - Automated Scrape Task Finished
2025-06-29 08:12:53 - INFO - Outcome: SUCCESS
2025-06-29 08:12:53 - INFO - Total Duration: 96.18 seconds
2025-06-29 08:12:53 - INFO - ==============================
2025-06-29 20:09:26 - INFO - ==============================
2025-06-29 20:09:26 - INFO - Starting Automated Scrape Task
2025-06-29 20:09:26 - INFO - Download replays: Disabled
2025-06-29 20:09:26 - INFO - ==============================
2025-06-29 20:09:26 - INFO - Step 1: Loading existing game data...
2025-06-29 20:09:26 - INFO - Loading existing games data from basil_ladder_games.csv
2025-06-29 20:09:26 - INFO - Loaded 106730 games from existing database.
2025-06-29 20:09:26 - INFO - Step 2: Skipping syncing replay status.
2025-06-29 20:09:26 - INFO - Step 3: Fetching bot ratings...
2025-06-29 20:09:26 - INFO - Fetching master rating list from https://data.basil-ladder.net/stats/ranking.json...
2025-06-29 20:09:27 - INFO - Successfully loaded ratings for 291 bots from JSON.
2025-06-29 20:09:27 - INFO - Step 4: Extracting new games from BASIL ladder...
2025-06-29 20:09:27 - INFO - Fetching latest games from BASIL Ladder (Last 24h)...
2025-06-29 20:09:28 - INFO - Navigating to https://basil.bytekeeper.org/...
2025-06-29 20:09:29 - INFO - Waiting for page to load...
2025-06-29 20:09:29 - INFO - Clicking 'Last 24h' button...
2025-06-29 20:09:33 - INFO - Found 981 games in the table
2025-06-29 20:10:28 - INFO - Browser closed.
2025-06-29 20:10:28 - INFO - Extracted data for 981 games from the page.
2025-06-29 20:10:28 - INFO - Step 5: Updating games database with new games...
2025-06-29 20:10:28 - INFO - Attempting to update game database with newly scraped games...
2025-06-29 20:10:28 - INFO - Existing games in database: 106730
2025-06-29 20:10:28 - INFO - New games scraped: 981
2025-06-29 20:10:58 - INFO - Found and skipped 421 duplicate game(s) already present in the database.
2025-06-29 20:10:58 - INFO - Found 560 new unique games.
2025-06-29 20:10:58 - INFO - Database size: 106730 -> 107290 (+560)
2025-06-29 20:10:59 - INFO - Database saved successfully to basil_ladder_games.csv
2025-06-29 20:10:59 - INFO - Step 6: Skipping replay download.
2025-06-29 20:10:59 - INFO - ==============================
2025-06-29 20:10:59 - INFO - Automated Scrape Task Finished
2025-06-29 20:10:59 - INFO - Outcome: SUCCESS
2025-06-29 20:10:59 - INFO - Total Duration: 93.30 seconds
2025-06-29 20:10:59 - INFO - ==============================
2025-06-30 08:14:19 - INFO - ==============================
2025-06-30 08:14:19 - INFO - Starting Automated Scrape Task
2025-06-30 08:14:19 - INFO - Download replays: Disabled
2025-06-30 08:14:19 - INFO - ==============================
2025-06-30 08:14:19 - INFO - Step 1: Loading existing game data...
2025-06-30 08:14:19 - INFO - Loading existing games data from basil_ladder_games.csv
2025-06-30 08:14:20 - INFO - Loaded 107290 games from existing database.
2025-06-30 08:14:20 - INFO - Step 2: Skipping syncing replay status.
2025-06-30 08:14:20 - INFO - Step 3: Fetching bot ratings...
2025-06-30 08:14:20 - INFO - Fetching master rating list from https://data.basil-ladder.net/stats/ranking.json...
2025-06-30 08:14:20 - INFO - Successfully loaded ratings for 291 bots from JSON.
2025-06-30 08:14:20 - INFO - Step 4: Extracting new games from BASIL ladder...
2025-06-30 08:14:20 - INFO - Fetching latest games from BASIL Ladder (Last 24h)...
2025-06-30 08:14:31 - INFO - Navigating to https://basil.bytekeeper.org/...
2025-06-30 08:14:32 - INFO - Waiting for page to load...
2025-06-30 08:14:32 - INFO - Clicking 'Last 24h' button...
2025-06-30 08:14:36 - INFO - Found 1048 games in the table
2025-06-30 08:15:42 - INFO - Browser closed.
2025-06-30 08:15:42 - INFO - Extracted data for 1048 games from the page.
2025-06-30 08:15:42 - INFO - Step 5: Updating games database with new games...
2025-06-30 08:15:42 - INFO - Attempting to update game database with newly scraped games...
2025-06-30 08:15:42 - INFO - Existing games in database: 107290
2025-06-30 08:15:42 - INFO - New games scraped: 1048
2025-06-30 08:16:15 - INFO - Found and skipped 576 duplicate game(s) already present in the database.
2025-06-30 08:16:15 - INFO - Found 472 new unique games.
2025-06-30 08:16:15 - INFO - Database size: 107290 -> 107762 (+472)
2025-06-30 08:16:15 - INFO - Database saved successfully to basil_ladder_games.csv
2025-06-30 08:16:15 - INFO - Step 6: Skipping replay download.
2025-06-30 08:16:15 - INFO - ==============================
2025-06-30 08:16:15 - INFO - Automated Scrape Task Finished
2025-06-30 08:16:15 - INFO - Outcome: SUCCESS
2025-06-30 08:16:15 - INFO - Total Duration: 115.90 seconds
2025-06-30 08:16:15 - INFO - ==============================
2025-06-30 20:09:52 - INFO - ==============================
2025-06-30 20:09:52 - INFO - Starting Automated Scrape Task
2025-06-30 20:09:52 - INFO - Download replays: Disabled
2025-06-30 20:09:52 - INFO - ==============================
2025-06-30 20:09:52 - INFO - Step 1: Loading existing game data...
2025-06-30 20:09:52 - INFO - Loading existing games data from basil_ladder_games.csv
2025-06-30 20:09:52 - INFO - Loaded 107762 games from existing database.
2025-06-30 20:09:52 - INFO - Step 2: Skipping syncing replay status.
2025-06-30 20:09:52 - INFO - Step 3: Fetching bot ratings...
2025-06-30 20:09:52 - INFO - Fetching master rating list from https://data.basil-ladder.net/stats/ranking.json...
2025-06-30 20:09:53 - INFO - Successfully loaded ratings for 291 bots from JSON.
2025-06-30 20:09:53 - INFO - Step 4: Extracting new games from BASIL ladder...
2025-06-30 20:09:53 - INFO - Fetching latest games from BASIL Ladder (Last 24h)...
2025-06-30 20:09:54 - INFO - Navigating to https://basil.bytekeeper.org/...
2025-06-30 20:09:55 - INFO - Waiting for page to load...
2025-06-30 20:09:55 - INFO - Clicking 'Last 24h' button...
2025-06-30 20:09:58 - INFO - Found 1000 games in the table
2025-06-30 20:10:59 - INFO - Browser closed.
2025-06-30 20:10:59 - INFO - Extracted data for 1000 games from the page.
2025-06-30 20:10:59 - INFO - Step 5: Updating games database with new games...
2025-06-30 20:10:59 - INFO - Attempting to update game database with newly scraped games...
2025-06-30 20:10:59 - INFO - Existing games in database: 107762
2025-06-30 20:10:59 - INFO - New games scraped: 1000
2025-06-30 20:11:31 - INFO - Found and skipped 481 duplicate game(s) already present in the database.
2025-06-30 20:11:31 - INFO - Found 519 new unique games.
2025-06-30 20:11:31 - INFO - Database size: 107762 -> 108281 (+519)
2025-06-30 20:11:31 - INFO - Database saved successfully to basil_ladder_games.csv
2025-06-30 20:11:31 - INFO - Step 6: Skipping replay download.
2025-06-30 20:11:31 - INFO - ==============================
2025-06-30 20:11:31 - INFO - Automated Scrape Task Finished
2025-06-30 20:11:31 - INFO - Outcome: SUCCESS
2025-06-30 20:11:31 - INFO - Total Duration: 99.29 seconds
2025-06-30 20:11:31 - INFO - ==============================
2025-07-01 08:13:44 - INFO - ==============================
2025-07-01 08:13:44 - INFO - Starting Automated Scrape Task
2025-07-01 08:13:44 - INFO - Download replays: Disabled
2025-07-01 08:13:44 - INFO - ==============================
2025-07-01 08:13:44 - INFO - Step 1: Loading existing game data...
2025-07-01 08:13:44 - INFO - Loading existing games data from basil_ladder_games.csv
2025-07-01 08:13:44 - INFO - Loaded 108281 games from existing database.
2025-07-01 08:13:44 - INFO - Step 2: Skipping syncing replay status.
2025-07-01 08:13:44 - INFO - Step 3: Fetching bot ratings...
2025-07-01 08:13:44 - INFO - Fetching master rating list from https://data.basil-ladder.net/stats/ranking.json...
2025-07-01 08:13:45 - INFO - Successfully loaded ratings for 291 bots from JSON.
2025-07-01 08:13:45 - INFO - Step 4: Extracting new games from BASIL ladder...
2025-07-01 08:13:45 - INFO - Fetching latest games from BASIL Ladder (Last 24h)...
2025-07-01 08:13:55 - INFO - Navigating to https://basil.bytekeeper.org/...
2025-07-01 08:13:57 - INFO - Waiting for page to load...
2025-07-01 08:13:57 - INFO - Clicking 'Last 24h' button...
2025-07-01 08:14:00 - INFO - Found 987 games in the table
2025-07-01 08:14:54 - INFO - Browser closed.
2025-07-01 08:14:54 - INFO - Extracted data for 987 games from the page.
2025-07-01 08:14:54 - INFO - Step 5: Updating games database with new games...
2025-07-01 08:14:54 - INFO - Attempting to update game database with newly scraped games...
2025-07-01 08:14:54 - INFO - Existing games in database: 108281
2025-07-01 08:14:54 - INFO - New games scraped: 987
2025-07-01 08:15:25 - INFO - Found and skipped 534 duplicate game(s) already present in the database.
2025-07-01 08:15:25 - INFO - Found 453 new unique games.
2025-07-01 08:15:25 - INFO - Database size: 108281 -> 108734 (+453)
2025-07-01 08:15:25 - INFO - Database saved successfully to basil_ladder_games.csv
2025-07-01 08:15:25 - INFO - Step 6: Skipping replay download.
2025-07-01 08:15:25 - INFO - ==============================
2025-07-01 08:15:25 - INFO - Automated Scrape Task Finished
2025-07-01 08:15:25 - INFO - Outcome: SUCCESS
2025-07-01 08:15:25 - INFO - Total Duration: 100.95 seconds
2025-07-01 08:15:25 - INFO - ==============================
2025-07-01 20:10:08 - INFO - ==============================
2025-07-01 20:10:08 - INFO - Starting Automated Scrape Task
2025-07-01 20:10:08 - INFO - Download replays: Disabled
2025-07-01 20:10:08 - INFO - ==============================
2025-07-01 20:10:08 - INFO - Step 1: Loading existing game data...
2025-07-01 20:10:08 - INFO - Loading existing games data from basil_ladder_games.csv
2025-07-01 20:10:08 - INFO - Loaded 108734 games from existing database.
2025-07-01 20:10:08 - INFO - Step 2: Skipping syncing replay status.
2025-07-01 20:10:08 - INFO - Step 3: Fetching bot ratings...
2025-07-01 20:10:08 - INFO - Fetching master rating list from https://data.basil-ladder.net/stats/ranking.json...
2025-07-01 20:10:09 - INFO - Successfully loaded ratings for 291 bots from JSON.
2025-07-01 20:10:09 - INFO - Step 4: Extracting new games from BASIL ladder...
2025-07-01 20:10:09 - INFO - Fetching latest games from BASIL Ladder (Last 24h)...
2025-07-01 20:10:12 - INFO - Navigating to https://basil.bytekeeper.org/...
2025-07-01 20:10:12 - INFO - Waiting for page to load...
2025-07-01 20:10:12 - INFO - Clicking 'Last 24h' button...
2025-07-01 20:10:16 - INFO - Found 1043 games in the table
2025-07-01 20:11:15 - INFO - Browser closed.
2025-07-01 20:11:15 - INFO - Extracted data for 1043 games from the page.
2025-07-01 20:11:15 - INFO - Step 5: Updating games database with new games...
2025-07-01 20:11:15 - INFO - Attempting to update game database with newly scraped games...
2025-07-01 20:11:15 - INFO - Existing games in database: 108734
2025-07-01 20:11:15 - INFO - New games scraped: 1043
2025-07-01 20:11:48 - INFO - Found and skipped 475 duplicate game(s) already present in the database.
2025-07-01 20:11:48 - INFO - Found 568 new unique games.
2025-07-01 20:11:48 - INFO - Database size: 108734 -> 109302 (+568)
2025-07-01 20:11:49 - INFO - Database saved successfully to basil_ladder_games.csv
2025-07-01 20:11:49 - INFO - Step 6: Skipping replay download.
2025-07-01 20:11:49 - INFO - ==============================
2025-07-01 20:11:49 - INFO - Automated Scrape Task Finished
2025-07-01 20:11:49 - INFO - Outcome: SUCCESS
2025-07-01 20:11:49 - INFO - Total Duration: 100.95 seconds
2025-07-01 20:11:49 - INFO - ==============================
2025-07-02 08:13:27 - INFO - ==============================
2025-07-02 08:13:27 - INFO - Starting Automated Scrape Task
2025-07-02 08:13:27 - INFO - Download replays: Disabled
2025-07-02 08:13:27 - INFO - ==============================
2025-07-02 08:13:27 - INFO - Step 1: Loading existing game data...
2025-07-02 08:13:27 - INFO - Loading existing games data from basil_ladder_games.csv
2025-07-02 08:13:28 - INFO - Loaded 109302 games from existing database.
2025-07-02 08:13:28 - INFO - Step 2: Skipping syncing replay status.
2025-07-02 08:13:28 - INFO - Step 3: Fetching bot ratings...
2025-07-02 08:13:28 - INFO - Fetching master rating list from https://data.basil-ladder.net/stats/ranking.json...
2025-07-02 08:13:28 - INFO - Successfully loaded ratings for 291 bots from JSON.
2025-07-02 08:13:28 - INFO - Step 4: Extracting new games from BASIL ladder...
2025-07-02 08:13:28 - INFO - Fetching latest games from BASIL Ladder (Last 24h)...
2025-07-02 08:13:31 - INFO - Navigating to https://basil.bytekeeper.org/...
2025-07-02 08:13:31 - INFO - Waiting for page to load...
2025-07-02 08:13:31 - INFO - Clicking 'Last 24h' button...
2025-07-02 08:13:35 - INFO - Found 997 games in the table
2025-07-02 08:14:29 - INFO - Browser closed.
2025-07-02 08:14:29 - INFO - Extracted data for 997 games from the page.
2025-07-02 08:14:29 - INFO - Step 5: Updating games database with new games...
2025-07-02 08:14:29 - INFO - Attempting to update game database with newly scraped games...
2025-07-02 08:14:29 - INFO - Existing games in database: 109302
2025-07-02 08:14:29 - INFO - New games scraped: 997
2025-07-02 08:15:00 - INFO - Found and skipped 588 duplicate game(s) already present in the database.
2025-07-02 08:15:00 - INFO - Found 409 new unique games.
2025-07-02 08:15:00 - INFO - Database size: 109302 -> 109711 (+409)
2025-07-02 08:15:00 - INFO - Database saved successfully to basil_ladder_games.csv
2025-07-02 08:15:00 - INFO - Step 6: Skipping replay download.
2025-07-02 08:15:00 - INFO - ==============================
2025-07-02 08:15:00 - INFO - Automated Scrape Task Finished
2025-07-02 08:15:00 - INFO - Outcome: SUCCESS
2025-07-02 08:15:00 - INFO - Total Duration: 93.11 seconds
2025-07-02 08:15:00 - INFO - ==============================
2025-07-02 20:09:57 - INFO - ==============================
2025-07-02 20:09:57 - INFO - Starting Automated Scrape Task
2025-07-02 20:09:57 - INFO - Download replays: Disabled
2025-07-02 20:09:57 - INFO - ==============================
2025-07-02 20:09:57 - INFO - Step 1: Loading existing game data...
2025-07-02 20:09:57 - INFO - Loading existing games data from basil_ladder_games.csv
2025-07-02 20:09:57 - INFO - Loaded 109711 games from existing database.
2025-07-02 20:09:57 - INFO - Step 2: Skipping syncing replay status.
2025-07-02 20:09:57 - INFO - Step 3: Fetching bot ratings...
2025-07-02 20:09:57 - INFO - Fetching master rating list from https://data.basil-ladder.net/stats/ranking.json...
2025-07-02 20:09:57 - INFO - Successfully loaded ratings for 291 bots from JSON.
2025-07-02 20:09:57 - INFO - Step 4: Extracting new games from BASIL ladder...
2025-07-02 20:09:57 - INFO - Fetching latest games from BASIL Ladder (Last 24h)...
2025-07-02 20:10:13 - INFO - Navigating to https://basil.bytekeeper.org/...
2025-07-02 20:10:14 - INFO - Waiting for page to load...
2025-07-02 20:10:14 - INFO - Clicking 'Last 24h' button...
2025-07-02 20:10:18 - INFO - Found 1003 games in the table
2025-07-02 20:11:12 - INFO - Browser closed.
2025-07-02 20:11:12 - INFO - Extracted data for 1003 games from the page.
2025-07-02 20:11:12 - INFO - Step 5: Updating games database with new games...
2025-07-02 20:11:12 - INFO - Attempting to update game database with newly scraped games...
2025-07-02 20:11:12 - INFO - Existing games in database: 109711
2025-07-02 20:11:12 - INFO - New games scraped: 1003
2025-07-02 20:11:43 - INFO - Found and skipped 420 duplicate game(s) already present in the database.
2025-07-02 20:11:43 - INFO - Found 583 new unique games.
2025-07-02 20:11:43 - INFO - Database size: 109711 -> 110294 (+583)
2025-07-02 20:11:44 - INFO - Database saved successfully to basil_ladder_games.csv
2025-07-02 20:11:44 - INFO - Step 6: Skipping replay download.
2025-07-02 20:11:44 - INFO - ==============================
2025-07-02 20:11:44 - INFO - Automated Scrape Task Finished
2025-07-02 20:11:44 - INFO - Outcome: SUCCESS
2025-07-02 20:11:44 - INFO - Total Duration: 107.39 seconds
2025-07-02 20:11:44 - INFO - ==============================
2025-07-03 08:13:03 - INFO - ==============================
2025-07-03 08:13:03 - INFO - Starting Automated Scrape Task
2025-07-03 08:13:03 - INFO - Download replays: Disabled
2025-07-03 08:13:03 - INFO - ==============================
2025-07-03 08:13:03 - INFO - Step 1: Loading existing game data...
2025-07-03 08:13:03 - INFO - Loading existing games data from basil_ladder_games.csv
2025-07-03 08:13:03 - INFO - Loaded 110294 games from existing database.
2025-07-03 08:13:03 - INFO - Step 2: Skipping syncing replay status.
2025-07-03 08:13:03 - INFO - Step 3: Fetching bot ratings...
2025-07-03 08:13:03 - INFO - Fetching master rating list from https://data.basil-ladder.net/stats/ranking.json...
2025-07-03 08:13:04 - INFO - Successfully loaded ratings for 291 bots from JSON.
2025-07-03 08:13:04 - INFO - Step 4: Extracting new games from BASIL ladder...
2025-07-03 08:13:04 - INFO - Fetching latest games from BASIL Ladder (Last 24h)...
2025-07-03 08:13:13 - INFO - Navigating to https://basil.bytekeeper.org/...
2025-07-03 08:13:14 - INFO - Waiting for page to load...
2025-07-03 08:13:14 - INFO - Clicking 'Last 24h' button...
2025-07-03 08:13:18 - INFO - Found 1024 games in the table
2025-07-03 08:14:18 - INFO - Browser closed.
2025-07-03 08:14:18 - INFO - Extracted data for 1024 games from the page.
2025-07-03 08:14:18 - INFO - Step 5: Updating games database with new games...
2025-07-03 08:14:18 - INFO - Attempting to update game database with newly scraped games...
2025-07-03 08:14:18 - INFO - Existing games in database: 110294
2025-07-03 08:14:18 - INFO - New games scraped: 1024
2025-07-03 08:14:51 - INFO - Found and skipped 591 duplicate game(s) already present in the database.
2025-07-03 08:14:51 - INFO - Found 433 new unique games.
2025-07-03 08:14:51 - INFO - Database size: 110294 -> 110727 (+433)
2025-07-03 08:14:51 - INFO - Database saved successfully to basil_ladder_games.csv
2025-07-03 08:14:51 - INFO - Step 6: Skipping replay download.
2025-07-03 08:14:51 - INFO - ==============================
2025-07-03 08:14:51 - INFO - Automated Scrape Task Finished
2025-07-03 08:14:51 - INFO - Outcome: SUCCESS
2025-07-03 08:14:51 - INFO - Total Duration: 108.63 seconds
2025-07-03 08:14:51 - INFO - ==============================
2025-07-03 20:08:58 - INFO - ==============================
2025-07-03 20:08:58 - INFO - Starting Automated Scrape Task
2025-07-03 20:08:58 - INFO - Download replays: Disabled
2025-07-03 20:08:58 - INFO - ==============================
2025-07-03 20:08:58 - INFO - Step 1: Loading existing game data...
2025-07-03 20:08:58 - INFO - Loading existing games data from basil_ladder_games.csv
2025-07-03 20:08:59 - INFO - Loaded 110727 games from existing database.
2025-07-03 20:08:59 - INFO - Step 2: Skipping syncing replay status.
2025-07-03 20:08:59 - INFO - Step 3: Fetching bot ratings...
2025-07-03 20:08:59 - INFO - Fetching master rating list from https://data.basil-ladder.net/stats/ranking.json...
2025-07-03 20:08:59 - INFO - Successfully loaded ratings for 291 bots from JSON.
2025-07-03 20:08:59 - INFO - Step 4: Extracting new games from BASIL ladder...
2025-07-03 20:08:59 - INFO - Fetching latest games from BASIL Ladder (Last 24h)...
2025-07-03 20:09:24 - INFO - Navigating to https://basil.bytekeeper.org/...
2025-07-03 20:09:26 - INFO - Waiting for page to load...
2025-07-03 20:09:26 - INFO - Clicking 'Last 24h' button...
2025-07-03 20:09:31 - INFO - Found 1011 games in the table
2025-07-03 20:10:28 - INFO - Browser closed.
2025-07-03 20:10:28 - INFO - Extracted data for 1011 games from the page.
2025-07-03 20:10:28 - INFO - Step 5: Updating games database with new games...
2025-07-03 20:10:28 - INFO - Attempting to update game database with newly scraped games...
2025-07-03 20:10:28 - INFO - Existing games in database: 110727
2025-07-03 20:10:28 - INFO - New games scraped: 1011
2025-07-03 20:11:01 - INFO - Found and skipped 442 duplicate game(s) already present in the database.
2025-07-03 20:11:01 - INFO - Found 569 new unique games.
2025-07-03 20:11:01 - INFO - Database size: 110727 -> 111296 (+569)
2025-07-03 20:11:02 - INFO - Database saved successfully to basil_ladder_games.csv
2025-07-03 20:11:02 - INFO - Step 6: Skipping replay download.
2025-07-03 20:11:02 - INFO - ==============================
2025-07-03 20:11:02 - INFO - Automated Scrape Task Finished
2025-07-03 20:11:02 - INFO - Outcome: SUCCESS
2025-07-03 20:11:02 - INFO - Total Duration: 123.30 seconds
2025-07-03 20:11:02 - INFO - ==============================
2025-07-04 08:13:19 - INFO - ==============================
2025-07-04 08:13:19 - INFO - Starting Automated Scrape Task
2025-07-04 08:13:19 - INFO - Download replays: Disabled
2025-07-04 08:13:19 - INFO - ==============================
2025-07-04 08:13:19 - INFO - Step 1: Loading existing game data...
2025-07-04 08:13:19 - INFO - Loading existing games data from basil_ladder_games.csv
2025-07-04 08:13:20 - INFO - Loaded 111296 games from existing database.
2025-07-04 08:13:20 - INFO - Step 2: Skipping syncing replay status.
2025-07-04 08:13:20 - INFO - Step 3: Fetching bot ratings...
2025-07-04 08:13:20 - INFO - Fetching master rating list from https://data.basil-ladder.net/stats/ranking.json...
2025-07-04 08:13:20 - INFO - Successfully loaded ratings for 291 bots from JSON.
2025-07-04 08:13:20 - INFO - Step 4: Extracting new games from BASIL ladder...
2025-07-04 08:13:20 - INFO - Fetching latest games from BASIL Ladder (Last 24h)...
2025-07-04 08:13:28 - INFO - Navigating to https://basil.bytekeeper.org/...
2025-07-04 08:13:29 - INFO - Waiting for page to load...
2025-07-04 08:13:29 - INFO - Clicking 'Last 24h' button...
2025-07-04 08:13:32 - INFO - Found 990 games in the table
2025-07-04 08:14:27 - INFO - Browser closed.
2025-07-04 08:14:27 - INFO - Extracted data for 990 games from the page.
2025-07-04 08:14:27 - INFO - Step 5: Updating games database with new games...
2025-07-04 08:14:27 - INFO - Attempting to update game database with newly scraped games...
2025-07-04 08:14:27 - INFO - Existing games in database: 111296
2025-07-04 08:14:27 - INFO - New games scraped: 990
2025-07-04 08:14:59 - INFO - Found and skipped 583 duplicate game(s) already present in the database.
2025-07-04 08:14:59 - INFO - Found 407 new unique games.
2025-07-04 08:14:59 - INFO - Database size: 111296 -> 111703 (+407)
2025-07-04 08:14:59 - INFO - Database saved successfully to basil_ladder_games.csv
2025-07-04 08:14:59 - INFO - Step 6: Skipping replay download.
2025-07-04 08:14:59 - INFO - ==============================
2025-07-04 08:14:59 - INFO - Automated Scrape Task Finished
2025-07-04 08:14:59 - INFO - Outcome: SUCCESS
2025-07-04 08:14:59 - INFO - Total Duration: 99.85 seconds
2025-07-04 08:14:59 - INFO - ==============================
2025-07-04 20:09:59 - INFO - ==============================
2025-07-04 20:09:59 - INFO - Starting Automated Scrape Task
2025-07-04 20:09:59 - INFO - Download replays: Disabled
2025-07-04 20:09:59 - INFO - ==============================
2025-07-04 20:09:59 - INFO - Step 1: Loading existing game data...
2025-07-04 20:09:59 - INFO - Loading existing games data from basil_ladder_games.csv
2025-07-04 20:09:59 - INFO - Loaded 111703 games from existing database.
2025-07-04 20:09:59 - INFO - Step 2: Skipping syncing replay status.
2025-07-04 20:09:59 - INFO - Step 3: Fetching bot ratings...
2025-07-04 20:09:59 - INFO - Fetching master rating list from https://data.basil-ladder.net/stats/ranking.json...
2025-07-04 20:10:00 - INFO - Successfully loaded ratings for 291 bots from JSON.
2025-07-04 20:10:00 - INFO - Step 4: Extracting new games from BASIL ladder...
2025-07-04 20:10:00 - INFO - Fetching latest games from BASIL Ladder (Last 24h)...
2025-07-04 20:10:01 - INFO - Navigating to https://basil.bytekeeper.org/...
2025-07-04 20:10:01 - INFO - Waiting for page to load...
2025-07-04 20:10:01 - INFO - Clicking 'Last 24h' button...
2025-07-04 20:10:05 - INFO - Found 957 games in the table
2025-07-04 20:10:58 - INFO - Browser closed.
2025-07-04 20:10:58 - INFO - Extracted data for 957 games from the page.
2025-07-04 20:10:58 - INFO - Step 5: Updating games database with new games...
2025-07-04 20:10:58 - INFO - Attempting to update game database with newly scraped games...
2025-07-04 20:10:58 - INFO - Existing games in database: 111703
2025-07-04 20:10:58 - INFO - New games scraped: 957
2025-07-04 20:11:28 - INFO - Found and skipped 417 duplicate game(s) already present in the database.
2025-07-04 20:11:28 - INFO - Found 540 new unique games.
2025-07-04 20:11:28 - INFO - Database size: 111703 -> 112243 (+540)
2025-07-04 20:11:29 - INFO - Database saved successfully to basil_ladder_games.csv
2025-07-04 20:11:29 - INFO - Step 6: Skipping replay download.
2025-07-04 20:11:29 - INFO - ==============================
2025-07-04 20:11:29 - INFO - Automated Scrape Task Finished
2025-07-04 20:11:29 - INFO - Outcome: SUCCESS
2025-07-04 20:11:29 - INFO - Total Duration: 90.10 seconds
2025-07-04 20:11:29 - INFO - ==============================
2025-07-05 08:11:32 - INFO - ==============================
2025-07-05 08:11:32 - INFO - Starting Automated Scrape Task
2025-07-05 08:11:32 - INFO - Download replays: Disabled
2025-07-05 08:11:32 - INFO - ==============================
2025-07-05 08:11:32 - INFO - Step 1: Loading existing game data...
2025-07-05 08:11:32 - INFO - Loading existing games data from basil_ladder_games.csv
2025-07-05 08:11:33 - INFO - Loaded 112243 games from existing database.
2025-07-05 08:11:33 - INFO - Step 2: Skipping syncing replay status.
2025-07-05 08:11:33 - INFO - Step 3: Fetching bot ratings...
2025-07-05 08:11:33 - INFO - Fetching master rating list from https://data.basil-ladder.net/stats/ranking.json...
2025-07-05 08:11:33 - INFO - Successfully loaded ratings for 291 bots from JSON.
2025-07-05 08:11:33 - INFO - Step 4: Extracting new games from BASIL ladder...
2025-07-05 08:11:33 - INFO - Fetching latest games from BASIL Ladder (Last 24h)...
2025-07-05 08:11:34 - INFO - Navigating to https://basil.bytekeeper.org/...
2025-07-05 08:11:35 - INFO - Waiting for page to load...
2025-07-05 08:11:35 - INFO - Clicking 'Last 24h' button...
2025-07-05 08:11:38 - INFO - Found 925 games in the table
2025-07-05 08:12:28 - INFO - Browser closed.
2025-07-05 08:12:28 - INFO - Extracted data for 925 games from the page.
2025-07-05 08:12:28 - INFO - Step 5: Updating games database with new games...
2025-07-05 08:12:28 - INFO - Attempting to update game database with newly scraped games...
2025-07-05 08:12:28 - INFO - Existing games in database: 112243
2025-07-05 08:12:28 - INFO - New games scraped: 925
2025-07-05 08:12:58 - INFO - Found and skipped 552 duplicate game(s) already present in the database.
2025-07-05 08:12:58 - INFO - Found 373 new unique games.
2025-07-05 08:12:58 - INFO - Database size: 112243 -> 112616 (+373)
2025-07-05 08:12:58 - INFO - Database saved successfully to basil_ladder_games.csv
2025-07-05 08:12:58 - INFO - Step 6: Skipping replay download.
2025-07-05 08:12:58 - INFO - ==============================
2025-07-05 08:12:58 - INFO - Automated Scrape Task Finished
2025-07-05 08:12:58 - INFO - Outcome: SUCCESS
2025-07-05 08:12:58 - INFO - Total Duration: 86.25 seconds
2025-07-05 08:12:58 - INFO - ==============================
2025-07-05 20:09:07 - INFO - ==============================
2025-07-05 20:09:07 - INFO - Starting Automated Scrape Task
2025-07-05 20:09:07 - INFO - Download replays: Disabled
2025-07-05 20:09:07 - INFO - ==============================
2025-07-05 20:09:07 - INFO - Step 1: Loading existing game data...
2025-07-05 20:09:07 - INFO - Loading existing games data from basil_ladder_games.csv
2025-07-05 20:09:07 - INFO - Loaded 112616 games from existing database.
2025-07-05 20:09:07 - INFO - Step 2: Skipping syncing replay status.
2025-07-05 20:09:07 - INFO - Step 3: Fetching bot ratings...
2025-07-05 20:09:07 - INFO - Fetching master rating list from https://data.basil-ladder.net/stats/ranking.json...
2025-07-05 20:09:08 - INFO - Successfully loaded ratings for 291 bots from JSON.
2025-07-05 20:09:08 - INFO - Step 4: Extracting new games from BASIL ladder...
2025-07-05 20:09:08 - INFO - Fetching latest games from BASIL Ladder (Last 24h)...
2025-07-05 20:09:09 - INFO - Navigating to https://basil.bytekeeper.org/...
2025-07-05 20:09:09 - INFO - Waiting for page to load...
2025-07-05 20:09:09 - INFO - Clicking 'Last 24h' button...
2025-07-05 20:09:12 - INFO - Found 952 games in the table
2025-07-05 20:10:02 - INFO - Browser closed.
2025-07-05 20:10:02 - INFO - Extracted data for 952 games from the page.
2025-07-05 20:10:02 - INFO - Step 5: Updating games database with new games...
2025-07-05 20:10:02 - INFO - Attempting to update game database with newly scraped games...
2025-07-05 20:10:02 - INFO - Existing games in database: 112616
2025-07-05 20:10:02 - INFO - New games scraped: 952
2025-07-05 20:10:33 - INFO - Found and skipped 393 duplicate game(s) already present in the database.
2025-07-05 20:10:33 - INFO - Found 559 new unique games.
2025-07-05 20:10:33 - INFO - Database size: 112616 -> 113175 (+559)
2025-07-05 20:10:33 - INFO - Database saved successfully to basil_ladder_games.csv
2025-07-05 20:10:33 - INFO - Step 6: Skipping replay download.
2025-07-05 20:10:33 - INFO - ==============================
2025-07-05 20:10:33 - INFO - Automated Scrape Task Finished
2025-07-05 20:10:33 - INFO - Outcome: SUCCESS
2025-07-05 20:10:33 - INFO - Total Duration: 86.48 seconds
2025-07-05 20:10:33 - INFO - ==============================
2025-07-06 08:11:07 - INFO - ==============================
2025-07-06 08:11:07 - INFO - Starting Automated Scrape Task
2025-07-06 08:11:07 - INFO - Download replays: Disabled
2025-07-06 08:11:07 - INFO - ==============================
2025-07-06 08:11:07 - INFO - Step 1: Loading existing game data...
2025-07-06 08:11:07 - INFO - Loading existing games data from basil_ladder_games.csv
2025-07-06 08:11:07 - INFO - Loaded 113175 games from existing database.
2025-07-06 08:11:07 - INFO - Step 2: Skipping syncing replay status.
2025-07-06 08:11:07 - INFO - Step 3: Fetching bot ratings...
2025-07-06 08:11:07 - INFO - Fetching master rating list from https://data.basil-ladder.net/stats/ranking.json...
2025-07-06 08:11:08 - INFO - Successfully loaded ratings for 291 bots from JSON.
2025-07-06 08:11:08 - INFO - Step 4: Extracting new games from BASIL ladder...
2025-07-06 08:11:08 - INFO - Fetching latest games from BASIL Ladder (Last 24h)...
2025-07-06 08:11:11 - INFO - Navigating to https://basil.bytekeeper.org/...
2025-07-06 08:11:11 - INFO - Waiting for page to load...
2025-07-06 08:11:11 - INFO - Clicking 'Last 24h' button...
2025-07-06 08:11:15 - INFO - Found 962 games in the table
2025-07-06 08:12:07 - INFO - Browser closed.
2025-07-06 08:12:07 - INFO - Extracted data for 962 games from the page.
2025-07-06 08:12:07 - INFO - Step 5: Updating games database with new games...
2025-07-06 08:12:07 - INFO - Attempting to update game database with newly scraped games...
2025-07-06 08:12:07 - INFO - Existing games in database: 113175
2025-07-06 08:12:07 - INFO - New games scraped: 962
2025-07-06 08:12:38 - INFO - Found and skipped 574 duplicate game(s) already present in the database.
2025-07-06 08:12:38 - INFO - Found 388 new unique games.
2025-07-06 08:12:38 - INFO - Database size: 113175 -> 113563 (+388)
2025-07-06 08:12:39 - INFO - Database saved successfully to basil_ladder_games.csv
2025-07-06 08:12:39 - INFO - Step 6: Skipping replay download.
2025-07-06 08:12:39 - INFO - ==============================
2025-07-06 08:12:39 - INFO - Automated Scrape Task Finished
2025-07-06 08:12:39 - INFO - Outcome: SUCCESS
2025-07-06 08:12:39 - INFO - Total Duration: 92.02 seconds
2025-07-06 08:12:39 - INFO - ==============================
2025-07-06 20:09:36 - INFO - ==============================
2025-07-06 20:09:36 - INFO - Starting Automated Scrape Task
2025-07-06 20:09:36 - INFO - Download replays: Disabled
2025-07-06 20:09:36 - INFO - ==============================
2025-07-06 20:09:36 - INFO - Step 1: Loading existing game data...
2025-07-06 20:09:36 - INFO - Loading existing games data from basil_ladder_games.csv
2025-07-06 20:09:36 - INFO - Loaded 113563 games from existing database.
2025-07-06 20:09:36 - INFO - Step 2: Skipping syncing replay status.
2025-07-06 20:09:36 - INFO - Step 3: Fetching bot ratings...
2025-07-06 20:09:36 - INFO - Fetching master rating list from https://data.basil-ladder.net/stats/ranking.json...
2025-07-06 20:09:37 - INFO - Successfully loaded ratings for 291 bots from JSON.
2025-07-06 20:09:37 - INFO - Step 4: Extracting new games from BASIL ladder...
2025-07-06 20:09:37 - INFO - Fetching latest games from BASIL Ladder (Last 24h)...
2025-07-06 20:09:39 - INFO - Navigating to https://basil.bytekeeper.org/...
2025-07-06 20:09:39 - INFO - Waiting for page to load...
2025-07-06 20:09:39 - INFO - Clicking 'Last 24h' button...
2025-07-06 20:09:43 - INFO - Found 923 games in the table
2025-07-06 20:10:34 - INFO - Browser closed.
2025-07-06 20:10:34 - INFO - Extracted data for 923 games from the page.
2025-07-06 20:10:34 - INFO - Step 5: Updating games database with new games...
2025-07-06 20:10:34 - INFO - Attempting to update game database with newly scraped games...
2025-07-06 20:10:34 - INFO - Existing games in database: 113563
2025-07-06 20:10:34 - INFO - New games scraped: 923
2025-07-06 20:11:05 - INFO - Found and skipped 397 duplicate game(s) already present in the database.
2025-07-06 20:11:05 - INFO - Found 526 new unique games.
2025-07-06 20:11:05 - INFO - Database size: 113563 -> 114089 (+526)
2025-07-06 20:11:05 - INFO - Database saved successfully to basil_ladder_games.csv
2025-07-06 20:11:05 - INFO - Step 6: Skipping replay download.
2025-07-06 20:11:05 - INFO - ==============================
2025-07-06 20:11:05 - INFO - Automated Scrape Task Finished
2025-07-06 20:11:05 - INFO - Outcome: SUCCESS
2025-07-06 20:11:05 - INFO - Total Duration: 89.34 seconds
2025-07-06 20:11:05 - INFO - ==============================
2025-07-07 08:14:34 - INFO - ==============================
2025-07-07 08:14:34 - INFO - Starting Automated Scrape Task
2025-07-07 08:14:34 - INFO - Download replays: Disabled
2025-07-07 08:14:34 - INFO - ==============================
2025-07-07 08:14:34 - INFO - Step 1: Loading existing game data...
2025-07-07 08:14:34 - INFO - Loading existing games data from basil_ladder_games.csv
2025-07-07 08:14:35 - INFO - Loaded 114089 games from existing database.
2025-07-07 08:14:35 - INFO - Step 2: Skipping syncing replay status.
2025-07-07 08:14:35 - INFO - Step 3: Fetching bot ratings...
2025-07-07 08:14:35 - INFO - Fetching master rating list from https://data.basil-ladder.net/stats/ranking.json...
2025-07-07 08:14:35 - INFO - Successfully loaded ratings for 291 bots from JSON.
2025-07-07 08:14:35 - INFO - Step 4: Extracting new games from BASIL ladder...
2025-07-07 08:14:35 - INFO - Fetching latest games from BASIL Ladder (Last 24h)...
2025-07-07 08:14:36 - INFO - Navigating to https://basil.bytekeeper.org/...
2025-07-07 08:14:37 - INFO - Waiting for page to load...
2025-07-07 08:14:37 - INFO - Clicking 'Last 24h' button...
2025-07-07 08:14:40 - INFO - Found 1012 games in the table
2025-07-07 08:15:35 - INFO - Browser closed.
2025-07-07 08:15:35 - INFO - Extracted data for 1012 games from the page.
2025-07-07 08:15:35 - INFO - Step 5: Updating games database with new games...
2025-07-07 08:15:35 - INFO - Attempting to update game database with newly scraped games...
2025-07-07 08:15:35 - INFO - Existing games in database: 114089
2025-07-07 08:15:35 - INFO - New games scraped: 1012
2025-07-07 08:16:08 - INFO - Found and skipped 537 duplicate game(s) already present in the database.
2025-07-07 08:16:08 - INFO - Found 475 new unique games.
2025-07-07 08:16:08 - INFO - Database size: 114089 -> 114564 (+475)
2025-07-07 08:16:09 - INFO - Database saved successfully to basil_ladder_games.csv
2025-07-07 08:16:09 - INFO - Step 6: Skipping replay download.
2025-07-07 08:16:09 - INFO - ==============================
2025-07-07 08:16:09 - INFO - Automated Scrape Task Finished
2025-07-07 08:16:09 - INFO - Outcome: SUCCESS
2025-07-07 08:16:09 - INFO - Total Duration: 94.64 seconds
2025-07-07 08:16:09 - INFO - ==============================
2025-07-07 20:10:27 - INFO - ==============================
2025-07-07 20:10:27 - INFO - Starting Automated Scrape Task
2025-07-07 20:10:27 - INFO - Download replays: Disabled
2025-07-07 20:10:27 - INFO - ==============================
2025-07-07 20:10:27 - INFO - Step 1: Loading existing game data...
2025-07-07 20:10:27 - INFO - Loading existing games data from basil_ladder_games.csv
2025-07-07 20:10:27 - INFO - Loaded 114564 games from existing database.
2025-07-07 20:10:27 - INFO - Step 2: Skipping syncing replay status.
2025-07-07 20:10:27 - INFO - Step 3: Fetching bot ratings...
2025-07-07 20:10:27 - INFO - Fetching master rating list from https://data.basil-ladder.net/stats/ranking.json...
2025-07-07 20:10:28 - INFO - Successfully loaded ratings for 291 bots from JSON.
2025-07-07 20:10:28 - INFO - Step 4: Extracting new games from BASIL ladder...
2025-07-07 20:10:28 - INFO - Fetching latest games from BASIL Ladder (Last 24h)...
2025-07-07 20:10:29 - INFO - Navigating to https://basil.bytekeeper.org/...
2025-07-07 20:10:30 - INFO - Waiting for page to load...
2025-07-07 20:10:30 - INFO - Clicking 'Last 24h' button...
2025-07-07 20:10:34 - INFO - Found 1049 games in the table
2025-07-07 20:11:35 - INFO - Browser closed.
2025-07-07 20:11:35 - INFO - Extracted data for 1049 games from the page.
2025-07-07 20:11:35 - INFO - Step 5: Updating games database with new games...
2025-07-07 20:11:35 - INFO - Attempting to update game database with newly scraped games...
2025-07-07 20:11:35 - INFO - Existing games in database: 114564
2025-07-07 20:11:35 - INFO - New games scraped: 1049
2025-07-07 20:12:10 - INFO - Found and skipped 487 duplicate game(s) already present in the database.
2025-07-07 20:12:10 - INFO - Found 562 new unique games.
2025-07-07 20:12:10 - INFO - Database size: 114564 -> 115126 (+562)
2025-07-07 20:12:10 - INFO - Database saved successfully to basil_ladder_games.csv
2025-07-07 20:12:10 - INFO - Step 6: Skipping replay download.
2025-07-07 20:12:10 - INFO - ==============================
2025-07-07 20:12:10 - INFO - Automated Scrape Task Finished
2025-07-07 20:12:10 - INFO - Outcome: SUCCESS
2025-07-07 20:12:10 - INFO - Total Duration: 103.44 seconds
2025-07-07 20:12:10 - INFO - ==============================
2025-07-08 08:13:47 - INFO - ==============================
2025-07-08 08:13:47 - INFO - Starting Automated Scrape Task
2025-07-08 08:13:47 - INFO - Download replays: Disabled
2025-07-08 08:13:47 - INFO - ==============================
2025-07-08 08:13:47 - INFO - Step 1: Loading existing game data...
2025-07-08 08:13:47 - INFO - Loading existing games data from basil_ladder_games.csv
2025-07-08 08:13:48 - INFO - Loaded 115126 games from existing database.
2025-07-08 08:13:48 - INFO - Step 2: Skipping syncing replay status.
2025-07-08 08:13:48 - INFO - Step 3: Fetching bot ratings...
2025-07-08 08:13:48 - INFO - Fetching master rating list from https://data.basil-ladder.net/stats/ranking.json...
2025-07-08 08:13:48 - INFO - Successfully loaded ratings for 291 bots from JSON.
2025-07-08 08:13:48 - INFO - Step 4: Extracting new games from BASIL ladder...
2025-07-08 08:13:48 - INFO - Fetching latest games from BASIL Ladder (Last 24h)...
2025-07-08 08:13:57 - INFO - Navigating to https://basil.bytekeeper.org/...
2025-07-08 08:13:58 - INFO - Waiting for page to load...
2025-07-08 08:13:58 - INFO - Clicking 'Last 24h' button...
2025-07-08 08:14:01 - INFO - Found 998 games in the table
2025-07-08 08:14:58 - INFO - Browser closed.
2025-07-08 08:14:58 - INFO - Extracted data for 998 games from the page.
2025-07-08 08:14:58 - INFO - Step 5: Updating games database with new games...
2025-07-08 08:14:58 - INFO - Attempting to update game database with newly scraped games...
2025-07-08 08:14:58 - INFO - Existing games in database: 115126
2025-07-08 08:14:58 - INFO - New games scraped: 998
2025-07-08 08:15:31 - INFO - Found and skipped 573 duplicate game(s) already present in the database.
2025-07-08 08:15:31 - INFO - Found 425 new unique games.
2025-07-08 08:15:31 - INFO - Database size: 115126 -> 115551 (+425)
2025-07-08 08:15:32 - INFO - Database saved successfully to basil_ladder_games.csv
2025-07-08 08:15:32 - INFO - Step 6: Skipping replay download.
2025-07-08 08:15:32 - INFO - ==============================
2025-07-08 08:15:32 - INFO - Automated Scrape Task Finished
2025-07-08 08:15:32 - INFO - Outcome: SUCCESS
2025-07-08 08:15:32 - INFO - Total Duration: 104.30 seconds
2025-07-08 08:15:32 - INFO - ==============================
2025-07-08 20:10:11 - INFO - ==============================
2025-07-08 20:10:11 - INFO - Starting Automated Scrape Task
2025-07-08 20:10:11 - INFO - Download replays: Disabled
2025-07-08 20:10:11 - INFO - ==============================
2025-07-08 20:10:11 - INFO - Step 1: Loading existing game data...
2025-07-08 20:10:11 - INFO - Loading existing games data from basil_ladder_games.csv
2025-07-08 20:10:12 - INFO - Loaded 115551 games from existing database.
2025-07-08 20:10:12 - INFO - Step 2: Skipping syncing replay status.
2025-07-08 20:10:12 - INFO - Step 3: Fetching bot ratings...
2025-07-08 20:10:12 - INFO - Fetching master rating list from https://data.basil-ladder.net/stats/ranking.json...
2025-07-08 20:10:12 - INFO - Successfully loaded ratings for 291 bots from JSON.
2025-07-08 20:10:12 - INFO - Step 4: Extracting new games from BASIL ladder...
2025-07-08 20:10:12 - INFO - Fetching latest games from BASIL Ladder (Last 24h)...
2025-07-08 20:10:13 - INFO - Navigating to https://basil.bytekeeper.org/...
2025-07-08 20:10:14 - INFO - Waiting for page to load...
2025-07-08 20:10:14 - INFO - Clicking 'Last 24h' button...
2025-07-08 20:10:17 - INFO - Found 956 games in the table
2025-07-08 20:11:09 - INFO - Browser closed.
2025-07-08 20:11:09 - INFO - Extracted data for 956 games from the page.
2025-07-08 20:11:09 - INFO - Step 5: Updating games database with new games...
2025-07-08 20:11:09 - INFO - Attempting to update game database with newly scraped games...
2025-07-08 20:11:09 - INFO - Existing games in database: 115551
2025-07-08 20:11:09 - INFO - New games scraped: 956
2025-07-08 20:11:40 - INFO - Found and skipped 438 duplicate game(s) already present in the database.
2025-07-08 20:11:40 - INFO - Found 518 new unique games.
2025-07-08 20:11:40 - INFO - Database size: 115551 -> 116069 (+518)
2025-07-08 20:11:41 - INFO - Database saved successfully to basil_ladder_games.csv
2025-07-08 20:11:41 - INFO - Step 6: Skipping replay download.
2025-07-08 20:11:41 - INFO - ==============================
2025-07-08 20:11:41 - INFO - Automated Scrape Task Finished
2025-07-08 20:11:41 - INFO - Outcome: SUCCESS
2025-07-08 20:11:41 - INFO - Total Duration: 89.75 seconds
2025-07-08 20:11:41 - INFO - ==============================
2025-07-09 08:13:22 - INFO - ==============================
2025-07-09 08:13:22 - INFO - Starting Automated Scrape Task
2025-07-09 08:13:22 - INFO - Download replays: Disabled
2025-07-09 08:13:22 - INFO - ==============================
2025-07-09 08:13:22 - INFO - Step 1: Loading existing game data...
2025-07-09 08:13:22 - INFO - Loading existing games data from basil_ladder_games.csv
2025-07-09 08:13:22 - INFO - Loaded 116069 games from existing database.
2025-07-09 08:13:22 - INFO - Step 2: Skipping syncing replay status.
2025-07-09 08:13:22 - INFO - Step 3: Fetching bot ratings...
2025-07-09 08:13:22 - INFO - Fetching master rating list from https://data.basil-ladder.net/stats/ranking.json...
2025-07-09 08:13:23 - INFO - Successfully loaded ratings for 291 bots from JSON.
2025-07-09 08:13:23 - INFO - Step 4: Extracting new games from BASIL ladder...
2025-07-09 08:13:23 - INFO - Fetching latest games from BASIL Ladder (Last 24h)...
2025-07-09 08:13:32 - INFO - Navigating to https://basil.bytekeeper.org/...
2025-07-09 08:13:34 - INFO - Waiting for page to load...
2025-07-09 08:13:34 - INFO - Clicking 'Last 24h' button...
2025-07-09 08:13:37 - INFO - Found 940 games in the table
2025-07-09 08:14:29 - INFO - Browser closed.
2025-07-09 08:14:29 - INFO - Extracted data for 940 games from the page.
2025-07-09 08:14:29 - INFO - Step 5: Updating games database with new games...
2025-07-09 08:14:29 - INFO - Attempting to update game database with newly scraped games...
2025-07-09 08:14:29 - INFO - Existing games in database: 116069
2025-07-09 08:14:29 - INFO - New games scraped: 940
2025-07-09 08:15:00 - INFO - Found and skipped 533 duplicate game(s) already present in the database.
2025-07-09 08:15:00 - INFO - Found 407 new unique games.
2025-07-09 08:15:00 - INFO - Database size: 116069 -> 116476 (+407)
2025-07-09 08:15:00 - INFO - Database saved successfully to basil_ladder_games.csv
2025-07-09 08:15:00 - INFO - Step 6: Skipping replay download.
2025-07-09 08:15:00 - INFO - ==============================
2025-07-09 08:15:00 - INFO - Automated Scrape Task Finished
2025-07-09 08:15:00 - INFO - Outcome: SUCCESS
2025-07-09 08:15:00 - INFO - Total Duration: 98.70 seconds
2025-07-09 08:15:00 - INFO - ==============================
2025-07-09 20:10:02 - INFO - ==============================
2025-07-09 20:10:02 - INFO - Starting Automated Scrape Task
2025-07-09 20:10:02 - INFO - Download replays: Disabled
2025-07-09 20:10:02 - INFO - ==============================
2025-07-09 20:10:02 - INFO - Step 1: Loading existing game data...
2025-07-09 20:10:02 - INFO - Loading existing games data from basil_ladder_games.csv
2025-07-09 20:10:02 - INFO - Loaded 116476 games from existing database.
2025-07-09 20:10:02 - INFO - Step 2: Skipping syncing replay status.
2025-07-09 20:10:02 - INFO - Step 3: Fetching bot ratings...
2025-07-09 20:10:02 - INFO - Fetching master rating list from https://data.basil-ladder.net/stats/ranking.json...
2025-07-09 20:10:03 - INFO - Successfully loaded ratings for 291 bots from JSON.
2025-07-09 20:10:03 - INFO - Step 4: Extracting new games from BASIL ladder...
2025-07-09 20:10:03 - INFO - Fetching latest games from BASIL Ladder (Last 24h)...
2025-07-09 20:10:19 - INFO - Navigating to https://basil.bytekeeper.org/...
2025-07-09 20:10:21 - INFO - Waiting for page to load...
2025-07-09 20:10:21 - INFO - Clicking 'Last 24h' button...
2025-07-09 20:10:24 - INFO - Found 939 games in the table
2025-07-09 20:11:17 - INFO - Browser closed.
2025-07-09 20:11:17 - INFO - Extracted data for 939 games from the page.
2025-07-09 20:11:17 - INFO - Step 5: Updating games database with new games...
2025-07-09 20:11:17 - INFO - Attempting to update game database with newly scraped games...
2025-07-09 20:11:17 - INFO - Existing games in database: 116476
2025-07-09 20:11:17 - INFO - New games scraped: 939
2025-07-09 20:11:48 - INFO - Found and skipped 417 duplicate game(s) already present in the database.
2025-07-09 20:11:48 - INFO - Found 522 new unique games.
2025-07-09 20:11:48 - INFO - Database size: 116476 -> 116998 (+522)
2025-07-09 20:11:48 - INFO - Database saved successfully to basil_ladder_games.csv
2025-07-09 20:11:48 - INFO - Step 6: Skipping replay download.
2025-07-09 20:11:48 - INFO - ==============================
2025-07-09 20:11:48 - INFO - Automated Scrape Task Finished
2025-07-09 20:11:48 - INFO - Outcome: SUCCESS
2025-07-09 20:11:48 - INFO - Total Duration: 106.65 seconds
2025-07-09 20:11:48 - INFO - ==============================
2025-07-10 08:13:24 - INFO - ==============================
2025-07-10 08:13:24 - INFO - Starting Automated Scrape Task
2025-07-10 08:13:24 - INFO - Download replays: Disabled
2025-07-10 08:13:24 - INFO - ==============================
2025-07-10 08:13:24 - INFO - Step 1: Loading existing game data...
2025-07-10 08:13:24 - INFO - Loading existing games data from basil_ladder_games.csv
2025-07-10 08:13:25 - INFO - Loaded 116998 games from existing database.
2025-07-10 08:13:25 - INFO - Step 2: Skipping syncing replay status.
2025-07-10 08:13:25 - INFO - Step 3: Fetching bot ratings...
2025-07-10 08:13:25 - INFO - Fetching master rating list from https://data.basil-ladder.net/stats/ranking.json...
2025-07-10 08:13:25 - INFO - Successfully loaded ratings for 291 bots from JSON.
2025-07-10 08:13:25 - INFO - Step 4: Extracting new games from BASIL ladder...
2025-07-10 08:13:25 - INFO - Fetching latest games from BASIL Ladder (Last 24h)...
2025-07-10 08:13:31 - INFO - Navigating to https://basil.bytekeeper.org/...
2025-07-10 08:13:32 - INFO - Waiting for page to load...
2025-07-10 08:13:32 - INFO - Clicking 'Last 24h' button...
2025-07-10 08:13:35 - INFO - Found 930 games in the table
2025-07-10 08:14:26 - INFO - Browser closed.
2025-07-10 08:14:26 - INFO - Extracted data for 930 games from the page.
2025-07-10 08:14:26 - INFO - Step 5: Updating games database with new games...
2025-07-10 08:14:26 - INFO - Attempting to update game database with newly scraped games...
2025-07-10 08:14:26 - INFO - Existing games in database: 116998
2025-07-10 08:14:26 - INFO - New games scraped: 930
2025-07-10 08:14:57 - INFO - Found and skipped 528 duplicate game(s) already present in the database.
2025-07-10 08:14:57 - INFO - Found 402 new unique games.
2025-07-10 08:14:57 - INFO - Database size: 116998 -> 117400 (+402)
2025-07-10 08:14:58 - INFO - Database saved successfully to basil_ladder_games.csv
2025-07-10 08:14:58 - INFO - Step 6: Skipping replay download.
2025-07-10 08:14:58 - INFO - ==============================
2025-07-10 08:14:58 - INFO - Automated Scrape Task Finished
2025-07-10 08:14:58 - INFO - Outcome: SUCCESS
2025-07-10 08:14:58 - INFO - Total Duration: 93.36 seconds
2025-07-10 08:14:58 - INFO - ==============================
2025-07-10 20:10:23 - INFO - ==============================
2025-07-10 20:10:23 - INFO - Starting Automated Scrape Task
2025-07-10 20:10:23 - INFO - Download replays: Disabled
2025-07-10 20:10:23 - INFO - ==============================
2025-07-10 20:10:23 - INFO - Step 1: Loading existing game data...
2025-07-10 20:10:23 - INFO - Loading existing games data from basil_ladder_games.csv
2025-07-10 20:10:23 - INFO - Loaded 117400 games from existing database.
2025-07-10 20:10:23 - INFO - Step 2: Skipping syncing replay status.
2025-07-10 20:10:23 - INFO - Step 3: Fetching bot ratings...
2025-07-10 20:10:23 - INFO - Fetching master rating list from https://data.basil-ladder.net/stats/ranking.json...
2025-07-10 20:10:24 - INFO - Successfully loaded ratings for 291 bots from JSON.
2025-07-10 20:10:24 - INFO - Step 4: Extracting new games from BASIL ladder...
2025-07-10 20:10:24 - INFO - Fetching latest games from BASIL Ladder (Last 24h)...
2025-07-10 20:10:42 - INFO - Navigating to https://basil.bytekeeper.org/...
2025-07-10 20:10:43 - INFO - Waiting for page to load...
2025-07-10 20:10:43 - INFO - Clicking 'Last 24h' button...
2025-07-10 20:10:47 - INFO - Found 960 games in the table
2025-07-10 20:11:42 - INFO - Browser closed.
2025-07-10 20:11:42 - INFO - Extracted data for 960 games from the page.
2025-07-10 20:11:42 - INFO - Step 5: Updating games database with new games...
2025-07-10 20:11:42 - INFO - Attempting to update game database with newly scraped games...
2025-07-10 20:11:42 - INFO - Existing games in database: 117400
2025-07-10 20:11:42 - INFO - New games scraped: 960
2025-07-10 20:12:14 - INFO - Found and skipped 416 duplicate game(s) already present in the database.
2025-07-10 20:12:14 - INFO - Found 544 new unique games.
2025-07-10 20:12:14 - INFO - Database size: 117400 -> 117944 (+544)
2025-07-10 20:12:15 - INFO - Database saved successfully to basil_ladder_games.csv
2025-07-10 20:12:15 - INFO - Step 6: Skipping replay download.
2025-07-10 20:12:15 - INFO - ==============================
2025-07-10 20:12:15 - INFO - Automated Scrape Task Finished
2025-07-10 20:12:15 - INFO - Outcome: SUCCESS
2025-07-10 20:12:15 - INFO - Total Duration: 111.85 seconds
2025-07-10 20:12:15 - INFO - ==============================
2025-07-11 08:13:14 - INFO - ==============================
2025-07-11 08:13:14 - INFO - Starting Automated Scrape Task
2025-07-11 08:13:14 - INFO - Download replays: Disabled
2025-07-11 08:13:14 - INFO - ==============================
2025-07-11 08:13:14 - INFO - Step 1: Loading existing game data...
2025-07-11 08:13:14 - INFO - Loading existing games data from basil_ladder_games.csv
2025-07-11 08:13:14 - INFO - Loaded 117944 games from existing database.
2025-07-11 08:13:14 - INFO - Step 2: Skipping syncing replay status.
2025-07-11 08:13:14 - INFO - Step 3: Fetching bot ratings...
2025-07-11 08:13:14 - INFO - Fetching master rating list from https://data.basil-ladder.net/stats/ranking.json...
2025-07-11 08:13:15 - INFO - Successfully loaded ratings for 291 bots from JSON.
2025-07-11 08:13:15 - INFO - Step 4: Extracting new games from BASIL ladder...
2025-07-11 08:13:15 - INFO - Fetching latest games from BASIL Ladder (Last 24h)...
2025-07-11 08:13:16 - INFO - Navigating to https://basil.bytekeeper.org/...
2025-07-11 08:13:16 - INFO - Waiting for page to load...
2025-07-11 08:13:16 - INFO - Clicking 'Last 24h' button...
2025-07-11 08:13:19 - INFO - Found 912 games in the table
2025-07-11 08:14:07 - INFO - Browser closed.
2025-07-11 08:14:07 - INFO - Extracted data for 912 games from the page.
2025-07-11 08:14:07 - INFO - Step 5: Updating games database with new games...
2025-07-11 08:14:07 - INFO - Attempting to update game database with newly scraped games...
2025-07-11 08:14:07 - INFO - Existing games in database: 117944
2025-07-11 08:14:07 - INFO - New games scraped: 912
2025-07-11 08:14:36 - INFO - Found and skipped 556 duplicate game(s) already present in the database.
2025-07-11 08:14:36 - INFO - Found 356 new unique games.
2025-07-11 08:14:36 - INFO - Database size: 117944 -> 118300 (+356)
2025-07-11 08:14:37 - INFO - Database saved successfully to basil_ladder_games.csv
2025-07-11 08:14:37 - INFO - Step 6: Skipping replay download.
2025-07-11 08:14:37 - INFO - ==============================
2025-07-11 08:14:37 - INFO - Automated Scrape Task Finished
2025-07-11 08:14:37 - INFO - Outcome: SUCCESS
2025-07-11 08:14:37 - INFO - Total Duration: 82.80 seconds
2025-07-11 08:14:37 - INFO - ==============================
2025-07-11 20:10:24 - INFO - ==============================
2025-07-11 20:10:24 - INFO - Starting Automated Scrape Task
2025-07-11 20:10:24 - INFO - Download replays: Disabled
2025-07-11 20:10:24 - INFO - ==============================
2025-07-11 20:10:24 - INFO - Step 1: Loading existing game data...
2025-07-11 20:10:24 - INFO - Loading existing games data from basil_ladder_games.csv
2025-07-11 20:10:24 - INFO - Loaded 118300 games from existing database.
2025-07-11 20:10:24 - INFO - Step 2: Skipping syncing replay status.
2025-07-11 20:10:24 - INFO - Step 3: Fetching bot ratings...
2025-07-11 20:10:24 - INFO - Fetching master rating list from https://data.basil-ladder.net/stats/ranking.json...
2025-07-11 20:10:25 - INFO - Successfully loaded ratings for 291 bots from JSON.
2025-07-11 20:10:25 - INFO - Step 4: Extracting new games from BASIL ladder...
2025-07-11 20:10:25 - INFO - Fetching latest games from BASIL Ladder (Last 24h)...
2025-07-11 20:10:37 - INFO - Navigating to https://basil.bytekeeper.org/...
2025-07-11 20:10:38 - INFO - Waiting for page to load...
2025-07-11 20:10:38 - INFO - Clicking 'Last 24h' button...
2025-07-11 20:10:42 - INFO - Found 878 games in the table
2025-07-11 20:11:30 - INFO - Browser closed.
2025-07-11 20:11:30 - INFO - Extracted data for 878 games from the page.
2025-07-11 20:11:30 - INFO - Step 5: Updating games database with new games...
2025-07-11 20:11:30 - INFO - Attempting to update game database with newly scraped games...
2025-07-11 20:11:30 - INFO - Existing games in database: 118300
2025-07-11 20:11:30 - INFO - New games scraped: 878
2025-07-11 20:12:00 - INFO - Found and skipped 371 duplicate game(s) already present in the database.
2025-07-11 20:12:00 - INFO - Found 507 new unique games.
2025-07-11 20:12:00 - INFO - Database size: 118300 -> 118807 (+507)
2025-07-11 20:12:00 - INFO - Database saved successfully to basil_ladder_games.csv
2025-07-11 20:12:00 - INFO - Step 6: Skipping replay download.
2025-07-11 20:12:00 - INFO - ==============================
2025-07-11 20:12:00 - INFO - Automated Scrape Task Finished
2025-07-11 20:12:00 - INFO - Outcome: SUCCESS
2025-07-11 20:12:00 - INFO - Total Duration: 96.85 seconds
2025-07-11 20:12:00 - INFO - ==============================
2025-07-12 08:11:29 - INFO - ==============================
2025-07-12 08:11:29 - INFO - Starting Automated Scrape Task
2025-07-12 08:11:29 - INFO - Download replays: Disabled
2025-07-12 08:11:29 - INFO - ==============================
2025-07-12 08:11:29 - INFO - Step 1: Loading existing game data...
2025-07-12 08:11:29 - INFO - Loading existing games data from basil_ladder_games.csv
2025-07-12 08:11:29 - INFO - Loaded 118807 games from existing database.
2025-07-12 08:11:29 - INFO - Step 2: Skipping syncing replay status.
2025-07-12 08:11:29 - INFO - Step 3: Fetching bot ratings...
2025-07-12 08:11:29 - INFO - Fetching master rating list from https://data.basil-ladder.net/stats/ranking.json...
2025-07-12 08:11:30 - INFO - Successfully loaded ratings for 291 bots from JSON.
2025-07-12 08:11:30 - INFO - Step 4: Extracting new games from BASIL ladder...
2025-07-12 08:11:30 - INFO - Fetching latest games from BASIL Ladder (Last 24h)...
2025-07-12 08:11:41 - INFO - Navigating to https://basil.bytekeeper.org/...
2025-07-12 08:11:43 - INFO - Waiting for page to load...
2025-07-12 08:11:43 - INFO - Clicking 'Last 24h' button...
2025-07-12 08:11:47 - INFO - Found 1057 games in the table
2025-07-12 08:12:46 - INFO - Browser closed.
2025-07-12 08:12:46 - INFO - Extracted data for 1057 games from the page.
2025-07-12 08:12:46 - INFO - Step 5: Updating games database with new games...
2025-07-12 08:12:46 - INFO - Attempting to update game database with newly scraped games...
2025-07-12 08:12:46 - INFO - Existing games in database: 118807
2025-07-12 08:12:46 - INFO - New games scraped: 1057
2025-07-12 08:13:21 - INFO - Found and skipped 535 duplicate game(s) already present in the database.
2025-07-12 08:13:21 - INFO - Found 522 new unique games.
2025-07-12 08:13:21 - INFO - Database size: 118807 -> 119329 (+522)
2025-07-12 08:13:22 - INFO - Database saved successfully to basil_ladder_games.csv
2025-07-12 08:13:22 - INFO - Step 6: Skipping replay download.
2025-07-12 08:13:22 - INFO - ==============================
2025-07-12 08:13:22 - INFO - Automated Scrape Task Finished
2025-07-12 08:13:22 - INFO - Outcome: SUCCESS
2025-07-12 08:13:22 - INFO - Total Duration: 113.51 seconds
2025-07-12 08:13:22 - INFO - ==============================
2025-07-12 20:09:04 - INFO - ==============================
2025-07-12 20:09:04 - INFO - Starting Automated Scrape Task
2025-07-12 20:09:04 - INFO - Download replays: Disabled
2025-07-12 20:09:04 - INFO - ==============================
2025-07-12 20:09:04 - INFO - Step 1: Loading existing game data...
2025-07-12 20:09:04 - INFO - Loading existing games data from basil_ladder_games.csv
2025-07-12 20:09:04 - INFO - Loaded 119329 games from existing database.
2025-07-12 20:09:04 - INFO - Step 2: Skipping syncing replay status.
2025-07-12 20:09:04 - INFO - Step 3: Fetching bot ratings...
2025-07-12 20:09:04 - INFO - Fetching master rating list from https://data.basil-ladder.net/stats/ranking.json...
2025-07-12 20:09:05 - INFO - Successfully loaded ratings for 291 bots from JSON.
2025-07-12 20:09:05 - INFO - Step 4: Extracting new games from BASIL ladder...
2025-07-12 20:09:05 - INFO - Fetching latest games from BASIL Ladder (Last 24h)...
2025-07-12 20:09:11 - INFO - Navigating to https://basil.bytekeeper.org/...
2025-07-12 20:09:12 - INFO - Waiting for page to load...
2025-07-12 20:09:12 - INFO - Clicking 'Last 24h' button...
2025-07-12 20:09:15 - INFO - Found 1044 games in the table
2025-07-12 20:10:11 - INFO - Browser closed.
2025-07-12 20:10:11 - INFO - Extracted data for 1044 games from the page.
2025-07-12 20:10:11 - INFO - Step 5: Updating games database with new games...
2025-07-12 20:10:11 - INFO - Attempting to update game database with newly scraped games...
2025-07-12 20:10:11 - INFO - Existing games in database: 119329
2025-07-12 20:10:11 - INFO - New games scraped: 1044
2025-07-12 20:10:46 - INFO - Found and skipped 548 duplicate game(s) already present in the database.
2025-07-12 20:10:46 - INFO - Found 496 new unique games.
2025-07-12 20:10:46 - INFO - Database size: 119329 -> 119825 (+496)
2025-07-12 20:10:47 - INFO - Database saved successfully to basil_ladder_games.csv
2025-07-12 20:10:47 - INFO - Step 6: Skipping replay download.
2025-07-12 20:10:47 - INFO - ==============================
2025-07-12 20:10:47 - INFO - Automated Scrape Task Finished
2025-07-12 20:10:47 - INFO - Outcome: SUCCESS
2025-07-12 20:10:47 - INFO - Total Duration: 102.83 seconds
2025-07-12 20:10:47 - INFO - ==============================
2025-07-13 08:11:28 - INFO - ==============================
2025-07-13 08:11:28 - INFO - Starting Automated Scrape Task
2025-07-13 08:11:28 - INFO - Download replays: Disabled
2025-07-13 08:11:28 - INFO - ==============================
2025-07-13 08:11:28 - INFO - Step 1: Loading existing game data...
2025-07-13 08:11:28 - INFO - Loading existing games data from basil_ladder_games.csv
2025-07-13 08:11:29 - INFO - Loaded 119825 games from existing database.
2025-07-13 08:11:29 - INFO - Step 2: Skipping syncing replay status.
2025-07-13 08:11:29 - INFO - Step 3: Fetching bot ratings...
2025-07-13 08:11:29 - INFO - Fetching master rating list from https://data.basil-ladder.net/stats/ranking.json...
2025-07-13 08:11:29 - INFO - Successfully loaded ratings for 291 bots from JSON.
2025-07-13 08:11:29 - INFO - Step 4: Extracting new games from BASIL ladder...
2025-07-13 08:11:29 - INFO - Fetching latest games from BASIL Ladder (Last 24h)...
2025-07-13 08:11:36 - INFO - Navigating to https://basil.bytekeeper.org/...
2025-07-13 08:11:37 - INFO - Waiting for page to load...
2025-07-13 08:11:37 - INFO - Clicking 'Last 24h' button...
2025-07-13 08:11:41 - INFO - Found 1065 games in the table
2025-07-13 08:12:41 - INFO - Browser closed.
2025-07-13 08:12:41 - INFO - Extracted data for 1065 games from the page.
2025-07-13 08:12:41 - INFO - Step 5: Updating games database with new games...
2025-07-13 08:12:41 - INFO - Attempting to update game database with newly scraped games...
2025-07-13 08:12:41 - INFO - Existing games in database: 119825
2025-07-13 08:12:41 - INFO - New games scraped: 1065
2025-07-13 08:13:17 - INFO - Found and skipped 518 duplicate game(s) already present in the database.
2025-07-13 08:13:17 - INFO - Found 547 new unique games.
2025-07-13 08:13:17 - INFO - Database size: 119825 -> 120372 (+547)
2025-07-13 08:13:18 - INFO - Database saved successfully to basil_ladder_games.csv
2025-07-13 08:13:18 - INFO - Step 6: Skipping replay download.
2025-07-13 08:13:18 - INFO - ==============================
2025-07-13 08:13:18 - INFO - Automated Scrape Task Finished
2025-07-13 08:13:18 - INFO - Outcome: SUCCESS
2025-07-13 08:13:18 - INFO - Total Duration: 109.29 seconds
2025-07-13 08:13:18 - INFO - ==============================
2025-07-13 20:09:25 - INFO - ==============================
2025-07-13 20:09:25 - INFO - Starting Automated Scrape Task
2025-07-13 20:09:25 - INFO - Download replays: Disabled
2025-07-13 20:09:25 - INFO - ==============================
2025-07-13 20:09:25 - INFO - Step 1: Loading existing game data...
2025-07-13 20:09:25 - INFO - Loading existing games data from basil_ladder_games.csv
2025-07-13 20:09:26 - INFO - Loaded 120372 games from existing database.
2025-07-13 20:09:26 - INFO - Step 2: Skipping syncing replay status.
2025-07-13 20:09:26 - INFO - Step 3: Fetching bot ratings...
2025-07-13 20:09:26 - INFO - Fetching master rating list from https://data.basil-ladder.net/stats/ranking.json...
2025-07-13 20:09:27 - INFO - Successfully loaded ratings for 291 bots from JSON.
2025-07-13 20:09:27 - INFO - Step 4: Extracting new games from BASIL ladder...
2025-07-13 20:09:27 - INFO - Fetching latest games from BASIL Ladder (Last 24h)...
2025-07-13 20:09:35 - INFO - Navigating to https://basil.bytekeeper.org/...
2025-07-13 20:09:36 - INFO - Waiting for page to load...
2025-07-13 20:09:36 - INFO - Clicking 'Last 24h' button...
2025-07-13 20:09:40 - INFO - Found 1109 games in the table
2025-07-13 20:10:41 - INFO - Browser closed.
2025-07-13 20:10:41 - INFO - Extracted data for 1109 games from the page.
2025-07-13 20:10:41 - INFO - Step 5: Updating games database with new games...
2025-07-13 20:10:41 - INFO - Attempting to update game database with newly scraped games...
2025-07-13 20:10:41 - INFO - Existing games in database: 120372
2025-07-13 20:10:41 - INFO - New games scraped: 1109
2025-07-13 20:11:18 - INFO - Found and skipped 582 duplicate game(s) already present in the database.
2025-07-13 20:11:18 - INFO - Found 527 new unique games.
2025-07-13 20:11:18 - INFO - Database size: 120372 -> 120899 (+527)
2025-07-13 20:11:19 - INFO - Database saved successfully to basil_ladder_games.csv
2025-07-13 20:11:19 - INFO - Step 6: Skipping replay download.
2025-07-13 20:11:19 - INFO - ==============================
2025-07-13 20:11:19 - INFO - Automated Scrape Task Finished
2025-07-13 20:11:19 - INFO - Outcome: SUCCESS
2025-07-13 20:11:19 - INFO - Total Duration: 113.49 seconds
2025-07-13 20:11:19 - INFO - ==============================
2025-07-14 08:14:53 - INFO - ==============================
2025-07-14 08:14:53 - INFO - Starting Automated Scrape Task
2025-07-14 08:14:53 - INFO - Download replays: Disabled
2025-07-14 08:14:53 - INFO - ==============================
2025-07-14 08:14:53 - INFO - Step 1: Loading existing game data...
2025-07-14 08:14:53 - INFO - Loading existing games data from basil_ladder_games.csv
2025-07-14 08:14:53 - INFO - Loaded 120899 games from existing database.
2025-07-14 08:14:53 - INFO - Step 2: Skipping syncing replay status.
2025-07-14 08:14:53 - INFO - Step 3: Fetching bot ratings...
2025-07-14 08:14:53 - INFO - Fetching master rating list from https://data.basil-ladder.net/stats/ranking.json...
2025-07-14 08:14:54 - INFO - Successfully loaded ratings for 291 bots from JSON.
2025-07-14 08:14:54 - INFO - Step 4: Extracting new games from BASIL ladder...
2025-07-14 08:14:54 - INFO - Fetching latest games from BASIL Ladder (Last 24h)...
2025-07-14 08:15:00 - INFO - Navigating to https://basil.bytekeeper.org/...
2025-07-14 08:15:01 - INFO - Waiting for page to load...
2025-07-14 08:15:02 - INFO - Clicking 'Last 24h' button...
2025-07-14 08:15:05 - INFO - Found 1097 games in the table
2025-07-14 08:16:06 - INFO - Browser closed.
2025-07-14 08:16:06 - INFO - Extracted data for 1097 games from the page.
2025-07-14 08:16:06 - INFO - Step 5: Updating games database with new games...
2025-07-14 08:16:06 - INFO - Attempting to update game database with newly scraped games...
2025-07-14 08:16:06 - INFO - Existing games in database: 120899
2025-07-14 08:16:06 - INFO - New games scraped: 1097
2025-07-14 08:16:43 - INFO - Found and skipped 544 duplicate game(s) already present in the database.
2025-07-14 08:16:43 - INFO - Found 553 new unique games.
2025-07-14 08:16:43 - INFO - Database size: 120899 -> 121452 (+553)
2025-07-14 08:16:44 - INFO - Database saved successfully to basil_ladder_games.csv
2025-07-14 08:16:44 - INFO - Step 6: Skipping replay download.
2025-07-14 08:16:44 - INFO - ==============================
2025-07-14 08:16:44 - INFO - Automated Scrape Task Finished
2025-07-14 08:16:44 - INFO - Outcome: SUCCESS
2025-07-14 08:16:44 - INFO - Total Duration: 110.74 seconds
2025-07-14 08:16:44 - INFO - ==============================
2025-07-14 20:10:59 - INFO - ==============================
2025-07-14 20:10:59 - INFO - Starting Automated Scrape Task
2025-07-14 20:10:59 - INFO - Download replays: Disabled
2025-07-14 20:10:59 - INFO - ==============================
2025-07-14 20:10:59 - INFO - Step 1: Loading existing game data...
2025-07-14 20:10:59 - INFO - Loading existing games data from basil_ladder_games.csv
2025-07-14 20:10:59 - INFO - Loaded 121452 games from existing database.
2025-07-14 20:10:59 - INFO - Step 2: Skipping syncing replay status.
2025-07-14 20:10:59 - INFO - Step 3: Fetching bot ratings...
2025-07-14 20:10:59 - INFO - Fetching master rating list from https://data.basil-ladder.net/stats/ranking.json...
2025-07-14 20:11:00 - INFO - Successfully loaded ratings for 291 bots from JSON.
2025-07-14 20:11:00 - INFO - Step 4: Extracting new games from BASIL ladder...
2025-07-14 20:11:00 - INFO - Fetching latest games from BASIL Ladder (Last 24h)...
2025-07-14 20:11:02 - INFO - Navigating to https://basil.bytekeeper.org/...
2025-07-14 20:11:02 - INFO - Waiting for page to load...
2025-07-14 20:11:03 - INFO - Clicking 'Last 24h' button...
2025-07-14 20:11:06 - INFO - Found 1075 games in the table
2025-07-14 20:12:05 - INFO - Browser closed.
2025-07-14 20:12:05 - INFO - Extracted data for 1075 games from the page.
2025-07-14 20:12:05 - INFO - Step 5: Updating games database with new games...
2025-07-14 20:12:05 - INFO - Attempting to update game database with newly scraped games...
2025-07-14 20:12:05 - INFO - Existing games in database: 121452
2025-07-14 20:12:05 - INFO - New games scraped: 1075
2025-07-14 20:12:42 - INFO - Found and skipped 557 duplicate game(s) already present in the database.
2025-07-14 20:12:42 - INFO - Found 518 new unique games.
2025-07-14 20:12:42 - INFO - Database size: 121452 -> 121970 (+518)
2025-07-14 20:12:43 - INFO - Database saved successfully to basil_ladder_games.csv
2025-07-14 20:12:43 - INFO - Step 6: Skipping replay download.
2025-07-14 20:12:43 - INFO - ==============================
2025-07-14 20:12:43 - INFO - Automated Scrape Task Finished
2025-07-14 20:12:43 - INFO - Outcome: SUCCESS
2025-07-14 20:12:43 - INFO - Total Duration: 103.84 seconds
2025-07-14 20:12:43 - INFO - ==============================
2025-07-15 08:14:06 - INFO - ==============================
2025-07-15 08:14:06 - INFO - Starting Automated Scrape Task
2025-07-15 08:14:06 - INFO - Download replays: Disabled
2025-07-15 08:14:06 - INFO - ==============================
2025-07-15 08:14:06 - INFO - Step 1: Loading existing game data...
2025-07-15 08:14:06 - INFO - Loading existing games data from basil_ladder_games.csv
2025-07-15 08:14:06 - INFO - Loaded 121970 games from existing database.
2025-07-15 08:14:06 - INFO - Step 2: Skipping syncing replay status.
2025-07-15 08:14:06 - INFO - Step 3: Fetching bot ratings...
2025-07-15 08:14:06 - INFO - Fetching master rating list from https://data.basil-ladder.net/stats/ranking.json...
2025-07-15 08:14:07 - INFO - Successfully loaded ratings for 291 bots from JSON.
2025-07-15 08:14:07 - INFO - Step 4: Extracting new games from BASIL ladder...
2025-07-15 08:14:07 - INFO - Fetching latest games from BASIL Ladder (Last 24h)...
2025-07-15 08:14:32 - INFO - Navigating to https://basil.bytekeeper.org/...
2025-07-15 08:14:34 - INFO - Waiting for page to load...
2025-07-15 08:14:34 - INFO - Clicking 'Last 24h' button...
2025-07-15 08:14:37 - INFO - Found 1114 games in the table
2025-07-15 08:15:41 - INFO - Browser closed.
2025-07-15 08:15:41 - INFO - Extracted data for 1114 games from the page.
2025-07-15 08:15:41 - INFO - Step 5: Updating games database with new games...
2025-07-15 08:15:41 - INFO - Attempting to update game database with newly scraped games...
2025-07-15 08:15:41 - INFO - Existing games in database: 121970
2025-07-15 08:15:41 - INFO - New games scraped: 1114
2025-07-15 08:16:19 - INFO - Found and skipped 534 duplicate game(s) already present in the database.
2025-07-15 08:16:19 - INFO - Found 580 new unique games.
2025-07-15 08:16:19 - INFO - Database size: 121970 -> 122550 (+580)
2025-07-15 08:16:20 - INFO - Database saved successfully to basil_ladder_games.csv
2025-07-15 08:16:20 - INFO - Step 6: Skipping replay download.
2025-07-15 08:16:20 - INFO - ==============================
2025-07-15 08:16:20 - INFO - Automated Scrape Task Finished
2025-07-15 08:16:20 - INFO - Outcome: SUCCESS
2025-07-15 08:16:20 - INFO - Total Duration: 134.06 seconds
2025-07-15 08:16:20 - INFO - ==============================
2025-07-15 20:11:09 - INFO - ==============================
2025-07-15 20:11:09 - INFO - Starting Automated Scrape Task
2025-07-15 20:11:09 - INFO - Download replays: Disabled
2025-07-15 20:11:09 - INFO - ==============================
2025-07-15 20:11:09 - INFO - Step 1: Loading existing game data...
2025-07-15 20:11:09 - INFO - Loading existing games data from basil_ladder_games.csv
2025-07-15 20:11:10 - INFO - Loaded 122550 games from existing database.
2025-07-15 20:11:10 - INFO - Step 2: Skipping syncing replay status.
2025-07-15 20:11:10 - INFO - Step 3: Fetching bot ratings...
2025-07-15 20:11:10 - INFO - Fetching master rating list from https://data.basil-ladder.net/stats/ranking.json...
2025-07-15 20:11:10 - INFO - Successfully loaded ratings for 291 bots from JSON.
2025-07-15 20:11:10 - INFO - Step 4: Extracting new games from BASIL ladder...
2025-07-15 20:11:10 - INFO - Fetching latest games from BASIL Ladder (Last 24h)...
2025-07-15 20:11:18 - INFO - Navigating to https://basil.bytekeeper.org/...
2025-07-15 20:11:19 - INFO - Waiting for page to load...
2025-07-15 20:11:20 - INFO - Clicking 'Last 24h' button...
2025-07-15 20:11:23 - INFO - Found 1145 games in the table
2025-07-15 20:12:25 - INFO - Browser closed.
2025-07-15 20:12:25 - INFO - Extracted data for 1145 games from the page.
2025-07-15 20:12:25 - INFO - Step 5: Updating games database with new games...
2025-07-15 20:12:25 - INFO - Attempting to update game database with newly scraped games...
2025-07-15 20:12:25 - INFO - Existing games in database: 122550
2025-07-15 20:12:25 - INFO - New games scraped: 1145
2025-07-15 20:13:04 - INFO - Found and skipped 599 duplicate game(s) already present in the database.
2025-07-15 20:13:04 - INFO - Found 546 new unique games.
2025-07-15 20:13:04 - INFO - Database size: 122550 -> 123096 (+546)
2025-07-15 20:13:05 - INFO - Database saved successfully to basil_ladder_games.csv
2025-07-15 20:13:05 - INFO - Step 6: Skipping replay download.
2025-07-15 20:13:05 - INFO - ==============================
2025-07-15 20:13:05 - INFO - Automated Scrape Task Finished
2025-07-15 20:13:05 - INFO - Outcome: SUCCESS
2025-07-15 20:13:05 - INFO - Total Duration: 115.82 seconds
2025-07-15 20:13:05 - INFO - ==============================
2025-07-16 08:13:36 - INFO - ==============================
2025-07-16 08:13:36 - INFO - Starting Automated Scrape Task
2025-07-16 08:13:36 - INFO - Download replays: Disabled
2025-07-16 08:13:36 - INFO - ==============================
2025-07-16 08:13:36 - INFO - Step 1: Loading existing game data...
2025-07-16 08:13:36 - INFO - Loading existing games data from basil_ladder_games.csv
2025-07-16 08:13:36 - INFO - Loaded 123096 games from existing database.
2025-07-16 08:13:36 - INFO - Step 2: Skipping syncing replay status.
2025-07-16 08:13:36 - INFO - Step 3: Fetching bot ratings...
2025-07-16 08:13:36 - INFO - Fetching master rating list from https://data.basil-ladder.net/stats/ranking.json...
2025-07-16 08:13:37 - INFO - Successfully loaded ratings for 291 bots from JSON.
2025-07-16 08:13:37 - INFO - Step 4: Extracting new games from BASIL ladder...
2025-07-16 08:13:37 - INFO - Fetching latest games from BASIL Ladder (Last 24h)...
2025-07-16 08:13:43 - INFO - Navigating to https://basil.bytekeeper.org/...
2025-07-16 08:13:44 - INFO - Waiting for page to load...
2025-07-16 08:13:44 - INFO - Clicking 'Last 24h' button...
2025-07-16 08:13:47 - INFO - Found 1125 games in the table
2025-07-16 08:14:47 - INFO - Browser closed.
2025-07-16 08:14:47 - INFO - Extracted data for 1125 games from the page.
2025-07-16 08:14:47 - INFO - Step 5: Updating games database with new games...
2025-07-16 08:14:47 - INFO - Attempting to update game database with newly scraped games...
2025-07-16 08:14:47 - INFO - Existing games in database: 123096
2025-07-16 08:14:47 - INFO - New games scraped: 1125
2025-07-16 08:15:26 - INFO - Found and skipped 564 duplicate game(s) already present in the database.
2025-07-16 08:15:26 - INFO - Found 561 new unique games.
2025-07-16 08:15:26 - INFO - Database size: 123096 -> 123657 (+561)
2025-07-16 08:15:26 - INFO - Database saved successfully to basil_ladder_games.csv
2025-07-16 08:15:26 - INFO - Step 6: Skipping replay download.
2025-07-16 08:15:26 - INFO - ==============================
2025-07-16 08:15:26 - INFO - Automated Scrape Task Finished
2025-07-16 08:15:26 - INFO - Outcome: SUCCESS
2025-07-16 08:15:26 - INFO - Total Duration: 110.66 seconds
2025-07-16 08:15:26 - INFO - ==============================
2025-07-16 20:10:45 - INFO - ==============================
2025-07-16 20:10:45 - INFO - Starting Automated Scrape Task
2025-07-16 20:10:45 - INFO - Download replays: Disabled
2025-07-16 20:10:45 - INFO - ==============================
2025-07-16 20:10:45 - INFO - Step 1: Loading existing game data...
2025-07-16 20:10:45 - INFO - Loading existing games data from basil_ladder_games.csv
2025-07-16 20:10:46 - INFO - Loaded 123657 games from existing database.
2025-07-16 20:10:46 - INFO - Step 2: Skipping syncing replay status.
2025-07-16 20:10:46 - INFO - Step 3: Fetching bot ratings...
2025-07-16 20:10:46 - INFO - Fetching master rating list from https://data.basil-ladder.net/stats/ranking.json...
2025-07-16 20:10:47 - INFO - Successfully loaded ratings for 291 bots from JSON.
2025-07-16 20:10:47 - INFO - Step 4: Extracting new games from BASIL ladder...
2025-07-16 20:10:47 - INFO - Fetching latest games from BASIL Ladder (Last 24h)...
2025-07-16 20:10:48 - INFO - Navigating to https://basil.bytekeeper.org/...
2025-07-16 20:10:49 - INFO - Waiting for page to load...
2025-07-16 20:10:49 - INFO - Clicking 'Last 24h' button...
2025-07-16 20:10:52 - INFO - Found 1121 games in the table
2025-07-16 20:11:57 - INFO - Browser closed.
2025-07-16 20:11:57 - INFO - Extracted data for 1121 games from the page.
2025-07-16 20:11:57 - INFO - Step 5: Updating games database with new games...
2025-07-16 20:11:57 - INFO - Attempting to update game database with newly scraped games...
2025-07-16 20:11:57 - INFO - Existing games in database: 123657
2025-07-16 20:11:57 - INFO - New games scraped: 1121
2025-07-16 20:12:36 - INFO - Found and skipped 575 duplicate game(s) already present in the database.
2025-07-16 20:12:36 - INFO - Found 546 new unique games.
2025-07-16 20:12:36 - INFO - Database size: 123657 -> 124203 (+546)
2025-07-16 20:12:37 - INFO - Database saved successfully to basil_ladder_games.csv
2025-07-16 20:12:37 - INFO - Step 6: Skipping replay download.
2025-07-16 20:12:37 - INFO - ==============================
2025-07-16 20:12:37 - INFO - Automated Scrape Task Finished
2025-07-16 20:12:37 - INFO - Outcome: SUCCESS
2025-07-16 20:12:37 - INFO - Total Duration: 111.52 seconds
2025-07-16 20:12:37 - INFO - ==============================
2025-07-17 08:13:47 - INFO - ==============================
2025-07-17 08:13:47 - INFO - Starting Automated Scrape Task
2025-07-17 08:13:47 - INFO - Download replays: Disabled
2025-07-17 08:13:47 - INFO - ==============================
2025-07-17 08:13:47 - INFO - Step 1: Loading existing game data...
2025-07-17 08:13:47 - INFO - Loading existing games data from basil_ladder_games.csv
2025-07-17 08:13:47 - INFO - Loaded 124203 games from existing database.
2025-07-17 08:13:47 - INFO - Step 2: Skipping syncing replay status.
2025-07-17 08:13:47 - INFO - Step 3: Fetching bot ratings...
2025-07-17 08:13:47 - INFO - Fetching master rating list from https://data.basil-ladder.net/stats/ranking.json...
2025-07-17 08:13:48 - INFO - Successfully loaded ratings for 291 bots from JSON.
2025-07-17 08:13:48 - INFO - Step 4: Extracting new games from BASIL ladder...
2025-07-17 08:13:48 - INFO - Fetching latest games from BASIL Ladder (Last 24h)...
2025-07-17 08:13:55 - INFO - Navigating to https://basil.bytekeeper.org/...
2025-07-17 08:13:56 - INFO - Waiting for page to load...
2025-07-17 08:13:56 - INFO - Clicking 'Last 24h' button...
2025-07-17 08:13:59 - INFO - Found 1089 games in the table
2025-07-17 08:14:58 - INFO - Browser closed.
2025-07-17 08:14:58 - INFO - Extracted data for 1089 games from the page.
2025-07-17 08:14:58 - INFO - Step 5: Updating games database with new games...
2025-07-17 08:14:58 - INFO - Attempting to update game database with newly scraped games...
2025-07-17 08:14:58 - INFO - Existing games in database: 124203
2025-07-17 08:14:58 - INFO - New games scraped: 1089
2025-07-17 08:15:36 - INFO - Found and skipped 554 duplicate game(s) already present in the database.
2025-07-17 08:15:36 - INFO - Found 535 new unique games.
2025-07-17 08:15:36 - INFO - Database size: 124203 -> 124738 (+535)
2025-07-17 08:15:37 - INFO - Database saved successfully to basil_ladder_games.csv
2025-07-17 08:15:37 - INFO - Step 6: Skipping replay download.
2025-07-17 08:15:37 - INFO - ==============================
2025-07-17 08:15:37 - INFO - Automated Scrape Task Finished
2025-07-17 08:15:37 - INFO - Outcome: SUCCESS
2025-07-17 08:15:37 - INFO - Total Duration: 109.64 seconds
2025-07-17 08:15:37 - INFO - ==============================
2025-07-17 20:10:42 - INFO - ==============================
2025-07-17 20:10:42 - INFO - Starting Automated Scrape Task
2025-07-17 20:10:42 - INFO - Download replays: Disabled
2025-07-17 20:10:42 - INFO - ==============================
2025-07-17 20:10:42 - INFO - Step 1: Loading existing game data...
2025-07-17 20:10:42 - INFO - Loading existing games data from basil_ladder_games.csv
2025-07-17 20:10:42 - INFO - Loaded 124738 games from existing database.
2025-07-17 20:10:42 - INFO - Step 2: Skipping syncing replay status.
2025-07-17 20:10:42 - INFO - Step 3: Fetching bot ratings...
2025-07-17 20:10:42 - INFO - Fetching master rating list from https://data.basil-ladder.net/stats/ranking.json...
2025-07-17 20:10:43 - INFO - Successfully loaded ratings for 291 bots from JSON.
2025-07-17 20:10:43 - INFO - Step 4: Extracting new games from BASIL ladder...
2025-07-17 20:10:43 - INFO - Fetching latest games from BASIL Ladder (Last 24h)...
2025-07-17 20:10:49 - INFO - Navigating to https://basil.bytekeeper.org/...
2025-07-17 20:10:50 - INFO - Waiting for page to load...
2025-07-17 20:10:50 - INFO - Clicking 'Last 24h' button...
2025-07-17 20:10:54 - INFO - Found 1089 games in the table
2025-07-17 20:11:53 - INFO - Browser closed.
2025-07-17 20:11:53 - INFO - Extracted data for 1089 games from the page.
2025-07-17 20:11:53 - INFO - Step 5: Updating games database with new games...
2025-07-17 20:11:53 - INFO - Attempting to update game database with newly scraped games...
2025-07-17 20:11:53 - INFO - Existing games in database: 124738
2025-07-17 20:11:53 - INFO - New games scraped: 1089
2025-07-17 20:12:31 - INFO - Found and skipped 547 duplicate game(s) already present in the database.
2025-07-17 20:12:31 - INFO - Found 542 new unique games.
2025-07-17 20:12:31 - INFO - Database size: 124738 -> 125280 (+542)
2025-07-17 20:12:32 - INFO - Database saved successfully to basil_ladder_games.csv
2025-07-17 20:12:32 - INFO - Step 6: Skipping replay download.
2025-07-17 20:12:32 - INFO - ==============================
2025-07-17 20:12:32 - INFO - Automated Scrape Task Finished
2025-07-17 20:12:32 - INFO - Outcome: SUCCESS
2025-07-17 20:12:32 - INFO - Total Duration: 110.07 seconds
2025-07-17 20:12:32 - INFO - ==============================
2025-07-18 08:13:38 - INFO - ==============================
2025-07-18 08:13:38 - INFO - Starting Automated Scrape Task
2025-07-18 08:13:38 - INFO - Download replays: Disabled
2025-07-18 08:13:38 - INFO - ==============================
2025-07-18 08:13:38 - INFO - Step 1: Loading existing game data...
2025-07-18 08:13:38 - INFO - Loading existing games data from basil_ladder_games.csv
2025-07-18 08:13:38 - INFO - Loaded 125280 games from existing database.
2025-07-18 08:13:38 - INFO - Step 2: Skipping syncing replay status.
2025-07-18 08:13:38 - INFO - Step 3: Fetching bot ratings...
2025-07-18 08:13:38 - INFO - Fetching master rating list from https://data.basil-ladder.net/stats/ranking.json...
2025-07-18 08:13:39 - INFO - Successfully loaded ratings for 291 bots from JSON.
2025-07-18 08:13:39 - INFO - Step 4: Extracting new games from BASIL ladder...
2025-07-18 08:13:39 - INFO - Fetching latest games from BASIL Ladder (Last 24h)...
2025-07-18 08:13:45 - INFO - Navigating to https://basil.bytekeeper.org/...
2025-07-18 08:13:46 - INFO - Waiting for page to load...
2025-07-18 08:13:46 - INFO - Clicking 'Last 24h' button...
2025-07-18 08:13:50 - INFO - Found 1147 games in the table
2025-07-18 08:14:53 - INFO - Browser closed.
2025-07-18 08:14:53 - INFO - Extracted data for 1147 games from the page.
2025-07-18 08:14:53 - INFO - Step 5: Updating games database with new games...
2025-07-18 08:14:53 - INFO - Attempting to update game database with newly scraped games...
2025-07-18 08:14:53 - INFO - Existing games in database: 125280
2025-07-18 08:14:53 - INFO - New games scraped: 1147
2025-07-18 08:15:33 - INFO - Found and skipped 558 duplicate game(s) already present in the database.
2025-07-18 08:15:33 - INFO - Found 589 new unique games.
2025-07-18 08:15:33 - INFO - Database size: 125280 -> 125869 (+589)
2025-07-18 08:15:33 - INFO - Database saved successfully to basil_ladder_games.csv
2025-07-18 08:15:33 - INFO - Step 6: Skipping replay download.
2025-07-18 08:15:33 - INFO - ==============================
2025-07-18 08:15:33 - INFO - Automated Scrape Task Finished
2025-07-18 08:15:33 - INFO - Outcome: SUCCESS
2025-07-18 08:15:33 - INFO - Total Duration: 115.74 seconds
2025-07-18 08:15:33 - INFO - ==============================
2025-07-18 20:10:44 - INFO - ==============================
2025-07-18 20:10:44 - INFO - Starting Automated Scrape Task
2025-07-18 20:10:44 - INFO - Download replays: Disabled
2025-07-18 20:10:44 - INFO - ==============================
2025-07-18 20:10:44 - INFO - Step 1: Loading existing game data...
2025-07-18 20:10:44 - INFO - Loading existing games data from basil_ladder_games.csv
2025-07-18 20:10:44 - INFO - Loaded 125869 games from existing database.
2025-07-18 20:10:44 - INFO - Step 2: Skipping syncing replay status.
2025-07-18 20:10:44 - INFO - Step 3: Fetching bot ratings...
2025-07-18 20:10:44 - INFO - Fetching master rating list from https://data.basil-ladder.net/stats/ranking.json...
2025-07-18 20:10:45 - INFO - Successfully loaded ratings for 291 bots from JSON.
2025-07-18 20:10:45 - INFO - Step 4: Extracting new games from BASIL ladder...
2025-07-18 20:10:45 - INFO - Fetching latest games from BASIL Ladder (Last 24h)...
2025-07-18 20:10:50 - INFO - Navigating to https://basil.bytekeeper.org/...
2025-07-18 20:10:51 - INFO - Waiting for page to load...
2025-07-18 20:10:51 - INFO - Clicking 'Last 24h' button...
2025-07-18 20:10:54 - INFO - Found 1124 games in the table
2025-07-18 20:11:57 - INFO - Browser closed.
2025-07-18 20:11:57 - INFO - Extracted data for 1124 games from the page.
2025-07-18 20:11:57 - INFO - Step 5: Updating games database with new games...
2025-07-18 20:11:57 - INFO - Attempting to update game database with newly scraped games...
2025-07-18 20:11:57 - INFO - Existing games in database: 125869
2025-07-18 20:11:57 - INFO - New games scraped: 1124
2025-07-18 20:12:36 - INFO - Found and skipped 606 duplicate game(s) already present in the database.
2025-07-18 20:12:36 - INFO - Found 518 new unique games.
2025-07-18 20:12:36 - INFO - Database size: 125869 -> 126387 (+518)
2025-07-18 20:12:37 - INFO - Database saved successfully to basil_ladder_games.csv
2025-07-18 20:12:37 - INFO - Step 6: Skipping replay download.
2025-07-18 20:12:37 - INFO - ==============================
2025-07-18 20:12:37 - INFO - Automated Scrape Task Finished
2025-07-18 20:12:37 - INFO - Outcome: SUCCESS
2025-07-18 20:12:37 - INFO - Total Duration: 113.21 seconds
2025-07-18 20:12:37 - INFO - ==============================
2025-07-19 08:11:54 - INFO - ==============================
2025-07-19 08:11:54 - INFO - Starting Automated Scrape Task
2025-07-19 08:11:54 - INFO - Download replays: Disabled
2025-07-19 08:11:54 - INFO - ==============================
2025-07-19 08:11:54 - INFO - Step 1: Loading existing game data...
2025-07-19 08:11:54 - INFO - Loading existing games data from basil_ladder_games.csv
2025-07-19 08:11:54 - INFO - Loaded 126387 games from existing database.
2025-07-19 08:11:54 - INFO - Step 2: Skipping syncing replay status.
2025-07-19 08:11:54 - INFO - Step 3: Fetching bot ratings...
2025-07-19 08:11:54 - INFO - Fetching master rating list from https://data.basil-ladder.net/stats/ranking.json...
2025-07-19 08:11:55 - INFO - Successfully loaded ratings for 291 bots from JSON.
2025-07-19 08:11:55 - INFO - Step 4: Extracting new games from BASIL ladder...
2025-07-19 08:11:55 - INFO - Fetching latest games from BASIL Ladder (Last 24h)...
2025-07-19 08:12:02 - INFO - Navigating to https://basil.bytekeeper.org/...
2025-07-19 08:12:03 - INFO - Waiting for page to load...
2025-07-19 08:12:03 - INFO - Clicking 'Last 24h' button...
2025-07-19 08:12:07 - INFO - Found 1055 games in the table
2025-07-19 08:13:04 - INFO - Browser closed.
2025-07-19 08:13:04 - INFO - Extracted data for 1055 games from the page.
2025-07-19 08:13:04 - INFO - Step 5: Updating games database with new games...
2025-07-19 08:13:04 - INFO - Attempting to update game database with newly scraped games...
2025-07-19 08:13:04 - INFO - Existing games in database: 126387
2025-07-19 08:13:04 - INFO - New games scraped: 1055
2025-07-19 08:13:41 - INFO - Found and skipped 538 duplicate game(s) already present in the database.
2025-07-19 08:13:41 - INFO - Found 517 new unique games.
2025-07-19 08:13:41 - INFO - Database size: 126387 -> 126904 (+517)
2025-07-19 08:13:42 - INFO - Database saved successfully to basil_ladder_games.csv
2025-07-19 08:13:42 - INFO - Step 6: Skipping replay download.
2025-07-19 08:13:42 - INFO - ==============================
2025-07-19 08:13:42 - INFO - Automated Scrape Task Finished
2025-07-19 08:13:42 - INFO - Outcome: SUCCESS
2025-07-19 08:13:42 - INFO - Total Duration: 107.88 seconds
2025-07-19 08:13:42 - INFO - ==============================
2025-07-19 20:09:53 - INFO - ==============================
2025-07-19 20:09:53 - INFO - Starting Automated Scrape Task
2025-07-19 20:09:53 - INFO - Download replays: Disabled
2025-07-19 20:09:53 - INFO - ==============================
2025-07-19 20:09:53 - INFO - Step 1: Loading existing game data...
2025-07-19 20:09:53 - INFO - Loading existing games data from basil_ladder_games.csv
2025-07-19 20:09:53 - INFO - Loaded 126904 games from existing database.
2025-07-19 20:09:53 - INFO - Step 2: Skipping syncing replay status.
2025-07-19 20:09:53 - INFO - Step 3: Fetching bot ratings...
2025-07-19 20:09:53 - INFO - Fetching master rating list from https://data.basil-ladder.net/stats/ranking.json...
2025-07-19 20:09:54 - INFO - Successfully loaded ratings for 291 bots from JSON.
2025-07-19 20:09:54 - INFO - Step 4: Extracting new games from BASIL ladder...
2025-07-19 20:09:54 - INFO - Fetching latest games from BASIL Ladder (Last 24h)...
2025-07-19 20:10:00 - INFO - Navigating to https://basil.bytekeeper.org/...
2025-07-19 20:10:01 - INFO - Waiting for page to load...
2025-07-19 20:10:01 - INFO - Clicking 'Last 24h' button...
2025-07-19 20:10:05 - INFO - Found 1082 games in the table
2025-07-19 20:11:02 - INFO - Browser closed.
2025-07-19 20:11:02 - INFO - Extracted data for 1082 games from the page.
2025-07-19 20:11:02 - INFO - Step 5: Updating games database with new games...
2025-07-19 20:11:02 - INFO - Attempting to update game database with newly scraped games...
2025-07-19 20:11:02 - INFO - Existing games in database: 126904
2025-07-19 20:11:02 - INFO - New games scraped: 1082
2025-07-19 20:11:41 - INFO - Found and skipped 534 duplicate game(s) already present in the database.
2025-07-19 20:11:41 - INFO - Found 548 new unique games.
2025-07-19 20:11:41 - INFO - Database size: 126904 -> 127452 (+548)
2025-07-19 20:11:42 - INFO - Database saved successfully to basil_ladder_games.csv
2025-07-19 20:11:42 - INFO - Step 6: Skipping replay download.
2025-07-19 20:11:42 - INFO - ==============================
2025-07-19 20:11:42 - INFO - Automated Scrape Task Finished
2025-07-19 20:11:42 - INFO - Outcome: SUCCESS
2025-07-19 20:11:42 - INFO - Total Duration: 108.53 seconds
2025-07-19 20:11:42 - INFO - ==============================
2025-07-20 08:12:06 - INFO - ==============================
2025-07-20 08:12:06 - INFO - Starting Automated Scrape Task
2025-07-20 08:12:06 - INFO - Download replays: Disabled
2025-07-20 08:12:06 - INFO - ==============================
2025-07-20 08:12:06 - INFO - Step 1: Loading existing game data...
2025-07-20 08:12:06 - INFO - Loading existing games data from basil_ladder_games.csv
2025-07-20 08:12:06 - INFO - Loaded 127452 games from existing database.
2025-07-20 08:12:06 - INFO - Step 2: Skipping syncing replay status.
2025-07-20 08:12:06 - INFO - Step 3: Fetching bot ratings...
2025-07-20 08:12:06 - INFO - Fetching master rating list from https://data.basil-ladder.net/stats/ranking.json...
2025-07-20 08:12:07 - INFO - Successfully loaded ratings for 291 bots from JSON.
2025-07-20 08:12:07 - INFO - Step 4: Extracting new games from BASIL ladder...
2025-07-20 08:12:07 - INFO - Fetching latest games from BASIL Ladder (Last 24h)...
2025-07-20 08:12:13 - INFO - Navigating to https://basil.bytekeeper.org/...
2025-07-20 08:12:14 - INFO - Waiting for page to load...
2025-07-20 08:12:14 - INFO - Clicking 'Last 24h' button...
2025-07-20 08:12:18 - INFO - Found 1134 games in the table
2025-07-20 08:13:19 - INFO - Browser closed.
2025-07-20 08:13:19 - INFO - Extracted data for 1134 games from the page.
2025-07-20 08:13:19 - INFO - Step 5: Updating games database with new games...
2025-07-20 08:13:19 - INFO - Attempting to update game database with newly scraped games...
2025-07-20 08:13:19 - INFO - Existing games in database: 127452
2025-07-20 08:13:19 - INFO - New games scraped: 1134
2025-07-20 08:14:00 - INFO - Found and skipped 568 duplicate game(s) already present in the database.
2025-07-20 08:14:00 - INFO - Found 566 new unique games.
2025-07-20 08:14:00 - INFO - Database size: 127452 -> 128018 (+566)
2025-07-20 08:14:01 - INFO - Database saved successfully to basil_ladder_games.csv
2025-07-20 08:14:01 - INFO - Step 6: Skipping replay download.
2025-07-20 08:14:01 - INFO - ==============================
2025-07-20 08:14:01 - INFO - Automated Scrape Task Finished
2025-07-20 08:14:01 - INFO - Outcome: SUCCESS
2025-07-20 08:14:01 - INFO - Total Duration: 114.96 seconds
2025-07-20 08:14:01 - INFO - ==============================
2025-07-20 20:10:01 - INFO - ==============================
2025-07-20 20:10:01 - INFO - Starting Automated Scrape Task
2025-07-20 20:10:01 - INFO - Download replays: Disabled
2025-07-20 20:10:01 - INFO - ==============================
2025-07-20 20:10:01 - INFO - Step 1: Loading existing game data...
2025-07-20 20:10:01 - INFO - Loading existing games data from basil_ladder_games.csv
2025-07-20 20:10:01 - INFO - Loaded 128018 games from existing database.
2025-07-20 20:10:01 - INFO - Step 2: Skipping syncing replay status.
2025-07-20 20:10:01 - INFO - Step 3: Fetching bot ratings...
2025-07-20 20:10:01 - INFO - Fetching master rating list from https://data.basil-ladder.net/stats/ranking.json...
2025-07-20 20:10:02 - INFO - Successfully loaded ratings for 291 bots from JSON.
2025-07-20 20:10:02 - INFO - Step 4: Extracting new games from BASIL ladder...
2025-07-20 20:10:02 - INFO - Fetching latest games from BASIL Ladder (Last 24h)...
2025-07-20 20:10:10 - INFO - Navigating to https://basil.bytekeeper.org/...
2025-07-20 20:10:12 - INFO - Waiting for page to load...
2025-07-20 20:10:12 - INFO - Clicking 'Last 24h' button...
2025-07-20 20:10:15 - INFO - Found 1152 games in the table
2025-07-20 20:11:17 - INFO - Browser closed.
2025-07-20 20:11:17 - INFO - Extracted data for 1152 games from the page.
2025-07-20 20:11:17 - INFO - Step 5: Updating games database with new games...
2025-07-20 20:11:17 - INFO - Attempting to update game database with newly scraped games...
2025-07-20 20:11:17 - INFO - Existing games in database: 128018
2025-07-20 20:11:17 - INFO - New games scraped: 1152
2025-07-20 20:11:58 - INFO - Found and skipped 584 duplicate game(s) already present in the database.
2025-07-20 20:11:58 - INFO - Found 568 new unique games.
2025-07-20 20:11:58 - INFO - Database size: 128018 -> 128586 (+568)
2025-07-20 20:11:59 - INFO - Database saved successfully to basil_ladder_games.csv
2025-07-20 20:11:59 - INFO - Step 6: Skipping replay download.
2025-07-20 20:11:59 - INFO - ==============================
2025-07-20 20:11:59 - INFO - Automated Scrape Task Finished
2025-07-20 20:11:59 - INFO - Outcome: SUCCESS
2025-07-20 20:11:59 - INFO - Total Duration: 118.65 seconds
2025-07-20 20:11:59 - INFO - ==============================
2025-07-21 08:15:37 - INFO - ==============================
2025-07-21 08:15:37 - INFO - Starting Automated Scrape Task
2025-07-21 08:15:37 - INFO - Download replays: Disabled
2025-07-21 08:15:37 - INFO - ==============================
2025-07-21 08:15:37 - INFO - Step 1: Loading existing game data...
2025-07-21 08:15:37 - INFO - Loading existing games data from basil_ladder_games.csv
2025-07-21 08:15:37 - INFO - Loaded 128586 games from existing database.
2025-07-21 08:15:37 - INFO - Step 2: Skipping syncing replay status.
2025-07-21 08:15:37 - INFO - Step 3: Fetching bot ratings...
2025-07-21 08:15:37 - INFO - Fetching master rating list from https://data.basil-ladder.net/stats/ranking.json...
2025-07-21 08:15:38 - INFO - Successfully loaded ratings for 291 bots from JSON.
2025-07-21 08:15:38 - INFO - Step 4: Extracting new games from BASIL ladder...
2025-07-21 08:15:38 - INFO - Fetching latest games from BASIL Ladder (Last 24h)...
2025-07-21 08:15:45 - INFO - Navigating to https://basil.bytekeeper.org/...
2025-07-21 08:15:46 - INFO - Waiting for page to load...
2025-07-21 08:15:46 - INFO - Clicking 'Last 24h' button...
2025-07-21 08:15:49 - INFO - Found 1145 games in the table
2025-07-21 08:16:51 - INFO - Browser closed.
2025-07-21 08:16:51 - INFO - Extracted data for 1145 games from the page.
2025-07-21 08:16:51 - INFO - Step 5: Updating games database with new games...
2025-07-21 08:16:51 - INFO - Attempting to update game database with newly scraped games...
2025-07-21 08:16:51 - INFO - Existing games in database: 128586
2025-07-21 08:16:51 - INFO - New games scraped: 1145
2025-07-21 08:17:33 - INFO - Found and skipped 586 duplicate game(s) already present in the database.
2025-07-21 08:17:33 - INFO - Found 559 new unique games.
2025-07-21 08:17:33 - INFO - Database size: 128586 -> 129145 (+559)
2025-07-21 08:17:33 - INFO - Database saved successfully to basil_ladder_games.csv
2025-07-21 08:17:33 - INFO - Step 6: Skipping replay download.
2025-07-21 08:17:33 - INFO - ==============================
2025-07-21 08:17:33 - INFO - Automated Scrape Task Finished
2025-07-21 08:17:33 - INFO - Outcome: SUCCESS
2025-07-21 08:17:33 - INFO - Total Duration: 116.78 seconds
2025-07-21 08:17:33 - INFO - ==============================
2025-07-21 20:10:52 - INFO - ==============================
2025-07-21 20:10:52 - INFO - Starting Automated Scrape Task
2025-07-21 20:10:52 - INFO - Download replays: Disabled
2025-07-21 20:10:52 - INFO - ==============================
2025-07-21 20:10:52 - INFO - Step 1: Loading existing game data...
2025-07-21 20:10:52 - INFO - Loading existing games data from basil_ladder_games.csv
2025-07-21 20:10:52 - INFO - Loaded 129145 games from existing database.
2025-07-21 20:10:52 - INFO - Step 2: Skipping syncing replay status.
2025-07-21 20:10:52 - INFO - Step 3: Fetching bot ratings...
2025-07-21 20:10:52 - INFO - Fetching master rating list from https://data.basil-ladder.net/stats/ranking.json...
2025-07-21 20:10:53 - INFO - Successfully loaded ratings for 291 bots from JSON.
2025-07-21 20:10:53 - INFO - Step 4: Extracting new games from BASIL ladder...
2025-07-21 20:10:53 - INFO - Fetching latest games from BASIL Ladder (Last 24h)...
2025-07-21 20:11:00 - INFO - Navigating to https://basil.bytekeeper.org/...
2025-07-21 20:11:01 - INFO - Waiting for page to load...
2025-07-21 20:11:01 - INFO - Clicking 'Last 24h' button...
2025-07-21 20:11:04 - INFO - Found 1143 games in the table
2025-07-21 20:12:06 - INFO - Browser closed.
2025-07-21 20:12:06 - INFO - Extracted data for 1143 games from the page.
2025-07-21 20:12:06 - INFO - Step 5: Updating games database with new games...
2025-07-21 20:12:06 - INFO - Attempting to update game database with newly scraped games...
2025-07-21 20:12:06 - INFO - Existing games in database: 129145
2025-07-21 20:12:06 - INFO - New games scraped: 1143
2025-07-21 20:12:48 - INFO - Found and skipped 573 duplicate game(s) already present in the database.
2025-07-21 20:12:48 - INFO - Found 570 new unique games.
2025-07-21 20:12:48 - INFO - Database size: 129145 -> 129715 (+570)
2025-07-21 20:12:48 - INFO - Database saved successfully to basil_ladder_games.csv
2025-07-21 20:12:48 - INFO - Step 6: Skipping replay download.
2025-07-21 20:12:48 - INFO - ==============================
2025-07-21 20:12:48 - INFO - Automated Scrape Task Finished
2025-07-21 20:12:48 - INFO - Outcome: SUCCESS
2025-07-21 20:12:48 - INFO - Total Duration: 116.46 seconds
2025-07-21 20:12:48 - INFO - ==============================
2025-07-22 08:14:29 - INFO - ==============================
2025-07-22 08:14:29 - INFO - Starting Automated Scrape Task
2025-07-22 08:14:29 - INFO - Download replays: Disabled
2025-07-22 08:14:29 - INFO - ==============================
2025-07-22 08:14:29 - INFO - Step 1: Loading existing game data...
2025-07-22 08:14:29 - INFO - Loading existing games data from basil_ladder_games.csv
2025-07-22 08:14:30 - INFO - Loaded 129715 games from existing database.
2025-07-22 08:14:30 - INFO - Step 2: Skipping syncing replay status.
2025-07-22 08:14:30 - INFO - Step 3: Fetching bot ratings...
2025-07-22 08:14:30 - INFO - Fetching master rating list from https://data.basil-ladder.net/stats/ranking.json...
2025-07-22 08:14:31 - INFO - Successfully loaded ratings for 291 bots from JSON.
2025-07-22 08:14:31 - INFO - Step 4: Extracting new games from BASIL ladder...
2025-07-22 08:14:31 - INFO - Fetching latest games from BASIL Ladder (Last 24h)...
2025-07-22 08:14:37 - INFO - Navigating to https://basil.bytekeeper.org/...
2025-07-22 08:14:38 - INFO - Waiting for page to load...
2025-07-22 08:14:38 - INFO - Clicking 'Last 24h' button...
2025-07-22 08:14:42 - INFO - Found 1158 games in the table
2025-07-22 08:15:45 - INFO - Browser closed.
2025-07-22 08:15:45 - INFO - Extracted data for 1158 games from the page.
2025-07-22 08:15:45 - INFO - Step 5: Updating games database with new games...
2025-07-22 08:15:45 - INFO - Attempting to update game database with newly scraped games...
2025-07-22 08:15:45 - INFO - Existing games in database: 129715
2025-07-22 08:15:45 - INFO - New games scraped: 1158
2025-07-22 08:16:27 - INFO - Found and skipped 580 duplicate game(s) already present in the database.
2025-07-22 08:16:27 - INFO - Found 578 new unique games.
2025-07-22 08:16:27 - INFO - Database size: 129715 -> 130293 (+578)
2025-07-22 08:16:27 - INFO - Database saved successfully to basil_ladder_games.csv
2025-07-22 08:16:27 - INFO - Step 6: Skipping replay download.
2025-07-22 08:16:27 - INFO - ==============================
2025-07-22 08:16:27 - INFO - Automated Scrape Task Finished
2025-07-22 08:16:27 - INFO - Outcome: SUCCESS
2025-07-22 08:16:27 - INFO - Total Duration: 118.10 seconds
2025-07-22 08:16:27 - INFO - ==============================
2025-07-22 20:11:12 - INFO - ==============================
2025-07-22 20:11:12 - INFO - Starting Automated Scrape Task
2025-07-22 20:11:12 - INFO - Download replays: Disabled
2025-07-22 20:11:12 - INFO - ==============================
2025-07-22 20:11:12 - INFO - Step 1: Loading existing game data...
2025-07-22 20:11:12 - INFO - Loading existing games data from basil_ladder_games.csv
2025-07-22 20:11:12 - INFO - Loaded 130293 games from existing database.
2025-07-22 20:11:12 - INFO - Step 2: Skipping syncing replay status.
2025-07-22 20:11:12 - INFO - Step 3: Fetching bot ratings...
2025-07-22 20:11:12 - INFO - Fetching master rating list from https://data.basil-ladder.net/stats/ranking.json...
2025-07-22 20:11:13 - INFO - Successfully loaded ratings for 291 bots from JSON.
2025-07-22 20:11:13 - INFO - Step 4: Extracting new games from BASIL ladder...
2025-07-22 20:11:13 - INFO - Fetching latest games from BASIL Ladder (Last 24h)...
2025-07-22 20:11:23 - INFO - Navigating to https://basil.bytekeeper.org/...
2025-07-22 20:11:24 - INFO - Waiting for page to load...
2025-07-22 20:11:25 - INFO - Clicking 'Last 24h' button...
2025-07-22 20:11:28 - INFO - Found 1145 games in the table
2025-07-22 20:12:30 - INFO - Browser closed.
2025-07-22 20:12:30 - INFO - Extracted data for 1145 games from the page.
2025-07-22 20:12:30 - INFO - Step 5: Updating games database with new games...
2025-07-22 20:12:30 - INFO - Attempting to update game database with newly scraped games...
2025-07-22 20:12:30 - INFO - Existing games in database: 130293
2025-07-22 20:12:30 - INFO - New games scraped: 1145
2025-07-22 20:13:12 - INFO - Found and skipped 598 duplicate game(s) already present in the database.
2025-07-22 20:13:12 - INFO - Found 547 new unique games.
2025-07-22 20:13:12 - INFO - Database size: 130293 -> 130840 (+547)
2025-07-22 20:13:13 - INFO - Database saved successfully to basil_ladder_games.csv
2025-07-22 20:13:13 - INFO - Step 6: Skipping replay download.
2025-07-22 20:13:13 - INFO - ==============================
2025-07-22 20:13:13 - INFO - Automated Scrape Task Finished
2025-07-22 20:13:13 - INFO - Outcome: SUCCESS
2025-07-22 20:13:13 - INFO - Total Duration: 120.97 seconds
2025-07-22 20:13:13 - INFO - ==============================
2025-07-23 08:14:01 - INFO - ==============================
2025-07-23 08:14:01 - INFO - Starting Automated Scrape Task
2025-07-23 08:14:01 - INFO - Download replays: Disabled
2025-07-23 08:14:01 - INFO - ==============================
2025-07-23 08:14:01 - INFO - Step 1: Loading existing game data...
2025-07-23 08:14:01 - INFO - Loading existing games data from basil_ladder_games.csv
2025-07-23 08:14:01 - INFO - Loaded 130840 games from existing database.
2025-07-23 08:14:01 - INFO - Step 2: Skipping syncing replay status.
2025-07-23 08:14:01 - INFO - Step 3: Fetching bot ratings...
2025-07-23 08:14:01 - INFO - Fetching master rating list from https://data.basil-ladder.net/stats/ranking.json...
2025-07-23 08:14:02 - INFO - Successfully loaded ratings for 291 bots from JSON.
2025-07-23 08:14:02 - INFO - Step 4: Extracting new games from BASIL ladder...
2025-07-23 08:14:02 - INFO - Fetching latest games from BASIL Ladder (Last 24h)...
2025-07-23 08:14:10 - INFO - Navigating to https://basil.bytekeeper.org/...
2025-07-23 08:14:11 - INFO - Waiting for page to load...
2025-07-23 08:14:11 - INFO - Clicking 'Last 24h' button...
2025-07-23 08:14:15 - INFO - Found 1134 games in the table
2025-07-23 08:15:17 - INFO - Browser closed.
2025-07-23 08:15:17 - INFO - Extracted data for 1134 games from the page.
2025-07-23 08:15:17 - INFO - Step 5: Updating games database with new games...
2025-07-23 08:15:17 - INFO - Attempting to update game database with newly scraped games...
2025-07-23 08:15:17 - INFO - Existing games in database: 130840
2025-07-23 08:15:17 - INFO - New games scraped: 1134
2025-07-23 08:15:58 - INFO - Found and skipped 567 duplicate game(s) already present in the database.
2025-07-23 08:15:58 - INFO - Found 567 new unique games.
2025-07-23 08:15:58 - INFO - Database size: 130840 -> 131407 (+567)
2025-07-23 08:15:59 - INFO - Database saved successfully to basil_ladder_games.csv
2025-07-23 08:15:59 - INFO - Step 6: Skipping replay download.
2025-07-23 08:15:59 - INFO - ==============================
2025-07-23 08:15:59 - INFO - Automated Scrape Task Finished
2025-07-23 08:15:59 - INFO - Outcome: SUCCESS
2025-07-23 08:15:59 - INFO - Total Duration: 118.27 seconds
2025-07-23 08:15:59 - INFO - ==============================
2025-07-23 20:10:56 - INFO - ==============================
2025-07-23 20:10:56 - INFO - Starting Automated Scrape Task
2025-07-23 20:10:56 - INFO - Download replays: Disabled
2025-07-23 20:10:56 - INFO - ==============================
2025-07-23 20:10:56 - INFO - Step 1: Loading existing game data...
2025-07-23 20:10:56 - INFO - Loading existing games data from basil_ladder_games.csv
2025-07-23 20:10:56 - INFO - Loaded 131407 games from existing database.
2025-07-23 20:10:56 - INFO - Step 2: Skipping syncing replay status.
2025-07-23 20:10:56 - INFO - Step 3: Fetching bot ratings...
2025-07-23 20:10:56 - INFO - Fetching master rating list from https://data.basil-ladder.net/stats/ranking.json...
2025-07-23 20:10:56 - INFO - Successfully loaded ratings for 291 bots from JSON.
2025-07-23 20:10:56 - INFO - Step 4: Extracting new games from BASIL ladder...
2025-07-23 20:10:56 - INFO - Fetching latest games from BASIL Ladder (Last 24h)...
2025-07-23 20:11:02 - INFO - Navigating to https://basil.bytekeeper.org/...
2025-07-23 20:11:03 - INFO - Waiting for page to load...
2025-07-23 20:11:03 - INFO - Clicking 'Last 24h' button...
2025-07-23 20:11:07 - INFO - Found 1117 games in the table
2025-07-23 20:12:07 - INFO - Browser closed.
2025-07-23 20:12:07 - INFO - Extracted data for 1117 games from the page.
2025-07-23 20:12:07 - INFO - Step 5: Updating games database with new games...
2025-07-23 20:12:07 - INFO - Attempting to update game database with newly scraped games...
2025-07-23 20:12:07 - INFO - Existing games in database: 131407
2025-07-23 20:12:07 - INFO - New games scraped: 1117
2025-07-23 20:12:49 - INFO - Found and skipped 581 duplicate game(s) already present in the database.
2025-07-23 20:12:49 - INFO - Found 536 new unique games.
2025-07-23 20:12:49 - INFO - Database size: 131407 -> 131943 (+536)
2025-07-23 20:12:50 - INFO - Database saved successfully to basil_ladder_games.csv
2025-07-23 20:12:50 - INFO - Step 6: Skipping replay download.
2025-07-23 20:12:50 - INFO - ==============================
2025-07-23 20:12:50 - INFO - Automated Scrape Task Finished
2025-07-23 20:12:50 - INFO - Outcome: SUCCESS
2025-07-23 20:12:50 - INFO - Total Duration: 114.04 seconds
2025-07-23 20:12:50 - INFO - ==============================
2025-07-24 08:13:53 - INFO - ==============================
2025-07-24 08:13:53 - INFO - Starting Automated Scrape Task
2025-07-24 08:13:53 - INFO - Download replays: Disabled
2025-07-24 08:13:53 - INFO - ==============================
2025-07-24 08:13:53 - INFO - Step 1: Loading existing game data...
2025-07-24 08:13:53 - INFO - Loading existing games data from basil_ladder_games.csv
2025-07-24 08:13:54 - INFO - Loaded 131943 games from existing database.
2025-07-24 08:13:54 - INFO - Step 2: Skipping syncing replay status.
2025-07-24 08:13:54 - INFO - Step 3: Fetching bot ratings...
2025-07-24 08:13:54 - INFO - Fetching master rating list from https://data.basil-ladder.net/stats/ranking.json...
2025-07-24 08:13:54 - INFO - Successfully loaded ratings for 291 bots from JSON.
2025-07-24 08:13:54 - INFO - Step 4: Extracting new games from BASIL ladder...
2025-07-24 08:13:54 - INFO - Fetching latest games from BASIL Ladder (Last 24h)...
2025-07-24 08:14:01 - INFO - Navigating to https://basil.bytekeeper.org/...
2025-07-24 08:14:07 - INFO - Waiting for page to load...
2025-07-24 08:14:07 - INFO - Clicking 'Last 24h' button...
2025-07-24 08:14:10 - INFO - Found 1103 games in the table
2025-07-24 08:15:10 - INFO - Browser closed.
2025-07-24 08:15:10 - INFO - Extracted data for 1103 games from the page.
2025-07-24 08:15:10 - INFO - Step 5: Updating games database with new games...
2025-07-24 08:15:10 - INFO - Attempting to update game database with newly scraped games...
2025-07-24 08:15:10 - INFO - Existing games in database: 131943
2025-07-24 08:15:10 - INFO - New games scraped: 1103
2025-07-24 08:15:51 - INFO - Found and skipped 562 duplicate game(s) already present in the database.
2025-07-24 08:15:51 - INFO - Found 541 new unique games.
2025-07-24 08:15:51 - INFO - Database size: 131943 -> 132484 (+541)
2025-07-24 08:15:52 - INFO - Database saved successfully to basil_ladder_games.csv
2025-07-24 08:15:52 - INFO - Step 6: Skipping replay download.
2025-07-24 08:15:52 - INFO - ==============================
2025-07-24 08:15:52 - INFO - Automated Scrape Task Finished
2025-07-24 08:15:52 - INFO - Outcome: SUCCESS
2025-07-24 08:15:52 - INFO - Total Duration: 118.26 seconds
2025-07-24 08:15:52 - INFO - ==============================
2025-07-24 20:09:20 - INFO - ==============================
2025-07-24 20:09:20 - INFO - Starting Automated Scrape Task
2025-07-24 20:09:20 - INFO - Download replays: Disabled
2025-07-24 20:09:20 - INFO - ==============================
2025-07-24 20:09:20 - INFO - Step 1: Loading existing game data...
2025-07-24 20:09:20 - INFO - Loading existing games data from basil_ladder_games.csv
2025-07-24 20:09:21 - INFO - Loaded 132484 games from existing database.
2025-07-24 20:09:21 - INFO - Step 2: Skipping syncing replay status.
2025-07-24 20:09:21 - INFO - Step 3: Fetching bot ratings...
2025-07-24 20:09:21 - INFO - Fetching master rating list from https://data.basil-ladder.net/stats/ranking.json...
2025-07-24 20:09:22 - INFO - Successfully loaded ratings for 291 bots from JSON.
2025-07-24 20:09:22 - INFO - Step 4: Extracting new games from BASIL ladder...
2025-07-24 20:09:22 - INFO - Fetching latest games from BASIL Ladder (Last 24h)...
2025-07-24 20:09:29 - INFO - Navigating to https://basil.bytekeeper.org/...
2025-07-24 20:09:30 - INFO - Waiting for page to load...
2025-07-24 20:09:31 - INFO - Clicking 'Last 24h' button...
2025-07-24 20:09:34 - INFO - Found 1120 games in the table
2025-07-24 20:10:35 - INFO - Browser closed.
2025-07-24 20:10:35 - INFO - Extracted data for 1120 games from the page.
2025-07-24 20:10:35 - INFO - Step 5: Updating games database with new games...
2025-07-24 20:10:35 - INFO - Attempting to update game database with newly scraped games...
2025-07-24 20:10:35 - INFO - Existing games in database: 132484
2025-07-24 20:10:35 - INFO - New games scraped: 1120
2025-07-24 20:11:16 - INFO - Found and skipped 566 duplicate game(s) already present in the database.
2025-07-24 20:11:16 - INFO - Found 554 new unique games.
2025-07-24 20:11:17 - INFO - Database size: 132484 -> 133038 (+554)
2025-07-24 20:11:17 - INFO - Database saved successfully to basil_ladder_games.csv
2025-07-24 20:11:17 - INFO - Step 6: Skipping replay download.
2025-07-24 20:11:17 - INFO - ==============================
2025-07-24 20:11:17 - INFO - Automated Scrape Task Finished
2025-07-24 20:11:17 - INFO - Outcome: SUCCESS
2025-07-24 20:11:17 - INFO - Total Duration: 116.79 seconds
2025-07-24 20:11:17 - INFO - ==============================
2025-07-25 08:13:43 - INFO - ==============================
2025-07-25 08:13:43 - INFO - Starting Automated Scrape Task
2025-07-25 08:13:43 - INFO - Download replays: Disabled
2025-07-25 08:13:43 - INFO - ==============================
2025-07-25 08:13:43 - INFO - Step 1: Loading existing game data...
2025-07-25 08:13:43 - INFO - Loading existing games data from basil_ladder_games.csv
2025-07-25 08:13:43 - INFO - Loaded 133038 games from existing database.
2025-07-25 08:13:43 - INFO - Step 2: Skipping syncing replay status.
2025-07-25 08:13:43 - INFO - Step 3: Fetching bot ratings...
2025-07-25 08:13:43 - INFO - Fetching master rating list from https://data.basil-ladder.net/stats/ranking.json...
2025-07-25 08:13:44 - INFO - Successfully loaded ratings for 291 bots from JSON.
2025-07-25 08:13:44 - INFO - Step 4: Extracting new games from BASIL ladder...
2025-07-25 08:13:44 - INFO - Fetching latest games from BASIL Ladder (Last 24h)...
2025-07-25 08:13:50 - INFO - Navigating to https://basil.bytekeeper.org/...
2025-07-25 08:13:51 - INFO - Waiting for page to load...
2025-07-25 08:13:51 - INFO - Clicking 'Last 24h' button...
2025-07-25 08:13:54 - INFO - Found 1087 games in the table
2025-07-25 08:15:04 - INFO - Browser closed.
2025-07-25 08:15:04 - INFO - Extracted data for 1087 games from the page.
2025-07-25 08:15:04 - INFO - Step 5: Updating games database with new games...
2025-07-25 08:15:04 - INFO - Attempting to update game database with newly scraped games...
2025-07-25 08:15:04 - INFO - Existing games in database: 133038
2025-07-25 08:15:04 - INFO - New games scraped: 1087
2025-07-25 08:15:44 - INFO - Found and skipped 568 duplicate game(s) already present in the database.
2025-07-25 08:15:44 - INFO - Found 519 new unique games.
2025-07-25 08:15:44 - INFO - Database size: 133038 -> 133557 (+519)
2025-07-25 08:15:45 - INFO - Database saved successfully to basil_ladder_games.csv
2025-07-25 08:15:45 - INFO - Step 6: Skipping replay download.
2025-07-25 08:15:45 - INFO - ==============================
2025-07-25 08:15:45 - INFO - Automated Scrape Task Finished
2025-07-25 08:15:45 - INFO - Outcome: SUCCESS
2025-07-25 08:15:45 - INFO - Total Duration: 122.23 seconds
2025-07-25 08:15:45 - INFO - ==============================
2025-07-25 20:10:31 - INFO - ==============================
2025-07-25 20:10:31 - INFO - Starting Automated Scrape Task
2025-07-25 20:10:31 - INFO - Download replays: Disabled
2025-07-25 20:10:31 - INFO - ==============================
2025-07-25 20:10:31 - INFO - Step 1: Loading existing game data...
2025-07-25 20:10:31 - INFO - Loading existing games data from basil_ladder_games.csv
2025-07-25 20:10:31 - INFO - Loaded 133557 games from existing database.
2025-07-25 20:10:31 - INFO - Step 2: Skipping syncing replay status.
2025-07-25 20:10:31 - INFO - Step 3: Fetching bot ratings...
2025-07-25 20:10:31 - INFO - Fetching master rating list from https://data.basil-ladder.net/stats/ranking.json...
2025-07-25 20:10:32 - INFO - Successfully loaded ratings for 291 bots from JSON.
2025-07-25 20:10:32 - INFO - Step 4: Extracting new games from BASIL ladder...
2025-07-25 20:10:32 - INFO - Fetching latest games from BASIL Ladder (Last 24h)...
2025-07-25 20:10:39 - INFO - Navigating to https://basil.bytekeeper.org/...
2025-07-25 20:10:40 - INFO - Waiting for page to load...
2025-07-25 20:10:40 - INFO - Clicking 'Last 24h' button...
2025-07-25 20:10:44 - INFO - Found 1114 games in the table
2025-07-25 20:11:44 - INFO - Browser closed.
2025-07-25 20:11:44 - INFO - Extracted data for 1114 games from the page.
2025-07-25 20:11:44 - INFO - Step 5: Updating games database with new games...
2025-07-25 20:11:44 - INFO - Attempting to update game database with newly scraped games...
2025-07-25 20:11:44 - INFO - Existing games in database: 133557
2025-07-25 20:11:44 - INFO - New games scraped: 1114
2025-07-25 20:12:26 - INFO - Found and skipped 537 duplicate game(s) already present in the database.
2025-07-25 20:12:26 - INFO - Found 577 new unique games.
2025-07-25 20:12:26 - INFO - Database size: 133557 -> 134134 (+577)
2025-07-25 20:12:27 - INFO - Database saved successfully to basil_ladder_games.csv
2025-07-25 20:12:27 - INFO - Step 6: Skipping replay download.
2025-07-25 20:12:27 - INFO - ==============================
2025-07-25 20:12:27 - INFO - Automated Scrape Task Finished
2025-07-25 20:12:27 - INFO - Outcome: SUCCESS
2025-07-25 20:12:27 - INFO - Total Duration: 115.99 seconds
2025-07-25 20:12:27 - INFO - ==============================
2025-07-26 08:11:44 - INFO - ==============================
2025-07-26 08:11:44 - INFO - Starting Automated Scrape Task
2025-07-26 08:11:44 - INFO - Download replays: Disabled
2025-07-26 08:11:44 - INFO - ==============================
2025-07-26 08:11:44 - INFO - Step 1: Loading existing game data...
2025-07-26 08:11:44 - INFO - Loading existing games data from basil_ladder_games.csv
2025-07-26 08:11:44 - INFO - Loaded 134134 games from existing database.
2025-07-26 08:11:44 - INFO - Step 2: Skipping syncing replay status.
2025-07-26 08:11:44 - INFO - Step 3: Fetching bot ratings...
2025-07-26 08:11:44 - INFO - Fetching master rating list from https://data.basil-ladder.net/stats/ranking.json...
2025-07-26 08:11:45 - INFO - Successfully loaded ratings for 291 bots from JSON.
2025-07-26 08:11:45 - INFO - Step 4: Extracting new games from BASIL ladder...
2025-07-26 08:11:45 - INFO - Fetching latest games from BASIL Ladder (Last 24h)...
2025-07-26 08:11:51 - INFO - Navigating to https://basil.bytekeeper.org/...
2025-07-26 08:11:52 - INFO - Waiting for page to load...
2025-07-26 08:11:52 - INFO - Clicking 'Last 24h' button...
2025-07-26 08:11:55 - INFO - Found 1179 games in the table
2025-07-26 08:13:02 - INFO - Browser closed.
2025-07-26 08:13:02 - INFO - Extracted data for 1179 games from the page.
2025-07-26 08:13:02 - INFO - Step 5: Updating games database with new games...
2025-07-26 08:13:02 - INFO - Attempting to update game database with newly scraped games...
2025-07-26 08:13:02 - INFO - Existing games in database: 134134
2025-07-26 08:13:02 - INFO - New games scraped: 1179
2025-07-26 08:13:46 - INFO - Found and skipped 593 duplicate game(s) already present in the database.
2025-07-26 08:13:46 - INFO - Found 586 new unique games.
2025-07-26 08:13:46 - INFO - Database size: 134134 -> 134720 (+586)
2025-07-26 08:13:47 - INFO - Database saved successfully to basil_ladder_games.csv
2025-07-26 08:13:47 - INFO - Step 6: Skipping replay download.
2025-07-26 08:13:47 - INFO - ==============================
2025-07-26 08:13:47 - INFO - Automated Scrape Task Finished
2025-07-26 08:13:47 - INFO - Outcome: SUCCESS
2025-07-26 08:13:47 - INFO - Total Duration: 123.37 seconds
2025-07-26 08:13:47 - INFO - ==============================
2025-07-26 20:09:24 - INFO - ==============================
2025-07-26 20:09:24 - INFO - Starting Automated Scrape Task
2025-07-26 20:09:24 - INFO - Download replays: Disabled
2025-07-26 20:09:24 - INFO - ==============================
2025-07-26 20:09:24 - INFO - Step 1: Loading existing game data...
2025-07-26 20:09:24 - INFO - Loading existing games data from basil_ladder_games.csv
2025-07-26 20:09:24 - INFO - Loaded 134720 games from existing database.
2025-07-26 20:09:24 - INFO - Step 2: Skipping syncing replay status.
2025-07-26 20:09:24 - INFO - Step 3: Fetching bot ratings...
2025-07-26 20:09:24 - INFO - Fetching master rating list from https://data.basil-ladder.net/stats/ranking.json...
2025-07-26 20:09:24 - INFO - Successfully loaded ratings for 291 bots from JSON.
2025-07-26 20:09:24 - INFO - Step 4: Extracting new games from BASIL ladder...
2025-07-26 20:09:24 - INFO - Fetching latest games from BASIL Ladder (Last 24h)...
2025-07-26 20:09:35 - INFO - Navigating to https://basil.bytekeeper.org/...
2025-07-26 20:09:35 - INFO - Waiting for page to load...
2025-07-26 20:09:35 - INFO - Clicking 'Last 24h' button...
2025-07-26 20:09:39 - INFO - Found 1117 games in the table
2025-07-26 20:10:41 - INFO - Browser closed.
2025-07-26 20:10:41 - INFO - Extracted data for 1117 games from the page.
2025-07-26 20:10:41 - INFO - Step 5: Updating games database with new games...
2025-07-26 20:10:41 - INFO - Attempting to update game database with newly scraped games...
2025-07-26 20:10:41 - INFO - Existing games in database: 134720
2025-07-26 20:10:41 - INFO - New games scraped: 1117
2025-07-26 20:11:24 - INFO - Found and skipped 598 duplicate game(s) already present in the database.
2025-07-26 20:11:24 - INFO - Found 519 new unique games.
2025-07-26 20:11:24 - INFO - Database size: 134720 -> 135239 (+519)
2025-07-26 20:11:25 - INFO - Database saved successfully to basil_ladder_games.csv
2025-07-26 20:11:25 - INFO - Step 6: Skipping replay download.
2025-07-26 20:11:25 - INFO - ==============================
2025-07-26 20:11:25 - INFO - Automated Scrape Task Finished
2025-07-26 20:11:25 - INFO - Outcome: SUCCESS
2025-07-26 20:11:25 - INFO - Total Duration: 121.12 seconds
2025-07-26 20:11:25 - INFO - ==============================
2025-07-27 08:11:57 - INFO - ==============================
2025-07-27 08:11:57 - INFO - Starting Automated Scrape Task
2025-07-27 08:11:57 - INFO - Download replays: Disabled
2025-07-27 08:11:57 - INFO - ==============================
2025-07-27 08:11:57 - INFO - Step 1: Loading existing game data...
2025-07-27 08:11:57 - INFO - Loading existing games data from basil_ladder_games.csv
2025-07-27 08:11:58 - INFO - Loaded 135239 games from existing database.
2025-07-27 08:11:58 - INFO - Step 2: Skipping syncing replay status.
2025-07-27 08:11:58 - INFO - Step 3: Fetching bot ratings...
2025-07-27 08:11:58 - INFO - Fetching master rating list from https://data.basil-ladder.net/stats/ranking.json...
2025-07-27 08:11:58 - INFO - Successfully loaded ratings for 291 bots from JSON.
2025-07-27 08:11:58 - INFO - Step 4: Extracting new games from BASIL ladder...
2025-07-27 08:11:58 - INFO - Fetching latest games from BASIL Ladder (Last 24h)...
2025-07-27 08:12:05 - INFO - Navigating to https://basil.bytekeeper.org/...
2025-07-27 08:12:06 - INFO - Waiting for page to load...
2025-07-27 08:12:06 - INFO - Clicking 'Last 24h' button...
2025-07-27 08:12:09 - INFO - Found 1071 games in the table
2025-07-27 08:13:08 - INFO - Browser closed.
2025-07-27 08:13:08 - INFO - Extracted data for 1071 games from the page.
2025-07-27 08:13:08 - INFO - Step 5: Updating games database with new games...
2025-07-27 08:13:08 - INFO - Attempting to update game database with newly scraped games...
2025-07-27 08:13:08 - INFO - Existing games in database: 135239
2025-07-27 08:13:08 - INFO - New games scraped: 1071
2025-07-27 08:13:49 - INFO - Found and skipped 529 duplicate game(s) already present in the database.
2025-07-27 08:13:49 - INFO - Found 542 new unique games.
2025-07-27 08:13:49 - INFO - Database size: 135239 -> 135781 (+542)
2025-07-27 08:13:49 - INFO - Database saved successfully to basil_ladder_games.csv
2025-07-27 08:13:49 - INFO - Step 6: Skipping replay download.
2025-07-27 08:13:49 - INFO - ==============================
2025-07-27 08:13:49 - INFO - Automated Scrape Task Finished
2025-07-27 08:13:49 - INFO - Outcome: SUCCESS
2025-07-27 08:13:49 - INFO - Total Duration: 112.27 seconds
2025-07-27 08:13:49 - INFO - ==============================
2025-07-27 20:09:54 - INFO - ==============================
2025-07-27 20:09:54 - INFO - Starting Automated Scrape Task
2025-07-27 20:09:54 - INFO - Download replays: Disabled
2025-07-27 20:09:54 - INFO - ==============================
2025-07-27 20:09:54 - INFO - Step 1: Loading existing game data...
2025-07-27 20:09:54 - INFO - Loading existing games data from basil_ladder_games.csv
2025-07-27 20:09:54 - INFO - Loaded 135781 games from existing database.
2025-07-27 20:09:54 - INFO - Step 2: Skipping syncing replay status.
2025-07-27 20:09:54 - INFO - Step 3: Fetching bot ratings...
2025-07-27 20:09:54 - INFO - Fetching master rating list from https://data.basil-ladder.net/stats/ranking.json...
2025-07-27 20:09:55 - INFO - Successfully loaded ratings for 291 bots from JSON.
2025-07-27 20:09:55 - INFO - Step 4: Extracting new games from BASIL ladder...
2025-07-27 20:09:55 - INFO - Fetching latest games from BASIL Ladder (Last 24h)...
2025-07-27 20:10:03 - INFO - Navigating to https://basil.bytekeeper.org/...
2025-07-27 20:10:05 - INFO - Waiting for page to load...
2025-07-27 20:10:05 - INFO - Clicking 'Last 24h' button...
2025-07-27 20:10:08 - INFO - Found 1086 games in the table
2025-07-27 20:11:07 - INFO - Browser closed.
2025-07-27 20:11:07 - INFO - Extracted data for 1086 games from the page.
2025-07-27 20:11:07 - INFO - Step 5: Updating games database with new games...
2025-07-27 20:11:07 - INFO - Attempting to update game database with newly scraped games...
2025-07-27 20:11:07 - INFO - Existing games in database: 135781
2025-07-27 20:11:07 - INFO - New games scraped: 1086
2025-07-27 20:11:48 - INFO - Found and skipped 553 duplicate game(s) already present in the database.
2025-07-27 20:11:48 - INFO - Found 533 new unique games.
2025-07-27 20:11:48 - INFO - Database size: 135781 -> 136314 (+533)
2025-07-27 20:11:49 - INFO - Database saved successfully to basil_ladder_games.csv
2025-07-27 20:11:49 - INFO - Step 6: Skipping replay download.
2025-07-27 20:11:49 - INFO - ==============================
2025-07-27 20:11:49 - INFO - Automated Scrape Task Finished
2025-07-27 20:11:49 - INFO - Outcome: SUCCESS
2025-07-27 20:11:49 - INFO - Total Duration: 114.80 seconds
2025-07-27 20:11:49 - INFO - ==============================
2025-07-28 08:15:38 - INFO - ==============================
2025-07-28 08:15:38 - INFO - Starting Automated Scrape Task
2025-07-28 08:15:38 - INFO - Download replays: Disabled
2025-07-28 08:15:38 - INFO - ==============================
2025-07-28 08:15:38 - INFO - Step 1: Loading existing game data...
2025-07-28 08:15:38 - INFO - Loading existing games data from basil_ladder_games.csv
2025-07-28 08:15:39 - INFO - Loaded 136314 games from existing database.
2025-07-28 08:15:39 - INFO - Step 2: Skipping syncing replay status.
2025-07-28 08:15:39 - INFO - Step 3: Fetching bot ratings...
2025-07-28 08:15:39 - INFO - Fetching master rating list from https://data.basil-ladder.net/stats/ranking.json...
2025-07-28 08:15:39 - INFO - Successfully loaded ratings for 291 bots from JSON.
2025-07-28 08:15:39 - INFO - Step 4: Extracting new games from BASIL ladder...
2025-07-28 08:15:39 - INFO - Fetching latest games from BASIL Ladder (Last 24h)...
2025-07-28 08:15:56 - INFO - Navigating to https://basil.bytekeeper.org/...
2025-07-28 08:15:57 - INFO - Waiting for page to load...
2025-07-28 08:15:57 - INFO - Clicking 'Last 24h' button...
2025-07-28 08:16:01 - INFO - Found 1099 games in the table
2025-07-28 08:17:06 - INFO - Browser closed.
2025-07-28 08:17:06 - INFO - Extracted data for 1099 games from the page.
2025-07-28 08:17:06 - INFO - Step 5: Updating games database with new games...
2025-07-28 08:17:06 - INFO - Attempting to update game database with newly scraped games...
2025-07-28 08:17:06 - INFO - Existing games in database: 136314
2025-07-28 08:17:06 - INFO - New games scraped: 1099
2025-07-28 08:17:49 - INFO - Found and skipped 550 duplicate game(s) already present in the database.
2025-07-28 08:17:49 - INFO - Found 549 new unique games.
2025-07-28 08:17:49 - INFO - Database size: 136314 -> 136863 (+549)
2025-07-28 08:17:50 - INFO - Database saved successfully to basil_ladder_games.csv
2025-07-28 08:17:50 - INFO - Step 6: Skipping replay download.
2025-07-28 08:17:50 - INFO - ==============================
2025-07-28 08:17:50 - INFO - Automated Scrape Task Finished
2025-07-28 08:17:50 - INFO - Outcome: SUCCESS
2025-07-28 08:17:50 - INFO - Total Duration: 131.73 seconds
2025-07-28 08:17:50 - INFO - ==============================
2025-07-28 20:11:05 - INFO - ==============================
2025-07-28 20:11:05 - INFO - Starting Automated Scrape Task
2025-07-28 20:11:05 - INFO - Download replays: Disabled
2025-07-28 20:11:05 - INFO - ==============================
2025-07-28 20:11:05 - INFO - Step 1: Loading existing game data...
2025-07-28 20:11:05 - INFO - Loading existing games data from basil_ladder_games.csv
2025-07-28 20:11:05 - INFO - Loaded 136863 games from existing database.
2025-07-28 20:11:05 - INFO - Step 2: Skipping syncing replay status.
2025-07-28 20:11:05 - INFO - Step 3: Fetching bot ratings...
2025-07-28 20:11:05 - INFO - Fetching master rating list from https://data.basil-ladder.net/stats/ranking.json...
2025-07-28 20:11:06 - INFO - Successfully loaded ratings for 291 bots from JSON.
2025-07-28 20:11:06 - INFO - Step 4: Extracting new games from BASIL ladder...
2025-07-28 20:11:06 - INFO - Fetching latest games from BASIL Ladder (Last 24h)...
2025-07-28 20:11:14 - INFO - Navigating to https://basil.bytekeeper.org/...
2025-07-28 20:11:15 - INFO - Waiting for page to load...
2025-07-28 20:11:15 - INFO - Clicking 'Last 24h' button...
2025-07-28 20:11:19 - INFO - Found 1127 games in the table
2025-07-28 20:12:24 - INFO - Browser closed.
2025-07-28 20:12:24 - INFO - Extracted data for 1127 games from the page.
2025-07-28 20:12:24 - INFO - Step 5: Updating games database with new games...
2025-07-28 20:12:24 - INFO - Attempting to update game database with newly scraped games...
2025-07-28 20:12:24 - INFO - Existing games in database: 136863
2025-07-28 20:12:24 - INFO - New games scraped: 1127
2025-07-28 20:13:07 - INFO - Found and skipped 570 duplicate game(s) already present in the database.
2025-07-28 20:13:07 - INFO - Found 557 new unique games.
2025-07-28 20:13:07 - INFO - Database size: 136863 -> 137420 (+557)
2025-07-28 20:13:08 - INFO - Database saved successfully to basil_ladder_games.csv
2025-07-28 20:13:08 - INFO - Step 6: Skipping replay download.
2025-07-28 20:13:08 - INFO - ==============================
2025-07-28 20:13:08 - INFO - Automated Scrape Task Finished
2025-07-28 20:13:08 - INFO - Outcome: SUCCESS
2025-07-28 20:13:08 - INFO - Total Duration: 123.07 seconds
2025-07-28 20:13:08 - INFO - ==============================
2025-07-29 08:14:33 - INFO - ==============================
2025-07-29 08:14:33 - INFO - Starting Automated Scrape Task
2025-07-29 08:14:33 - INFO - Download replays: Disabled
2025-07-29 08:14:33 - INFO - ==============================
2025-07-29 08:14:33 - INFO - Step 1: Loading existing game data...
2025-07-29 08:14:33 - INFO - Loading existing games data from basil_ladder_games.csv
2025-07-29 08:14:33 - INFO - Loaded 137420 games from existing database.
2025-07-29 08:14:33 - INFO - Step 2: Skipping syncing replay status.
2025-07-29 08:14:33 - INFO - Step 3: Fetching bot ratings...
2025-07-29 08:14:33 - INFO - Fetching master rating list from https://data.basil-ladder.net/stats/ranking.json...
2025-07-29 08:14:34 - INFO - Successfully loaded ratings for 291 bots from JSON.
2025-07-29 08:14:34 - INFO - Step 4: Extracting new games from BASIL ladder...
2025-07-29 08:14:34 - INFO - Fetching latest games from BASIL Ladder (Last 24h)...
2025-07-29 08:14:40 - INFO - Navigating to https://basil.bytekeeper.org/...
2025-07-29 08:14:41 - INFO - Waiting for page to load...
2025-07-29 08:14:41 - INFO - Clicking 'Last 24h' button...
2025-07-29 08:14:44 - INFO - Found 1120 games in the table
2025-07-29 08:15:45 - INFO - Browser closed.
2025-07-29 08:15:45 - INFO - Extracted data for 1120 games from the page.
2025-07-29 08:15:45 - INFO - Step 5: Updating games database with new games...
2025-07-29 08:15:45 - INFO - Attempting to update game database with newly scraped games...
2025-07-29 08:15:45 - INFO - Existing games in database: 137420
2025-07-29 08:15:45 - INFO - New games scraped: 1120
2025-07-29 08:16:28 - INFO - Found and skipped 575 duplicate game(s) already present in the database.
2025-07-29 08:16:28 - INFO - Found 545 new unique games.
2025-07-29 08:16:28 - INFO - Database size: 137420 -> 137965 (+545)
2025-07-29 08:16:29 - INFO - Database saved successfully to basil_ladder_games.csv
2025-07-29 08:16:29 - INFO - Step 6: Skipping replay download.
2025-07-29 08:16:29 - INFO - ==============================
2025-07-29 08:16:29 - INFO - Automated Scrape Task Finished
2025-07-29 08:16:29 - INFO - Outcome: SUCCESS
2025-07-29 08:16:29 - INFO - Total Duration: 116.29 seconds
2025-07-29 08:16:29 - INFO - ==============================
2025-07-29 20:11:14 - INFO - ==============================
2025-07-29 20:11:14 - INFO - Starting Automated Scrape Task
2025-07-29 20:11:14 - INFO - Download replays: Disabled
2025-07-29 20:11:14 - INFO - ==============================
2025-07-29 20:11:14 - INFO - Step 1: Loading existing game data...
2025-07-29 20:11:14 - INFO - Loading existing games data from basil_ladder_games.csv
2025-07-29 20:11:14 - INFO - Loaded 137965 games from existing database.
2025-07-29 20:11:14 - INFO - Step 2: Skipping syncing replay status.
2025-07-29 20:11:14 - INFO - Step 3: Fetching bot ratings...
2025-07-29 20:11:14 - INFO - Fetching master rating list from https://data.basil-ladder.net/stats/ranking.json...
2025-07-29 20:11:16 - INFO - Successfully loaded ratings for 291 bots from JSON.
2025-07-29 20:11:16 - INFO - Step 4: Extracting new games from BASIL ladder...
2025-07-29 20:11:16 - INFO - Fetching latest games from BASIL Ladder (Last 24h)...
2025-07-29 20:11:28 - INFO - Navigating to https://basil.bytekeeper.org/...
2025-07-29 20:11:29 - INFO - Waiting for page to load...
2025-07-29 20:11:29 - INFO - Clicking 'Last 24h' button...
2025-07-29 20:11:33 - INFO - Found 1115 games in the table
2025-07-29 20:12:37 - INFO - Browser closed.
2025-07-29 20:12:37 - INFO - Extracted data for 1115 games from the page.
2025-07-29 20:12:37 - INFO - Step 5: Updating games database with new games...
2025-07-29 20:12:37 - INFO - Attempting to update game database with newly scraped games...
2025-07-29 20:12:37 - INFO - Existing games in database: 137965
2025-07-29 20:12:37 - INFO - New games scraped: 1115
2025-07-29 20:13:20 - INFO - Found and skipped 561 duplicate game(s) already present in the database.
2025-07-29 20:13:20 - INFO - Found 554 new unique games.
2025-07-29 20:13:20 - INFO - Database size: 137965 -> 138519 (+554)
2025-07-29 20:13:21 - INFO - Database saved successfully to basil_ladder_games.csv
2025-07-29 20:13:21 - INFO - Step 6: Skipping replay download.
2025-07-29 20:13:21 - INFO - ==============================
2025-07-29 20:13:21 - INFO - Automated Scrape Task Finished
2025-07-29 20:13:21 - INFO - Outcome: SUCCESS
2025-07-29 20:13:21 - INFO - Total Duration: 127.06 seconds
2025-07-29 20:13:21 - INFO - ==============================
2025-07-30 08:14:26 - INFO - ==============================
2025-07-30 08:14:26 - INFO - Starting Automated Scrape Task
2025-07-30 08:14:26 - INFO - Download replays: Disabled
2025-07-30 08:14:26 - INFO - ==============================
2025-07-30 08:14:26 - INFO - Step 1: Loading existing game data...
2025-07-30 08:14:26 - INFO - Loading existing games data from basil_ladder_games.csv
2025-07-30 08:14:26 - INFO - Loaded 138519 games from existing database.
2025-07-30 08:14:26 - INFO - Step 2: Skipping syncing replay status.
2025-07-30 08:14:26 - INFO - Step 3: Fetching bot ratings...
2025-07-30 08:14:26 - INFO - Fetching master rating list from https://data.basil-ladder.net/stats/ranking.json...
2025-07-30 08:14:27 - INFO - Successfully loaded ratings for 291 bots from JSON.
2025-07-30 08:14:27 - INFO - Step 4: Extracting new games from BASIL ladder...
2025-07-30 08:14:27 - INFO - Fetching latest games from BASIL Ladder (Last 24h)...
2025-07-30 08:14:34 - INFO - Navigating to https://basil.bytekeeper.org/...
2025-07-30 08:14:35 - INFO - Waiting for page to load...
2025-07-30 08:14:35 - INFO - Clicking 'Last 24h' button...
2025-07-30 08:14:39 - INFO - Found 1117 games in the table
2025-07-30 08:15:39 - INFO - Browser closed.
2025-07-30 08:15:39 - INFO - Extracted data for 1117 games from the page.
2025-07-30 08:15:39 - INFO - Step 5: Updating games database with new games...
2025-07-30 08:15:39 - INFO - Attempting to update game database with newly scraped games...
2025-07-30 08:15:39 - INFO - Existing games in database: 138519
2025-07-30 08:15:39 - INFO - New games scraped: 1117
2025-07-30 08:16:22 - INFO - Found and skipped 571 duplicate game(s) already present in the database.
2025-07-30 08:16:22 - INFO - Found 546 new unique games.
2025-07-30 08:16:22 - INFO - Database size: 138519 -> 139065 (+546)
2025-07-30 08:16:23 - INFO - Database saved successfully to basil_ladder_games.csv
2025-07-30 08:16:23 - INFO - Step 6: Skipping replay download.
2025-07-30 08:16:23 - INFO - ==============================
2025-07-30 08:16:23 - INFO - Automated Scrape Task Finished
2025-07-30 08:16:23 - INFO - Outcome: SUCCESS
2025-07-30 08:16:23 - INFO - Total Duration: 116.60 seconds
2025-07-30 08:16:23 - INFO - ==============================
2025-07-30 20:09:51 - INFO - ==============================
2025-07-30 20:09:51 - INFO - Starting Automated Scrape Task
2025-07-30 20:09:51 - INFO - Download replays: Disabled
2025-07-30 20:09:51 - INFO - ==============================
2025-07-30 20:09:51 - INFO - Step 1: Loading existing game data...
2025-07-30 20:09:51 - INFO - Loading existing games data from basil_ladder_games.csv
2025-07-30 20:09:52 - INFO - Loaded 139065 games from existing database.
2025-07-30 20:09:52 - INFO - Step 2: Skipping syncing replay status.
2025-07-30 20:09:52 - INFO - Step 3: Fetching bot ratings...
2025-07-30 20:09:52 - INFO - Fetching master rating list from https://data.basil-ladder.net/stats/ranking.json...
2025-07-30 20:09:52 - INFO - Successfully loaded ratings for 291 bots from JSON.
2025-07-30 20:09:52 - INFO - Step 4: Extracting new games from BASIL ladder...
2025-07-30 20:09:52 - INFO - Fetching latest games from BASIL Ladder (Last 24h)...
2025-07-30 20:10:10 - INFO - Navigating to https://basil.bytekeeper.org/...
2025-07-30 20:10:12 - INFO - Waiting for page to load...
2025-07-30 20:10:12 - INFO - Clicking 'Last 24h' button...
2025-07-30 20:10:15 - INFO - Found 1104 games in the table
2025-07-30 20:11:17 - INFO - Browser closed.
2025-07-30 20:11:17 - INFO - Extracted data for 1104 games from the page.
2025-07-30 20:11:17 - INFO - Step 5: Updating games database with new games...
2025-07-30 20:11:17 - INFO - Attempting to update game database with newly scraped games...
2025-07-30 20:11:17 - INFO - Existing games in database: 139065
2025-07-30 20:11:17 - INFO - New games scraped: 1104
2025-07-30 20:12:00 - INFO - Found and skipped 561 duplicate game(s) already present in the database.
2025-07-30 20:12:00 - INFO - Found 543 new unique games.
2025-07-30 20:12:00 - INFO - Database size: 139065 -> 139608 (+543)
2025-07-30 20:12:01 - INFO - Database saved successfully to basil_ladder_games.csv
2025-07-30 20:12:01 - INFO - Step 6: Skipping replay download.
2025-07-30 20:12:01 - INFO - ==============================
2025-07-30 20:12:01 - INFO - Automated Scrape Task Finished
2025-07-30 20:12:01 - INFO - Outcome: SUCCESS
2025-07-30 20:12:01 - INFO - Total Duration: 129.34 seconds
2025-07-30 20:12:01 - INFO - ==============================
2025-07-31 08:14:47 - INFO - ==============================
2025-07-31 08:14:47 - INFO - Starting Automated Scrape Task
2025-07-31 08:14:47 - INFO - Download replays: Disabled
2025-07-31 08:14:47 - INFO - ==============================
2025-07-31 08:14:47 - INFO - Step 1: Loading existing game data...
2025-07-31 08:14:47 - INFO - Loading existing games data from basil_ladder_games.csv
2025-07-31 08:14:48 - INFO - Loaded 139608 games from existing database.
2025-07-31 08:14:48 - INFO - Step 2: Skipping syncing replay status.
2025-07-31 08:14:48 - INFO - Step 3: Fetching bot ratings...
2025-07-31 08:14:48 - INFO - Fetching master rating list from https://data.basil-ladder.net/stats/ranking.json...
2025-07-31 08:14:48 - INFO - Successfully loaded ratings for 291 bots from JSON.
2025-07-31 08:14:48 - INFO - Step 4: Extracting new games from BASIL ladder...
2025-07-31 08:14:48 - INFO - Fetching latest games from BASIL Ladder (Last 24h)...
2025-07-31 08:14:53 - INFO - Navigating to https://basil.bytekeeper.org/...
2025-07-31 08:14:54 - INFO - Waiting for page to load...
2025-07-31 08:14:54 - INFO - Clicking 'Last 24h' button...
2025-07-31 08:14:58 - INFO - Found 1129 games in the table
2025-07-31 08:16:00 - INFO - Browser closed.
2025-07-31 08:16:00 - INFO - Extracted data for 1129 games from the page.
2025-07-31 08:16:00 - INFO - Step 5: Updating games database with new games...
2025-07-31 08:16:00 - INFO - Attempting to update game database with newly scraped games...
2025-07-31 08:16:00 - INFO - Existing games in database: 139608
2025-07-31 08:16:00 - INFO - New games scraped: 1129
2025-07-31 08:16:44 - INFO - Found and skipped 559 duplicate game(s) already present in the database.
2025-07-31 08:16:44 - INFO - Found 570 new unique games.
2025-07-31 08:16:44 - INFO - Database size: 139608 -> 140178 (+570)
2025-07-31 08:16:45 - INFO - Database saved successfully to basil_ladder_games.csv
2025-07-31 08:16:45 - INFO - Step 6: Skipping replay download.
2025-07-31 08:16:45 - INFO - ==============================
2025-07-31 08:16:45 - INFO - Automated Scrape Task Finished
2025-07-31 08:16:45 - INFO - Outcome: SUCCESS
2025-07-31 08:16:45 - INFO - Total Duration: 117.87 seconds
2025-07-31 08:16:45 - INFO - ==============================
2025-07-31 20:10:52 - INFO - ==============================
2025-07-31 20:10:52 - INFO - Starting Automated Scrape Task
2025-07-31 20:10:52 - INFO - Download replays: Disabled
2025-07-31 20:10:52 - INFO - ==============================
2025-07-31 20:10:52 - INFO - Step 1: Loading existing game data...
2025-07-31 20:10:52 - INFO - Loading existing games data from basil_ladder_games.csv
2025-07-31 20:10:52 - INFO - Loaded 140178 games from existing database.
2025-07-31 20:10:52 - INFO - Step 2: Skipping syncing replay status.
2025-07-31 20:10:52 - INFO - Step 3: Fetching bot ratings...
2025-07-31 20:10:52 - INFO - Fetching master rating list from https://data.basil-ladder.net/stats/ranking.json...
2025-07-31 20:10:53 - INFO - Successfully loaded ratings for 291 bots from JSON.
2025-07-31 20:10:53 - INFO - Step 4: Extracting new games from BASIL ladder...
2025-07-31 20:10:53 - INFO - Fetching latest games from BASIL Ladder (Last 24h)...
2025-07-31 20:10:55 - INFO - Navigating to https://basil.bytekeeper.org/...
2025-07-31 20:10:55 - INFO - Waiting for page to load...
2025-07-31 20:10:55 - INFO - Clicking 'Last 24h' button...
2025-07-31 20:10:59 - INFO - Found 1131 games in the table
2025-07-31 20:12:01 - INFO - Browser closed.
2025-07-31 20:12:01 - INFO - Extracted data for 1131 games from the page.
2025-07-31 20:12:01 - INFO - Step 5: Updating games database with new games...
2025-07-31 20:12:01 - INFO - Attempting to update game database with newly scraped games...
2025-07-31 20:12:01 - INFO - Existing games in database: 140178
2025-07-31 20:12:01 - INFO - New games scraped: 1131
2025-07-31 20:12:46 - INFO - Found and skipped 586 duplicate game(s) already present in the database.
2025-07-31 20:12:46 - INFO - Found 545 new unique games.
2025-07-31 20:12:46 - INFO - Database size: 140178 -> 140723 (+545)
2025-07-31 20:12:47 - INFO - Database saved successfully to basil_ladder_games.csv
2025-07-31 20:12:47 - INFO - Step 6: Skipping replay download.
2025-07-31 20:12:47 - INFO - ==============================
2025-07-31 20:12:47 - INFO - Automated Scrape Task Finished
2025-07-31 20:12:47 - INFO - Outcome: SUCCESS
2025-07-31 20:12:47 - INFO - Total Duration: 114.56 seconds
2025-07-31 20:12:47 - INFO - ==============================
2025-08-01 08:14:14 - INFO - ==============================
2025-08-01 08:14:14 - INFO - Starting Automated Scrape Task
2025-08-01 08:14:14 - INFO - Download replays: Disabled
2025-08-01 08:14:14 - INFO - ==============================
2025-08-01 08:14:14 - INFO - Step 1: Loading existing game data...
2025-08-01 08:14:14 - INFO - Loading existing games data from basil_ladder_games.csv
2025-08-01 08:14:14 - INFO - Loaded 140723 games from existing database.
2025-08-01 08:14:14 - INFO - Step 2: Skipping syncing replay status.
2025-08-01 08:14:14 - INFO - Step 3: Fetching bot ratings...
2025-08-01 08:14:14 - INFO - Fetching master rating list from https://data.basil-ladder.net/stats/ranking.json...
2025-08-01 08:14:15 - INFO - Successfully loaded ratings for 291 bots from JSON.
2025-08-01 08:14:15 - INFO - Step 4: Extracting new games from BASIL ladder...
2025-08-01 08:14:15 - INFO - Fetching latest games from BASIL Ladder (Last 24h)...
2025-08-01 08:14:22 - INFO - Navigating to https://basil.bytekeeper.org/...
2025-08-01 08:14:22 - INFO - Waiting for page to load...
2025-08-01 08:14:23 - INFO - Clicking 'Last 24h' button...
2025-08-01 08:14:26 - INFO - Found 1135 games in the table
2025-08-01 08:15:30 - INFO - Browser closed.
2025-08-01 08:15:30 - INFO - Extracted data for 1135 games from the page.
2025-08-01 08:15:30 - INFO - Step 5: Updating games database with new games...
2025-08-01 08:15:30 - INFO - Attempting to update game database with newly scraped games...
2025-08-01 08:15:30 - INFO - Existing games in database: 140723
2025-08-01 08:15:30 - INFO - New games scraped: 1135
2025-08-01 08:16:14 - INFO - Found and skipped 561 duplicate game(s) already present in the database.
2025-08-01 08:16:14 - INFO - Found 574 new unique games.
2025-08-01 08:16:14 - INFO - Database size: 140723 -> 141297 (+574)
2025-08-01 08:16:15 - INFO - Database saved successfully to basil_ladder_games.csv
2025-08-01 08:16:15 - INFO - Step 6: Skipping replay download.
2025-08-01 08:16:15 - INFO - ==============================
2025-08-01 08:16:15 - INFO - Automated Scrape Task Finished
2025-08-01 08:16:15 - INFO - Outcome: SUCCESS
2025-08-01 08:16:15 - INFO - Total Duration: 120.87 seconds
2025-08-01 08:16:15 - INFO - ==============================
2025-08-01 20:10:31 - INFO - ==============================
2025-08-01 20:10:31 - INFO - Starting Automated Scrape Task
2025-08-01 20:10:31 - INFO - Download replays: Disabled
2025-08-01 20:10:31 - INFO - ==============================
2025-08-01 20:10:31 - INFO - Step 1: Loading existing game data...
2025-08-01 20:10:31 - INFO - Loading existing games data from basil_ladder_games.csv
2025-08-01 20:10:31 - INFO - Loaded 141297 games from existing database.
2025-08-01 20:10:31 - INFO - Step 2: Skipping syncing replay status.
2025-08-01 20:10:31 - INFO - Step 3: Fetching bot ratings...
2025-08-01 20:10:31 - INFO - Fetching master rating list from https://data.basil-ladder.net/stats/ranking.json...
2025-08-01 20:10:32 - INFO - Successfully loaded ratings for 291 bots from JSON.
2025-08-01 20:10:32 - INFO - Step 4: Extracting new games from BASIL ladder...
2025-08-01 20:10:32 - INFO - Fetching latest games from BASIL Ladder (Last 24h)...
2025-08-01 20:10:54 - INFO - Navigating to https://basil.bytekeeper.org/...
2025-08-01 20:10:57 - INFO - Waiting for page to load...
2025-08-01 20:10:57 - INFO - Clicking 'Last 24h' button...
2025-08-01 20:11:01 - INFO - Found 1161 games in the table
2025-08-01 20:12:06 - INFO - Browser closed.
2025-08-01 20:12:06 - INFO - Extracted data for 1161 games from the page.
2025-08-01 20:12:06 - INFO - Step 5: Updating games database with new games...
2025-08-01 20:12:06 - INFO - Attempting to update game database with newly scraped games...
2025-08-01 20:12:06 - INFO - Existing games in database: 141297
2025-08-01 20:12:06 - INFO - New games scraped: 1161
2025-08-01 20:12:52 - INFO - Found and skipped 593 duplicate game(s) already present in the database.
2025-08-01 20:12:52 - INFO - Found 568 new unique games.
2025-08-01 20:12:52 - INFO - Database size: 141297 -> 141865 (+568)
2025-08-01 20:12:53 - INFO - Database saved successfully to basil_ladder_games.csv
2025-08-01 20:12:53 - INFO - Step 6: Skipping replay download.
2025-08-01 20:12:53 - INFO - ==============================
2025-08-01 20:12:53 - INFO - Automated Scrape Task Finished
2025-08-01 20:12:53 - INFO - Outcome: SUCCESS
2025-08-01 20:12:53 - INFO - Total Duration: 141.60 seconds
2025-08-01 20:12:53 - INFO - ==============================
2025-08-02 08:12:02 - INFO - ==============================
2025-08-02 08:12:02 - INFO - Starting Automated Scrape Task
2025-08-02 08:12:02 - INFO - Download replays: Disabled
2025-08-02 08:12:02 - INFO - ==============================
2025-08-02 08:12:02 - INFO - Step 1: Loading existing game data...
2025-08-02 08:12:02 - INFO - Loading existing games data from basil_ladder_games.csv
2025-08-02 08:12:03 - INFO - Loaded 141865 games from existing database.
2025-08-02 08:12:03 - INFO - Step 2: Skipping syncing replay status.
2025-08-02 08:12:03 - INFO - Step 3: Fetching bot ratings...
2025-08-02 08:12:03 - INFO - Fetching master rating list from https://data.basil-ladder.net/stats/ranking.json...
2025-08-02 08:12:04 - INFO - Successfully loaded ratings for 291 bots from JSON.
2025-08-02 08:12:04 - INFO - Step 4: Extracting new games from BASIL ladder...
2025-08-02 08:12:04 - INFO - Fetching latest games from BASIL Ladder (Last 24h)...
2025-08-02 08:12:09 - INFO - Navigating to https://basil.bytekeeper.org/...
2025-08-02 08:12:10 - INFO - Waiting for page to load...
2025-08-02 08:12:10 - INFO - Clicking 'Last 24h' button...
2025-08-02 08:12:14 - INFO - Found 1126 games in the table
2025-08-02 08:13:15 - INFO - Browser closed.
2025-08-02 08:13:15 - INFO - Extracted data for 1126 games from the page.
2025-08-02 08:13:15 - INFO - Step 5: Updating games database with new games...
2025-08-02 08:13:15 - INFO - Attempting to update game database with newly scraped games...
2025-08-02 08:13:15 - INFO - Existing games in database: 141865
2025-08-02 08:13:15 - INFO - New games scraped: 1126
2025-08-02 08:14:00 - INFO - Found and skipped 586 duplicate game(s) already present in the database.
2025-08-02 08:14:00 - INFO - Found 540 new unique games.
2025-08-02 08:14:00 - INFO - Database size: 141865 -> 142405 (+540)
2025-08-02 08:14:01 - INFO - Database saved successfully to basil_ladder_games.csv
2025-08-02 08:14:01 - INFO - Step 6: Skipping replay download.
2025-08-02 08:14:01 - INFO - ==============================
2025-08-02 08:14:01 - INFO - Automated Scrape Task Finished
2025-08-02 08:14:01 - INFO - Outcome: SUCCESS
2025-08-02 08:14:01 - INFO - Total Duration: 118.20 seconds
2025-08-02 08:14:01 - INFO - ==============================
2025-08-02 20:09:33 - INFO - ==============================
2025-08-02 20:09:33 - INFO - Starting Automated Scrape Task
2025-08-02 20:09:33 - INFO - Download replays: Disabled
2025-08-02 20:09:33 - INFO - ==============================
2025-08-02 20:09:33 - INFO - Step 1: Loading existing game data...
2025-08-02 20:09:33 - INFO - Loading existing games data from basil_ladder_games.csv
2025-08-02 20:09:34 - INFO - Loaded 142405 games from existing database.
2025-08-02 20:09:34 - INFO - Step 2: Skipping syncing replay status.
2025-08-02 20:09:34 - INFO - Step 3: Fetching bot ratings...
2025-08-02 20:09:34 - INFO - Fetching master rating list from https://data.basil-ladder.net/stats/ranking.json...
2025-08-02 20:09:34 - INFO - Successfully loaded ratings for 291 bots from JSON.
2025-08-02 20:09:34 - INFO - Step 4: Extracting new games from BASIL ladder...
2025-08-02 20:09:34 - INFO - Fetching latest games from BASIL Ladder (Last 24h)...
2025-08-02 20:09:43 - INFO - Navigating to https://basil.bytekeeper.org/...
2025-08-02 20:09:44 - INFO - Waiting for page to load...
2025-08-02 20:09:44 - INFO - Clicking 'Last 24h' button...
2025-08-02 20:09:47 - INFO - Found 1122 games in the table
2025-08-02 20:10:48 - INFO - Browser closed.
2025-08-02 20:10:48 - INFO - Extracted data for 1122 games from the page.
2025-08-02 20:10:48 - INFO - Step 5: Updating games database with new games...
2025-08-02 20:10:48 - INFO - Attempting to update game database with newly scraped games...
2025-08-02 20:10:48 - INFO - Existing games in database: 142405
2025-08-02 20:10:48 - INFO - New games scraped: 1122
2025-08-02 20:11:33 - INFO - Found and skipped 556 duplicate game(s) already present in the database.
2025-08-02 20:11:33 - INFO - Found 566 new unique games.
2025-08-02 20:11:33 - INFO - Database size: 142405 -> 142971 (+566)
2025-08-02 20:11:34 - INFO - Database saved successfully to basil_ladder_games.csv
2025-08-02 20:11:34 - INFO - Step 6: Skipping replay download.
2025-08-02 20:11:34 - INFO - ==============================
2025-08-02 20:11:34 - INFO - Automated Scrape Task Finished
2025-08-02 20:11:34 - INFO - Outcome: SUCCESS
2025-08-02 20:11:34 - INFO - Total Duration: 120.18 seconds
2025-08-02 20:11:34 - INFO - ==============================
2025-08-03 08:12:21 - INFO - ==============================
2025-08-03 08:12:21 - INFO - Starting Automated Scrape Task
2025-08-03 08:12:21 - INFO - Download replays: Disabled
2025-08-03 08:12:21 - INFO - ==============================
2025-08-03 08:12:21 - INFO - Step 1: Loading existing game data...
2025-08-03 08:12:21 - INFO - Loading existing games data from basil_ladder_games.csv
2025-08-03 08:12:22 - INFO - Loaded 142971 games from existing database.
2025-08-03 08:12:22 - INFO - Step 2: Skipping syncing replay status.
2025-08-03 08:12:22 - INFO - Step 3: Fetching bot ratings...
2025-08-03 08:12:22 - INFO - Fetching master rating list from https://data.basil-ladder.net/stats/ranking.json...
2025-08-03 08:12:22 - INFO - Successfully loaded ratings for 291 bots from JSON.
2025-08-03 08:12:22 - INFO - Step 4: Extracting new games from BASIL ladder...
2025-08-03 08:12:22 - INFO - Fetching latest games from BASIL Ladder (Last 24h)...
2025-08-03 08:12:49 - INFO - Navigating to https://basil.bytekeeper.org/...
2025-08-03 08:12:52 - INFO - Waiting for page to load...
2025-08-03 08:12:52 - INFO - Clicking 'Last 24h' button...
2025-08-03 08:12:56 - INFO - Found 1119 games in the table
2025-08-03 08:13:58 - INFO - Browser closed.
2025-08-03 08:13:58 - INFO - Extracted data for 1119 games from the page.
2025-08-03 08:13:58 - INFO - Step 5: Updating games database with new games...
2025-08-03 08:13:58 - INFO - Attempting to update game database with newly scraped games...
2025-08-03 08:13:58 - INFO - Existing games in database: 142971
2025-08-03 08:13:58 - INFO - New games scraped: 1119
2025-08-03 08:14:43 - INFO - Found and skipped 585 duplicate game(s) already present in the database.
2025-08-03 08:14:43 - INFO - Found 534 new unique games.
2025-08-03 08:14:43 - INFO - Database size: 142971 -> 143505 (+534)
2025-08-03 08:14:44 - INFO - Database saved successfully to basil_ladder_games.csv
2025-08-03 08:14:44 - INFO - Step 6: Skipping replay download.
2025-08-03 08:14:44 - INFO - ==============================
2025-08-03 08:14:44 - INFO - Automated Scrape Task Finished
2025-08-03 08:14:44 - INFO - Outcome: SUCCESS
2025-08-03 08:14:44 - INFO - Total Duration: 142.37 seconds
2025-08-03 08:14:44 - INFO - ==============================
2025-08-03 20:10:07 - INFO - ==============================
2025-08-03 20:10:07 - INFO - Starting Automated Scrape Task
2025-08-03 20:10:07 - INFO - Download replays: Disabled
2025-08-03 20:10:07 - INFO - ==============================
2025-08-03 20:10:07 - INFO - Step 1: Loading existing game data...
2025-08-03 20:10:07 - INFO - Loading existing games data from basil_ladder_games.csv
2025-08-03 20:10:08 - INFO - Loaded 143505 games from existing database.
2025-08-03 20:10:08 - INFO - Step 2: Skipping syncing replay status.
2025-08-03 20:10:08 - INFO - Step 3: Fetching bot ratings...
2025-08-03 20:10:08 - INFO - Fetching master rating list from https://data.basil-ladder.net/stats/ranking.json...
2025-08-03 20:10:08 - INFO - Successfully loaded ratings for 291 bots from JSON.
2025-08-03 20:10:08 - INFO - Step 4: Extracting new games from BASIL ladder...
2025-08-03 20:10:08 - INFO - Fetching latest games from BASIL Ladder (Last 24h)...
2025-08-03 20:10:14 - INFO - Navigating to https://basil.bytekeeper.org/...
2025-08-03 20:10:15 - INFO - Waiting for page to load...
2025-08-03 20:10:15 - INFO - Clicking 'Last 24h' button...
2025-08-03 20:10:18 - INFO - Found 1141 games in the table
2025-08-03 20:11:19 - INFO - Browser closed.
2025-08-03 20:11:19 - INFO - Extracted data for 1141 games from the page.
2025-08-03 20:11:19 - INFO - Step 5: Updating games database with new games...
2025-08-03 20:11:19 - INFO - Attempting to update game database with newly scraped games...
2025-08-03 20:11:19 - INFO - Existing games in database: 143505
2025-08-03 20:11:19 - INFO - New games scraped: 1141
2025-08-03 20:12:04 - INFO - Found and skipped 555 duplicate game(s) already present in the database.
2025-08-03 20:12:04 - INFO - Found 586 new unique games.
2025-08-03 20:12:04 - INFO - Database size: 143505 -> 144091 (+586)
2025-08-03 20:12:05 - INFO - Database saved successfully to basil_ladder_games.csv
2025-08-03 20:12:05 - INFO - Step 6: Skipping replay download.
2025-08-03 20:12:05 - INFO - ==============================
2025-08-03 20:12:05 - INFO - Automated Scrape Task Finished
2025-08-03 20:12:05 - INFO - Outcome: SUCCESS
2025-08-03 20:12:05 - INFO - Total Duration: 117.76 seconds
2025-08-03 20:12:05 - INFO - ==============================
2025-08-04 08:15:17 - INFO - ==============================
2025-08-04 08:15:17 - INFO - Starting Automated Scrape Task
2025-08-04 08:15:17 - INFO - Download replays: Disabled
2025-08-04 08:15:17 - INFO - ==============================
2025-08-04 08:15:17 - INFO - Step 1: Loading existing game data...
2025-08-04 08:15:17 - INFO - Loading existing games data from basil_ladder_games.csv
2025-08-04 08:15:17 - INFO - Loaded 144091 games from existing database.
2025-08-04 08:15:17 - INFO - Step 2: Skipping syncing replay status.
2025-08-04 08:15:17 - INFO - Step 3: Fetching bot ratings...
2025-08-04 08:15:17 - INFO - Fetching master rating list from https://data.basil-ladder.net/stats/ranking.json...
2025-08-04 08:15:17 - INFO - Successfully loaded ratings for 291 bots from JSON.
2025-08-04 08:15:17 - INFO - Step 4: Extracting new games from BASIL ladder...
2025-08-04 08:15:17 - INFO - Fetching latest games from BASIL Ladder (Last 24h)...
2025-08-04 08:15:23 - INFO - Navigating to https://basil.bytekeeper.org/...
2025-08-04 08:15:24 - INFO - Waiting for page to load...
2025-08-04 08:15:24 - INFO - Clicking 'Last 24h' button...
2025-08-04 08:15:27 - INFO - Found 1131 games in the table
2025-08-04 08:16:30 - INFO - Browser closed.
2025-08-04 08:16:30 - INFO - Extracted data for 1131 games from the page.
2025-08-04 08:16:30 - INFO - Step 5: Updating games database with new games...
2025-08-04 08:16:30 - INFO - Attempting to update game database with newly scraped games...
2025-08-04 08:16:30 - INFO - Existing games in database: 144091
2025-08-04 08:16:30 - INFO - New games scraped: 1131
2025-08-04 08:17:15 - INFO - Found and skipped 612 duplicate game(s) already present in the database.
2025-08-04 08:17:15 - INFO - Found 519 new unique games.
2025-08-04 08:17:15 - INFO - Database size: 144091 -> 144610 (+519)
2025-08-04 08:17:16 - INFO - Database saved successfully to basil_ladder_games.csv
2025-08-04 08:17:16 - INFO - Step 6: Skipping replay download.
2025-08-04 08:17:16 - INFO - ==============================
2025-08-04 08:17:16 - INFO - Automated Scrape Task Finished
2025-08-04 08:17:16 - INFO - Outcome: SUCCESS
2025-08-04 08:17:16 - INFO - Total Duration: 119.23 seconds
2025-08-04 08:17:16 - INFO - ==============================
2025-08-04 20:11:27 - INFO - ==============================
2025-08-04 20:11:27 - INFO - Starting Automated Scrape Task
2025-08-04 20:11:27 - INFO - Download replays: Disabled
2025-08-04 20:11:27 - INFO - ==============================
2025-08-04 20:11:27 - INFO - Step 1: Loading existing game data...
2025-08-04 20:11:27 - INFO - Loading existing games data from basil_ladder_games.csv
2025-08-04 20:11:28 - INFO - Loaded 144610 games from existing database.
2025-08-04 20:11:28 - INFO - Step 2: Skipping syncing replay status.
2025-08-04 20:11:28 - INFO - Step 3: Fetching bot ratings...
2025-08-04 20:11:28 - INFO - Fetching master rating list from https://data.basil-ladder.net/stats/ranking.json...
2025-08-04 20:11:28 - INFO - Successfully loaded ratings for 291 bots from JSON.
2025-08-04 20:11:28 - INFO - Step 4: Extracting new games from BASIL ladder...
2025-08-04 20:11:28 - INFO - Fetching latest games from BASIL Ladder (Last 24h)...
2025-08-04 20:11:36 - INFO - Navigating to https://basil.bytekeeper.org/...
2025-08-04 20:11:37 - INFO - Waiting for page to load...
2025-08-04 20:11:37 - INFO - Clicking 'Last 24h' button...
2025-08-04 20:11:40 - INFO - Found 1067 games in the table
2025-08-04 20:12:38 - INFO - Browser closed.
2025-08-04 20:12:38 - INFO - Extracted data for 1067 games from the page.
2025-08-04 20:12:38 - INFO - Step 5: Updating games database with new games...
2025-08-04 20:12:38 - INFO - Attempting to update game database with newly scraped games...
2025-08-04 20:12:38 - INFO - Existing games in database: 144610
2025-08-04 20:12:38 - INFO - New games scraped: 1067
2025-08-04 20:13:22 - INFO - Found and skipped 542 duplicate game(s) already present in the database.
2025-08-04 20:13:22 - INFO - Found 525 new unique games.
2025-08-04 20:13:22 - INFO - Database size: 144610 -> 145135 (+525)
2025-08-04 20:13:23 - INFO - Database saved successfully to basil_ladder_games.csv
2025-08-04 20:13:23 - INFO - Step 6: Skipping replay download.
2025-08-04 20:13:23 - INFO - ==============================
2025-08-04 20:13:23 - INFO - Automated Scrape Task Finished
2025-08-04 20:13:23 - INFO - Outcome: SUCCESS
2025-08-04 20:13:23 - INFO - Total Duration: 115.34 seconds
2025-08-04 20:13:23 - INFO - ==============================
2025-08-05 08:14:34 - INFO - ==============================
2025-08-05 08:14:34 - INFO - Starting Automated Scrape Task
2025-08-05 08:14:34 - INFO - Download replays: Disabled
2025-08-05 08:14:34 - INFO - ==============================
2025-08-05 08:14:34 - INFO - Step 1: Loading existing game data...
2025-08-05 08:14:34 - INFO - Loading existing games data from basil_ladder_games.csv
2025-08-05 08:14:35 - INFO - Loaded 145135 games from existing database.
2025-08-05 08:14:35 - INFO - Step 2: Skipping syncing replay status.
2025-08-05 08:14:35 - INFO - Step 3: Fetching bot ratings...
2025-08-05 08:14:35 - INFO - Fetching master rating list from https://data.basil-ladder.net/stats/ranking.json...
2025-08-05 08:14:35 - INFO - Successfully loaded ratings for 291 bots from JSON.
2025-08-05 08:14:35 - INFO - Step 4: Extracting new games from BASIL ladder...
2025-08-05 08:14:35 - INFO - Fetching latest games from BASIL Ladder (Last 24h)...
2025-08-05 08:14:42 - INFO - Navigating to https://basil.bytekeeper.org/...
2025-08-05 08:14:44 - INFO - Waiting for page to load...
2025-08-05 08:14:44 - INFO - Clicking 'Last 24h' button...
2025-08-05 08:14:47 - INFO - Found 1096 games in the table
2025-08-05 08:15:53 - INFO - Browser closed.
2025-08-05 08:15:53 - INFO - Extracted data for 1096 games from the page.
2025-08-05 08:15:53 - INFO - Step 5: Updating games database with new games...
2025-08-05 08:15:53 - INFO - Attempting to update game database with newly scraped games...
2025-08-05 08:15:53 - INFO - Existing games in database: 145135
2025-08-05 08:15:53 - INFO - New games scraped: 1096
2025-08-05 08:16:38 - INFO - Found and skipped 536 duplicate game(s) already present in the database.
2025-08-05 08:16:38 - INFO - Found 560 new unique games.
2025-08-05 08:16:38 - INFO - Database size: 145135 -> 145695 (+560)
2025-08-05 08:16:39 - INFO - Database saved successfully to basil_ladder_games.csv
2025-08-05 08:16:39 - INFO - Step 6: Skipping replay download.
2025-08-05 08:16:39 - INFO - ==============================
2025-08-05 08:16:39 - INFO - Automated Scrape Task Finished
2025-08-05 08:16:39 - INFO - Outcome: SUCCESS
2025-08-05 08:16:39 - INFO - Total Duration: 124.62 seconds
2025-08-05 08:16:39 - INFO - ==============================
2025-08-05 20:11:07 - INFO - ==============================
2025-08-05 20:11:07 - INFO - Starting Automated Scrape Task
2025-08-05 20:11:07 - INFO - Download replays: Disabled
2025-08-05 20:11:07 - INFO - ==============================
2025-08-05 20:11:07 - INFO - Step 1: Loading existing game data...
2025-08-05 20:11:07 - INFO - Loading existing games data from basil_ladder_games.csv
2025-08-05 20:11:08 - INFO - Loaded 145695 games from existing database.
2025-08-05 20:11:08 - INFO - Step 2: Skipping syncing replay status.
2025-08-05 20:11:08 - INFO - Step 3: Fetching bot ratings...
2025-08-05 20:11:08 - INFO - Fetching master rating list from https://data.basil-ladder.net/stats/ranking.json...
2025-08-05 20:11:08 - INFO - Successfully loaded ratings for 291 bots from JSON.
2025-08-05 20:11:08 - INFO - Step 4: Extracting new games from BASIL ladder...
2025-08-05 20:11:08 - INFO - Fetching latest games from BASIL Ladder (Last 24h)...
2025-08-05 20:11:15 - INFO - Navigating to https://basil.bytekeeper.org/...
2025-08-05 20:11:16 - INFO - Waiting for page to load...
2025-08-05 20:11:16 - INFO - Clicking 'Last 24h' button...
2025-08-05 20:11:19 - INFO - Found 1099 games in the table
2025-08-05 20:12:26 - INFO - Browser closed.
2025-08-05 20:12:26 - INFO - Extracted data for 1099 games from the page.
2025-08-05 20:12:26 - INFO - Step 5: Updating games database with new games...
2025-08-05 20:12:26 - INFO - Attempting to update game database with newly scraped games...
2025-08-05 20:12:26 - INFO - Existing games in database: 145695
2025-08-05 20:12:26 - INFO - New games scraped: 1099
2025-08-05 20:13:12 - INFO - Found and skipped 575 duplicate game(s) already present in the database.
2025-08-05 20:13:12 - INFO - Found 524 new unique games.
2025-08-05 20:13:12 - INFO - Database size: 145695 -> 146219 (+524)
2025-08-05 20:13:13 - INFO - Database saved successfully to basil_ladder_games.csv
2025-08-05 20:13:13 - INFO - Step 6: Skipping replay download.
2025-08-05 20:13:13 - INFO - ==============================
2025-08-05 20:13:13 - INFO - Automated Scrape Task Finished
2025-08-05 20:13:13 - INFO - Outcome: SUCCESS
2025-08-05 20:13:13 - INFO - Total Duration: 125.21 seconds
2025-08-05 20:13:13 - INFO - ==============================
2025-08-06 08:14:37 - INFO - ==============================
2025-08-06 08:14:37 - INFO - Starting Automated Scrape Task
2025-08-06 08:14:37 - INFO - Download replays: Disabled
2025-08-06 08:14:37 - INFO - ==============================
2025-08-06 08:14:37 - INFO - Step 1: Loading existing game data...
2025-08-06 08:14:37 - INFO - Loading existing games data from basil_ladder_games.csv
2025-08-06 08:14:37 - INFO - Loaded 146219 games from existing database.
2025-08-06 08:14:37 - INFO - Step 2: Skipping syncing replay status.
2025-08-06 08:14:37 - INFO - Step 3: Fetching bot ratings...
2025-08-06 08:14:37 - INFO - Fetching master rating list from https://data.basil-ladder.net/stats/ranking.json...
2025-08-06 08:14:38 - INFO - Successfully loaded ratings for 291 bots from JSON.
2025-08-06 08:14:38 - INFO - Step 4: Extracting new games from BASIL ladder...
2025-08-06 08:14:38 - INFO - Fetching latest games from BASIL Ladder (Last 24h)...
2025-08-06 08:14:44 - INFO - Navigating to https://basil.bytekeeper.org/...
2025-08-06 08:14:45 - INFO - Waiting for page to load...
2025-08-06 08:14:45 - INFO - Clicking 'Last 24h' button...
2025-08-06 08:14:48 - INFO - Found 1095 games in the table
2025-08-06 08:15:48 - INFO - Browser closed.
2025-08-06 08:15:48 - INFO - Extracted data for 1095 games from the page.
2025-08-06 08:15:48 - INFO - Step 5: Updating games database with new games...
2025-08-06 08:15:48 - INFO - Attempting to update game database with newly scraped games...
2025-08-06 08:15:48 - INFO - Existing games in database: 146219
2025-08-06 08:15:48 - INFO - New games scraped: 1095
2025-08-06 08:16:32 - INFO - Found and skipped 545 duplicate game(s) already present in the database.
2025-08-06 08:16:32 - INFO - Found 550 new unique games.
2025-08-06 08:16:32 - INFO - Database size: 146219 -> 146769 (+550)
2025-08-06 08:16:33 - INFO - Database saved successfully to basil_ladder_games.csv
2025-08-06 08:16:33 - INFO - Step 6: Skipping replay download.
2025-08-06 08:16:33 - INFO - ==============================
2025-08-06 08:16:33 - INFO - Automated Scrape Task Finished
2025-08-06 08:16:33 - INFO - Outcome: SUCCESS
2025-08-06 08:16:33 - INFO - Total Duration: 116.48 seconds
2025-08-06 08:16:33 - INFO - ==============================
2025-08-06 20:11:06 - INFO - ==============================
2025-08-06 20:11:06 - INFO - Starting Automated Scrape Task
2025-08-06 20:11:06 - INFO - Download replays: Disabled
2025-08-06 20:11:06 - INFO - ==============================
2025-08-06 20:11:06 - INFO - Step 1: Loading existing game data...
2025-08-06 20:11:06 - INFO - Loading existing games data from basil_ladder_games.csv
2025-08-06 20:11:06 - INFO - Loaded 146769 games from existing database.
2025-08-06 20:11:06 - INFO - Step 2: Skipping syncing replay status.
2025-08-06 20:11:06 - INFO - Step 3: Fetching bot ratings...
2025-08-06 20:11:06 - INFO - Fetching master rating list from https://data.basil-ladder.net/stats/ranking.json...
2025-08-06 20:11:07 - INFO - Successfully loaded ratings for 291 bots from JSON.
2025-08-06 20:11:07 - INFO - Step 4: Extracting new games from BASIL ladder...
2025-08-06 20:11:07 - INFO - Fetching latest games from BASIL Ladder (Last 24h)...
2025-08-06 20:11:15 - INFO - Navigating to https://basil.bytekeeper.org/...
2025-08-06 20:11:16 - INFO - Waiting for page to load...
2025-08-06 20:11:16 - INFO - Clicking 'Last 24h' button...
2025-08-06 20:11:20 - INFO - Found 1104 games in the table
2025-08-06 20:12:20 - INFO - Browser closed.
2025-08-06 20:12:20 - INFO - Extracted data for 1104 games from the page.
2025-08-06 20:12:20 - INFO - Step 5: Updating games database with new games...
2025-08-06 20:12:20 - INFO - Attempting to update game database with newly scraped games...
2025-08-06 20:12:20 - INFO - Existing games in database: 146769
2025-08-06 20:12:20 - INFO - New games scraped: 1104
2025-08-06 20:13:05 - INFO - Found and skipped 570 duplicate game(s) already present in the database.
2025-08-06 20:13:05 - INFO - Found 534 new unique games.
2025-08-06 20:13:05 - INFO - Database size: 146769 -> 147303 (+534)
2025-08-06 20:13:06 - INFO - Database saved successfully to basil_ladder_games.csv
2025-08-06 20:13:06 - INFO - Step 6: Skipping replay download.
2025-08-06 20:13:06 - INFO - ==============================
2025-08-06 20:13:06 - INFO - Automated Scrape Task Finished
2025-08-06 20:13:06 - INFO - Outcome: SUCCESS
2025-08-06 20:13:06 - INFO - Total Duration: 119.96 seconds
2025-08-06 20:13:06 - INFO - ==============================
2025-08-07 08:14:30 - INFO - ==============================
2025-08-07 08:14:30 - INFO - Starting Automated Scrape Task
2025-08-07 08:14:30 - INFO - Download replays: Disabled
2025-08-07 08:14:30 - INFO - ==============================
2025-08-07 08:14:30 - INFO - Step 1: Loading existing game data...
2025-08-07 08:14:30 - INFO - Loading existing games data from basil_ladder_games.csv
2025-08-07 08:14:30 - INFO - Loaded 147303 games from existing database.
2025-08-07 08:14:30 - INFO - Step 2: Skipping syncing replay status.
2025-08-07 08:14:30 - INFO - Step 3: Fetching bot ratings...
2025-08-07 08:14:30 - INFO - Fetching master rating list from https://data.basil-ladder.net/stats/ranking.json...
2025-08-07 08:14:30 - INFO - Successfully loaded ratings for 291 bots from JSON.
2025-08-07 08:14:30 - INFO - Step 4: Extracting new games from BASIL ladder...
2025-08-07 08:14:30 - INFO - Fetching latest games from BASIL Ladder (Last 24h)...
2025-08-07 08:14:37 - INFO - Navigating to https://basil.bytekeeper.org/...
2025-08-07 08:14:38 - INFO - Waiting for page to load...
2025-08-07 08:14:38 - INFO - Clicking 'Last 24h' button...
2025-08-07 08:14:41 - INFO - Found 1088 games in the table
2025-08-07 08:15:40 - INFO - Browser closed.
2025-08-07 08:15:40 - INFO - Extracted data for 1088 games from the page.
2025-08-07 08:15:40 - INFO - Step 5: Updating games database with new games...
2025-08-07 08:15:40 - INFO - Attempting to update game database with newly scraped games...
2025-08-07 08:15:40 - INFO - Existing games in database: 147303
2025-08-07 08:15:40 - INFO - New games scraped: 1088
2025-08-07 08:16:25 - INFO - Found and skipped 553 duplicate game(s) already present in the database.
2025-08-07 08:16:25 - INFO - Found 535 new unique games.
2025-08-07 08:16:25 - INFO - Database size: 147303 -> 147838 (+535)
2025-08-07 08:16:26 - INFO - Database saved successfully to basil_ladder_games.csv
2025-08-07 08:16:26 - INFO - Step 6: Skipping replay download.
2025-08-07 08:16:26 - INFO - ==============================
2025-08-07 08:16:26 - INFO - Automated Scrape Task Finished
2025-08-07 08:16:26 - INFO - Outcome: SUCCESS
2025-08-07 08:16:26 - INFO - Total Duration: 116.31 seconds
2025-08-07 08:16:26 - INFO - ==============================
2025-08-07 20:10:59 - INFO - ==============================
2025-08-07 20:10:59 - INFO - Starting Automated Scrape Task
2025-08-07 20:10:59 - INFO - Download replays: Disabled
2025-08-07 20:10:59 - INFO - ==============================
2025-08-07 20:10:59 - INFO - Step 1: Loading existing game data...
2025-08-07 20:10:59 - INFO - Loading existing games data from basil_ladder_games.csv
2025-08-07 20:10:59 - INFO - Loaded 147838 games from existing database.
2025-08-07 20:10:59 - INFO - Step 2: Skipping syncing replay status.
2025-08-07 20:10:59 - INFO - Step 3: Fetching bot ratings...
2025-08-07 20:10:59 - INFO - Fetching master rating list from https://data.basil-ladder.net/stats/ranking.json...
2025-08-07 20:11:00 - INFO - Successfully loaded ratings for 291 bots from JSON.
2025-08-07 20:11:00 - INFO - Step 4: Extracting new games from BASIL ladder...
2025-08-07 20:11:00 - INFO - Fetching latest games from BASIL Ladder (Last 24h)...
2025-08-07 20:11:06 - INFO - Navigating to https://basil.bytekeeper.org/...
2025-08-07 20:11:07 - INFO - Waiting for page to load...
2025-08-07 20:11:07 - INFO - Clicking 'Last 24h' button...
2025-08-07 20:11:10 - INFO - Found 1126 games in the table
2025-08-07 20:12:13 - INFO - Browser closed.
2025-08-07 20:12:13 - INFO - Extracted data for 1126 games from the page.
2025-08-07 20:12:13 - INFO - Step 5: Updating games database with new games...
2025-08-07 20:12:13 - INFO - Attempting to update game database with newly scraped games...
2025-08-07 20:12:13 - INFO - Existing games in database: 147838
2025-08-07 20:12:13 - INFO - New games scraped: 1126
2025-08-07 20:12:59 - INFO - Found and skipped 551 duplicate game(s) already present in the database.
2025-08-07 20:12:59 - INFO - Found 575 new unique games.
2025-08-07 20:12:59 - INFO - Database size: 147838 -> 148413 (+575)
2025-08-07 20:13:00 - INFO - Database saved successfully to basil_ladder_games.csv
2025-08-07 20:13:00 - INFO - Step 6: Skipping replay download.
2025-08-07 20:13:00 - INFO - ==============================
2025-08-07 20:13:00 - INFO - Automated Scrape Task Finished
2025-08-07 20:13:00 - INFO - Outcome: SUCCESS
2025-08-07 20:13:00 - INFO - Total Duration: 121.49 seconds
2025-08-07 20:13:00 - INFO - ==============================
2025-08-08 08:14:13 - INFO - ==============================
2025-08-08 08:14:13 - INFO - Starting Automated Scrape Task
2025-08-08 08:14:13 - INFO - Download replays: Disabled
2025-08-08 08:14:13 - INFO - ==============================
2025-08-08 08:14:13 - INFO - Step 1: Loading existing game data...
2025-08-08 08:14:13 - INFO - Loading existing games data from basil_ladder_games.csv
2025-08-08 08:14:13 - INFO - Loaded 148413 games from existing database.
2025-08-08 08:14:13 - INFO - Step 2: Skipping syncing replay status.
2025-08-08 08:14:13 - INFO - Step 3: Fetching bot ratings...
2025-08-08 08:14:13 - INFO - Fetching master rating list from https://data.basil-ladder.net/stats/ranking.json...
2025-08-08 08:14:14 - INFO - Successfully loaded ratings for 291 bots from JSON.
2025-08-08 08:14:14 - INFO - Step 4: Extracting new games from BASIL ladder...
2025-08-08 08:14:14 - INFO - Fetching latest games from BASIL Ladder (Last 24h)...
2025-08-08 08:14:20 - INFO - Navigating to https://basil.bytekeeper.org/...
2025-08-08 08:14:21 - INFO - Waiting for page to load...
2025-08-08 08:14:21 - INFO - Clicking 'Last 24h' button...
2025-08-08 08:14:24 - INFO - Found 1139 games in the table
2025-08-08 08:15:27 - INFO - Browser closed.
2025-08-08 08:15:27 - INFO - Extracted data for 1139 games from the page.
2025-08-08 08:15:27 - INFO - Step 5: Updating games database with new games...
2025-08-08 08:15:27 - INFO - Attempting to update game database with newly scraped games...
2025-08-08 08:15:27 - INFO - Existing games in database: 148413
2025-08-08 08:15:27 - INFO - New games scraped: 1139
2025-08-08 08:16:14 - INFO - Found and skipped 591 duplicate game(s) already present in the database.
2025-08-08 08:16:14 - INFO - Found 548 new unique games.
2025-08-08 08:16:15 - INFO - Database size: 148413 -> 148961 (+548)
2025-08-08 08:16:15 - INFO - Database saved successfully to basil_ladder_games.csv
2025-08-08 08:16:15 - INFO - Step 6: Skipping replay download.
2025-08-08 08:16:15 - INFO - ==============================
2025-08-08 08:16:15 - INFO - Automated Scrape Task Finished
2025-08-08 08:16:15 - INFO - Outcome: SUCCESS
2025-08-08 08:16:15 - INFO - Total Duration: 122.84 seconds
2025-08-08 08:16:15 - INFO - ==============================
2025-08-08 20:10:44 - INFO - ==============================
2025-08-08 20:10:44 - INFO - Starting Automated Scrape Task
2025-08-08 20:10:44 - INFO - Download replays: Disabled
2025-08-08 20:10:44 - INFO - ==============================
2025-08-08 20:10:44 - INFO - Step 1: Loading existing game data...
2025-08-08 20:10:44 - INFO - Loading existing games data from basil_ladder_games.csv
2025-08-08 20:10:44 - INFO - Loaded 148961 games from existing database.
2025-08-08 20:10:44 - INFO - Step 2: Skipping syncing replay status.
2025-08-08 20:10:44 - INFO - Step 3: Fetching bot ratings...
2025-08-08 20:10:44 - INFO - Fetching master rating list from https://data.basil-ladder.net/stats/ranking.json...
2025-08-08 20:10:45 - INFO - Successfully loaded ratings for 291 bots from JSON.
2025-08-08 20:10:45 - INFO - Step 4: Extracting new games from BASIL ladder...
2025-08-08 20:10:45 - INFO - Fetching latest games from BASIL Ladder (Last 24h)...
2025-08-08 20:10:51 - INFO - Navigating to https://basil.bytekeeper.org/...
2025-08-08 20:10:52 - INFO - Waiting for page to load...
2025-08-08 20:10:52 - INFO - Clicking 'Last 24h' button...
2025-08-08 20:10:56 - INFO - Found 1118 games in the table
2025-08-08 20:11:58 - INFO - Browser closed.
2025-08-08 20:11:58 - INFO - Extracted data for 1118 games from the page.
2025-08-08 20:11:58 - INFO - Step 5: Updating games database with new games...
2025-08-08 20:11:58 - INFO - Attempting to update game database with newly scraped games...
2025-08-08 20:11:58 - INFO - Existing games in database: 148961
2025-08-08 20:11:58 - INFO - New games scraped: 1118
2025-08-08 20:12:44 - INFO - Found and skipped 565 duplicate game(s) already present in the database.
2025-08-08 20:12:44 - INFO - Found 553 new unique games.
2025-08-08 20:12:44 - INFO - Database size: 148961 -> 149514 (+553)
2025-08-08 20:12:45 - INFO - Database saved successfully to basil_ladder_games.csv
2025-08-08 20:12:45 - INFO - Step 6: Skipping replay download.
2025-08-08 20:12:45 - INFO - ==============================
2025-08-08 20:12:45 - INFO - Automated Scrape Task Finished
2025-08-08 20:12:45 - INFO - Outcome: SUCCESS
2025-08-08 20:12:45 - INFO - Total Duration: 121.53 seconds
2025-08-08 20:12:45 - INFO - ==============================
2025-08-09 08:11:47 - INFO - ==============================
2025-08-09 08:11:47 - INFO - Starting Automated Scrape Task
2025-08-09 08:11:47 - INFO - Download replays: Disabled
2025-08-09 08:11:47 - INFO - ==============================
2025-08-09 08:11:47 - INFO - Step 1: Loading existing game data...
2025-08-09 08:11:47 - INFO - Loading existing games data from basil_ladder_games.csv
2025-08-09 08:11:47 - INFO - Loaded 149514 games from existing database.
2025-08-09 08:11:47 - INFO - Step 2: Skipping syncing replay status.
2025-08-09 08:11:47 - INFO - Step 3: Fetching bot ratings...
2025-08-09 08:11:47 - INFO - Fetching master rating list from https://data.basil-ladder.net/stats/ranking.json...
2025-08-09 08:11:48 - INFO - Successfully loaded ratings for 291 bots from JSON.
2025-08-09 08:11:48 - INFO - Step 4: Extracting new games from BASIL ladder...
2025-08-09 08:11:48 - INFO - Fetching latest games from BASIL Ladder (Last 24h)...
2025-08-09 08:11:53 - INFO - Navigating to https://basil.bytekeeper.org/...
2025-08-09 08:11:54 - INFO - Waiting for page to load...
2025-08-09 08:11:54 - INFO - Clicking 'Last 24h' button...
2025-08-09 08:11:58 - INFO - Found 1106 games in the table
2025-08-09 08:12:59 - INFO - Browser closed.
2025-08-09 08:12:59 - INFO - Extracted data for 1106 games from the page.
2025-08-09 08:12:59 - INFO - Step 5: Updating games database with new games...
2025-08-09 08:12:59 - INFO - Attempting to update game database with newly scraped games...
2025-08-09 08:12:59 - INFO - Existing games in database: 149514
2025-08-09 08:12:59 - INFO - New games scraped: 1106
2025-08-09 08:13:45 - INFO - Found and skipped 568 duplicate game(s) already present in the database.
2025-08-09 08:13:45 - INFO - Found 538 new unique games.
2025-08-09 08:13:46 - INFO - Database size: 149514 -> 150052 (+538)
2025-08-09 08:13:46 - INFO - Database saved successfully to basil_ladder_games.csv
2025-08-09 08:13:46 - INFO - Step 6: Skipping replay download.
2025-08-09 08:13:46 - INFO - ==============================
2025-08-09 08:13:46 - INFO - Automated Scrape Task Finished
2025-08-09 08:13:46 - INFO - Outcome: SUCCESS
2025-08-09 08:13:46 - INFO - Total Duration: 119.26 seconds
2025-08-09 08:13:46 - INFO - ==============================
2025-08-09 20:09:41 - INFO - ==============================
2025-08-09 20:09:41 - INFO - Starting Automated Scrape Task
2025-08-09 20:09:41 - INFO - Download replays: Disabled
2025-08-09 20:09:41 - INFO - ==============================
2025-08-09 20:09:41 - INFO - Step 1: Loading existing game data...
2025-08-09 20:09:41 - INFO - Loading existing games data from basil_ladder_games.csv
2025-08-09 20:09:41 - INFO - Loaded 150052 games from existing database.
2025-08-09 20:09:41 - INFO - Step 2: Skipping syncing replay status.
2025-08-09 20:09:41 - INFO - Step 3: Fetching bot ratings...
2025-08-09 20:09:41 - INFO - Fetching master rating list from https://data.basil-ladder.net/stats/ranking.json...
2025-08-09 20:09:42 - INFO - Successfully loaded ratings for 291 bots from JSON.
2025-08-09 20:09:42 - INFO - Step 4: Extracting new games from BASIL ladder...
2025-08-09 20:09:42 - INFO - Fetching latest games from BASIL Ladder (Last 24h)...
2025-08-09 20:10:11 - INFO - Navigating to https://basil.bytekeeper.org/...
2025-08-09 20:10:14 - INFO - Waiting for page to load...
2025-08-09 20:10:14 - INFO - Clicking 'Last 24h' button...
2025-08-09 20:10:18 - INFO - Found 1096 games in the table
2025-08-09 20:11:19 - INFO - Browser closed.
2025-08-09 20:11:19 - INFO - Extracted data for 1096 games from the page.
2025-08-09 20:11:19 - INFO - Step 5: Updating games database with new games...
2025-08-09 20:11:19 - INFO - Attempting to update game database with newly scraped games...
2025-08-09 20:11:19 - INFO - Existing games in database: 150052
2025-08-09 20:11:19 - INFO - New games scraped: 1096
2025-08-09 20:12:05 - INFO - Found and skipped 552 duplicate game(s) already present in the database.
2025-08-09 20:12:05 - INFO - Found 544 new unique games.
2025-08-09 20:12:05 - INFO - Database size: 150052 -> 150596 (+544)
2025-08-09 20:12:06 - INFO - Database saved successfully to basil_ladder_games.csv
2025-08-09 20:12:06 - INFO - Step 6: Skipping replay download.
2025-08-09 20:12:06 - INFO - ==============================
2025-08-09 20:12:06 - INFO - Automated Scrape Task Finished
2025-08-09 20:12:06 - INFO - Outcome: SUCCESS
2025-08-09 20:12:06 - INFO - Total Duration: 144.89 seconds
2025-08-09 20:12:06 - INFO - ==============================
2025-08-10 08:11:55 - INFO - ==============================
2025-08-10 08:11:55 - INFO - Starting Automated Scrape Task
2025-08-10 08:11:55 - INFO - Download replays: Disabled
2025-08-10 08:11:55 - INFO - ==============================
2025-08-10 08:11:55 - INFO - Step 1: Loading existing game data...
2025-08-10 08:11:55 - INFO - Loading existing games data from basil_ladder_games.csv
2025-08-10 08:11:55 - INFO - Loaded 150596 games from existing database.
2025-08-10 08:11:55 - INFO - Step 2: Skipping syncing replay status.
2025-08-10 08:11:55 - INFO - Step 3: Fetching bot ratings...
2025-08-10 08:11:55 - INFO - Fetching master rating list from https://data.basil-ladder.net/stats/ranking.json...
2025-08-10 08:11:56 - INFO - Successfully loaded ratings for 291 bots from JSON.
2025-08-10 08:11:56 - INFO - Step 4: Extracting new games from BASIL ladder...
2025-08-10 08:11:56 - INFO - Fetching latest games from BASIL Ladder (Last 24h)...
2025-08-10 08:12:05 - INFO - Navigating to https://basil.bytekeeper.org/...
2025-08-10 08:12:06 - INFO - Waiting for page to load...
2025-08-10 08:12:06 - INFO - Clicking 'Last 24h' button...
2025-08-10 08:12:09 - INFO - Found 1123 games in the table
2025-08-10 08:13:10 - INFO - Browser closed.
2025-08-10 08:13:10 - INFO - Extracted data for 1123 games from the page.
2025-08-10 08:13:10 - INFO - Step 5: Updating games database with new games...
2025-08-10 08:13:10 - INFO - Attempting to update game database with newly scraped games...
2025-08-10 08:13:10 - INFO - Existing games in database: 150596
2025-08-10 08:13:10 - INFO - New games scraped: 1123
2025-08-10 08:13:57 - INFO - Found and skipped 560 duplicate game(s) already present in the database.
2025-08-10 08:13:57 - INFO - Found 563 new unique games.
2025-08-10 08:13:57 - INFO - Database size: 150596 -> 151159 (+563)
2025-08-10 08:13:57 - INFO - Database saved successfully to basil_ladder_games.csv
2025-08-10 08:13:57 - INFO - Step 6: Skipping replay download.
2025-08-10 08:13:57 - INFO - ==============================
2025-08-10 08:13:57 - INFO - Automated Scrape Task Finished
2025-08-10 08:13:57 - INFO - Outcome: SUCCESS
2025-08-10 08:13:57 - INFO - Total Duration: 122.41 seconds
2025-08-10 08:13:57 - INFO - ==============================
2025-08-10 20:09:47 - INFO - ==============================
2025-08-10 20:09:47 - INFO - Starting Automated Scrape Task
2025-08-10 20:09:47 - INFO - Download replays: Disabled
2025-08-10 20:09:47 - INFO - ==============================
2025-08-10 20:09:47 - INFO - Step 1: Loading existing game data...
2025-08-10 20:09:47 - INFO - Loading existing games data from basil_ladder_games.csv
2025-08-10 20:09:48 - INFO - Loaded 151159 games from existing database.
2025-08-10 20:09:48 - INFO - Step 2: Skipping syncing replay status.
2025-08-10 20:09:48 - INFO - Step 3: Fetching bot ratings...
2025-08-10 20:09:48 - INFO - Fetching master rating list from https://data.basil-ladder.net/stats/ranking.json...
2025-08-10 20:09:48 - INFO - Successfully loaded ratings for 291 bots from JSON.
2025-08-10 20:09:48 - INFO - Step 4: Extracting new games from BASIL ladder...
2025-08-10 20:09:48 - INFO - Fetching latest games from BASIL Ladder (Last 24h)...
2025-08-10 20:09:57 - INFO - Navigating to https://basil.bytekeeper.org/...
2025-08-10 20:09:58 - INFO - Waiting for page to load...
2025-08-10 20:09:58 - INFO - Clicking 'Last 24h' button...
2025-08-10 20:10:02 - INFO - Found 1156 games in the table
2025-08-10 20:11:05 - INFO - Browser closed.
2025-08-10 20:11:05 - INFO - Extracted data for 1156 games from the page.
2025-08-10 20:11:05 - INFO - Step 5: Updating games database with new games...
2025-08-10 20:11:05 - INFO - Attempting to update game database with newly scraped games...
2025-08-10 20:11:05 - INFO - Existing games in database: 151159
2025-08-10 20:11:05 - INFO - New games scraped: 1156
2025-08-10 20:11:54 - INFO - Found and skipped 586 duplicate game(s) already present in the database.
2025-08-10 20:11:54 - INFO - Found 570 new unique games.
2025-08-10 20:11:54 - INFO - Database size: 151159 -> 151729 (+570)
2025-08-10 20:11:55 - INFO - Database saved successfully to basil_ladder_games.csv
2025-08-10 20:11:55 - INFO - Step 6: Skipping replay download.
2025-08-10 20:11:55 - INFO - ==============================
2025-08-10 20:11:55 - INFO - Automated Scrape Task Finished
2025-08-10 20:11:55 - INFO - Outcome: SUCCESS
2025-08-10 20:11:55 - INFO - Total Duration: 127.71 seconds
2025-08-10 20:11:55 - INFO - ==============================
2025-08-11 08:15:06 - INFO - ==============================
2025-08-11 08:15:06 - INFO - Starting Automated Scrape Task
2025-08-11 08:15:06 - INFO - Download replays: Disabled
2025-08-11 08:15:06 - INFO - ==============================
2025-08-11 08:15:06 - INFO - Step 1: Loading existing game data...
2025-08-11 08:15:06 - INFO - Loading existing games data from basil_ladder_games.csv
2025-08-11 08:15:06 - INFO - Loaded 151729 games from existing database.
2025-08-11 08:15:06 - INFO - Step 2: Skipping syncing replay status.
2025-08-11 08:15:06 - INFO - Step 3: Fetching bot ratings...
2025-08-11 08:15:06 - INFO - Fetching master rating list from https://data.basil-ladder.net/stats/ranking.json...
2025-08-11 08:15:21 - ERROR - Failed to fetch ranking JSON: HTTPSConnectionPool(host='data.basil-ladder.net', port=443): Read timed out. (read timeout=15)
2025-08-11 08:15:21 - INFO - Step 4: Extracting new games from BASIL ladder...
2025-08-11 08:15:21 - INFO - Fetching latest games from BASIL Ladder (Last 24h)...
2025-08-11 08:15:29 - INFO - Navigating to https://basil.bytekeeper.org/...
2025-08-11 08:15:30 - INFO - Waiting for page to load...
2025-08-11 08:15:30 - INFO - Clicking 'Last 24h' button...
2025-08-11 08:15:33 - WARNING - No game data rows found after skipping headers.
2025-08-11 08:15:34 - INFO - Browser closed.
2025-08-11 08:15:34 - INFO - Extracted data for 0 games from the page.
2025-08-11 08:15:34 - INFO - Step 5: Updating games database with new games...
2025-08-11 08:15:34 - INFO - No new games scraped to update database.
2025-08-11 08:15:34 - INFO - Step 6: Skipping replay download.
2025-08-11 08:15:34 - INFO - ==============================
2025-08-11 08:15:34 - INFO - Automated Scrape Task Finished
2025-08-11 08:15:34 - INFO - Outcome: SUCCESS
2025-08-11 08:15:34 - INFO - Total Duration: 28.00 seconds
2025-08-11 08:15:34 - INFO - ==============================
2025-08-11 20:10:30 - INFO - ==============================
2025-08-11 20:10:30 - INFO - Starting Automated Scrape Task
2025-08-11 20:10:30 - INFO - Download replays: Disabled
2025-08-11 20:10:30 - INFO - ==============================
2025-08-11 20:10:30 - INFO - Step 1: Loading existing game data...
2025-08-11 20:10:30 - INFO - Loading existing games data from basil_ladder_games.csv
2025-08-11 20:10:31 - INFO - Loaded 151729 games from existing database.
2025-08-11 20:10:31 - INFO - Step 2: Skipping syncing replay status.
2025-08-11 20:10:31 - INFO - Step 3: Fetching bot ratings...
2025-08-11 20:10:31 - INFO - Fetching master rating list from https://data.basil-ladder.net/stats/ranking.json...
2025-08-11 20:10:31 - INFO - Successfully loaded ratings for 291 bots from JSON.
2025-08-11 20:10:31 - INFO - Step 4: Extracting new games from BASIL ladder...
2025-08-11 20:10:31 - INFO - Fetching latest games from BASIL Ladder (Last 24h)...
2025-08-11 20:10:37 - INFO - Navigating to https://basil.bytekeeper.org/...
2025-08-11 20:10:38 - INFO - Waiting for page to load...
2025-08-11 20:10:38 - INFO - Clicking 'Last 24h' button...
2025-08-11 20:10:42 - INFO - Found 1124 games in the table
2025-08-11 20:11:45 - INFO - Browser closed.
2025-08-11 20:11:45 - INFO - Extracted data for 1124 games from the page.
2025-08-11 20:11:45 - INFO - Step 5: Updating games database with new games...
2025-08-11 20:11:45 - INFO - Attempting to update game database with newly scraped games...
2025-08-11 20:11:45 - INFO - Existing games in database: 151729
2025-08-11 20:11:45 - INFO - New games scraped: 1124
2025-08-11 20:12:34 - INFO - Found and skipped 22 duplicate game(s) already present in the database.
2025-08-11 20:12:34 - INFO - Found 1102 new unique games.
2025-08-11 20:12:34 - INFO - Database size: 151729 -> 152831 (+1102)
2025-08-11 20:12:35 - INFO - Database saved successfully to basil_ladder_games.csv
2025-08-11 20:12:35 - INFO - Step 6: Skipping replay download.
2025-08-11 20:12:35 - INFO - ==============================
2025-08-11 20:12:35 - INFO - Automated Scrape Task Finished
2025-08-11 20:12:35 - INFO - Outcome: SUCCESS
2025-08-11 20:12:35 - INFO - Total Duration: 124.51 seconds
2025-08-11 20:12:35 - INFO - ==============================
2025-08-12 08:13:35 - INFO - ==============================
2025-08-12 08:13:35 - INFO - Starting Automated Scrape Task
2025-08-12 08:13:35 - INFO - Download replays: Disabled
2025-08-12 08:13:35 - INFO - ==============================
2025-08-12 08:13:35 - INFO - Step 1: Loading existing game data...
2025-08-12 08:13:35 - INFO - Loading existing games data from basil_ladder_games.csv
2025-08-12 08:13:35 - INFO - Loaded 152831 games from existing database.
2025-08-12 08:13:35 - INFO - Step 2: Skipping syncing replay status.
2025-08-12 08:13:35 - INFO - Step 3: Fetching bot ratings...
2025-08-12 08:13:35 - INFO - Fetching master rating list from https://data.basil-ladder.net/stats/ranking.json...
2025-08-12 08:13:36 - INFO - Successfully loaded ratings for 291 bots from JSON.
2025-08-12 08:13:36 - INFO - Step 4: Extracting new games from BASIL ladder...
2025-08-12 08:13:36 - INFO - Fetching latest games from BASIL Ladder (Last 24h)...
2025-08-12 08:13:45 - INFO - Navigating to https://basil.bytekeeper.org/...
2025-08-12 08:13:47 - INFO - Waiting for page to load...
2025-08-12 08:13:47 - INFO - Clicking 'Last 24h' button...
2025-08-12 08:13:50 - INFO - Found 1114 games in the table
2025-08-12 08:14:50 - INFO - Browser closed.
2025-08-12 08:14:50 - INFO - Extracted data for 1114 games from the page.
2025-08-12 08:14:50 - INFO - Step 5: Updating games database with new games...
2025-08-12 08:14:50 - INFO - Attempting to update game database with newly scraped games...
2025-08-12 08:14:50 - INFO - Existing games in database: 152831
2025-08-12 08:14:50 - INFO - New games scraped: 1114
2025-08-12 08:15:37 - INFO - Found and skipped 553 duplicate game(s) already present in the database.
2025-08-12 08:15:37 - INFO - Found 561 new unique games.
2025-08-12 08:15:37 - INFO - Database size: 152831 -> 153392 (+561)
2025-08-12 08:15:38 - INFO - Database saved successfully to basil_ladder_games.csv
2025-08-12 08:15:38 - INFO - Step 6: Skipping replay download.
2025-08-12 08:15:38 - INFO - ==============================
2025-08-12 08:15:38 - INFO - Automated Scrape Task Finished
2025-08-12 08:15:38 - INFO - Outcome: SUCCESS
2025-08-12 08:15:38 - INFO - Total Duration: 122.94 seconds
2025-08-12 08:15:38 - INFO - ==============================
2025-08-12 20:10:27 - INFO - ==============================
2025-08-12 20:10:27 - INFO - Starting Automated Scrape Task
2025-08-12 20:10:27 - INFO - Download replays: Disabled
2025-08-12 20:10:27 - INFO - ==============================
2025-08-12 20:10:27 - INFO - Step 1: Loading existing game data...
2025-08-12 20:10:27 - INFO - Loading existing games data from basil_ladder_games.csv
2025-08-12 20:10:27 - INFO - Loaded 153392 games from existing database.
2025-08-12 20:10:27 - INFO - Step 2: Skipping syncing replay status.
2025-08-12 20:10:27 - INFO - Step 3: Fetching bot ratings...
2025-08-12 20:10:27 - INFO - Fetching master rating list from https://data.basil-ladder.net/stats/ranking.json...
2025-08-12 20:10:28 - INFO - Successfully loaded ratings for 291 bots from JSON.
2025-08-12 20:10:28 - INFO - Step 4: Extracting new games from BASIL ladder...
2025-08-12 20:10:28 - INFO - Fetching latest games from BASIL Ladder (Last 24h)...
2025-08-12 20:10:34 - INFO - Navigating to https://basil.bytekeeper.org/...
2025-08-12 20:10:35 - INFO - Waiting for page to load...
2025-08-12 20:10:35 - INFO - Clicking 'Last 24h' button...
2025-08-12 20:10:38 - INFO - Found 1155 games in the table
2025-08-12 20:11:47 - INFO - Browser closed.
2025-08-12 20:11:47 - INFO - Extracted data for 1155 games from the page.
2025-08-12 20:11:47 - INFO - Step 5: Updating games database with new games...
2025-08-12 20:11:47 - INFO - Attempting to update game database with newly scraped games...
2025-08-12 20:11:47 - INFO - Existing games in database: 153392
2025-08-12 20:11:47 - INFO - New games scraped: 1155
2025-08-12 20:12:37 - INFO - Found and skipped 578 duplicate game(s) already present in the database.
2025-08-12 20:12:37 - INFO - Found 577 new unique games.
2025-08-12 20:12:37 - INFO - Database size: 153392 -> 153969 (+577)
2025-08-12 20:12:38 - INFO - Database saved successfully to basil_ladder_games.csv
2025-08-12 20:12:38 - INFO - Step 6: Skipping replay download.
2025-08-12 20:12:38 - INFO - ==============================
2025-08-12 20:12:38 - INFO - Automated Scrape Task Finished
2025-08-12 20:12:38 - INFO - Outcome: SUCCESS
2025-08-12 20:12:38 - INFO - Total Duration: 131.05 seconds
2025-08-12 20:12:38 - INFO - ==============================
2025-08-13 08:13:24 - INFO - ==============================
2025-08-13 08:13:24 - INFO - Starting Automated Scrape Task
2025-08-13 08:13:24 - INFO - Download replays: Disabled
2025-08-13 08:13:24 - INFO - ==============================
2025-08-13 08:13:24 - INFO - Step 1: Loading existing game data...
2025-08-13 08:13:24 - INFO - Loading existing games data from basil_ladder_games.csv
2025-08-13 08:13:25 - INFO - Loaded 153969 games from existing database.
2025-08-13 08:13:25 - INFO - Step 2: Skipping syncing replay status.
2025-08-13 08:13:25 - INFO - Step 3: Fetching bot ratings...
2025-08-13 08:13:25 - INFO - Fetching master rating list from https://data.basil-ladder.net/stats/ranking.json...
2025-08-13 08:13:25 - INFO - Successfully loaded ratings for 291 bots from JSON.
2025-08-13 08:13:25 - INFO - Step 4: Extracting new games from BASIL ladder...
2025-08-13 08:13:25 - INFO - Fetching latest games from BASIL Ladder (Last 24h)...
2025-08-13 08:13:34 - INFO - Navigating to https://basil.bytekeeper.org/...
2025-08-13 08:13:35 - INFO - Waiting for page to load...
2025-08-13 08:13:35 - INFO - Clicking 'Last 24h' button...
2025-08-13 08:13:38 - INFO - Found 1140 games in the table
2025-08-13 08:14:40 - INFO - Browser closed.
2025-08-13 08:14:40 - INFO - Extracted data for 1140 games from the page.
2025-08-13 08:14:41 - INFO - Step 5: Updating games database with new games...
2025-08-13 08:14:41 - INFO - Attempting to update game database with newly scraped games...
2025-08-13 08:14:41 - INFO - Existing games in database: 153969
2025-08-13 08:14:41 - INFO - New games scraped: 1140
2025-08-13 08:15:29 - INFO - Found and skipped 591 duplicate game(s) already present in the database.
2025-08-13 08:15:29 - INFO - Found 549 new unique games.
2025-08-13 08:15:29 - INFO - Database size: 153969 -> 154518 (+549)
2025-08-13 08:15:30 - INFO - Database saved successfully to basil_ladder_games.csv
2025-08-13 08:15:30 - INFO - Step 6: Skipping replay download.
2025-08-13 08:15:30 - INFO - ==============================
2025-08-13 08:15:30 - INFO - Automated Scrape Task Finished
2025-08-13 08:15:30 - INFO - Outcome: SUCCESS
2025-08-13 08:15:30 - INFO - Total Duration: 125.81 seconds
2025-08-13 08:15:30 - INFO - ==============================
2025-08-13 20:10:05 - INFO - ==============================
2025-08-13 20:10:05 - INFO - Starting Automated Scrape Task
2025-08-13 20:10:05 - INFO - Download replays: Disabled
2025-08-13 20:10:05 - INFO - ==============================
2025-08-13 20:10:05 - INFO - Step 1: Loading existing game data...
2025-08-13 20:10:05 - INFO - Loading existing games data from basil_ladder_games.csv
2025-08-13 20:10:06 - INFO - Loaded 154518 games from existing database.
2025-08-13 20:10:06 - INFO - Step 2: Skipping syncing replay status.
2025-08-13 20:10:06 - INFO - Step 3: Fetching bot ratings...
2025-08-13 20:10:06 - INFO - Fetching master rating list from https://data.basil-ladder.net/stats/ranking.json...
2025-08-13 20:10:06 - INFO - Successfully loaded ratings for 291 bots from JSON.
2025-08-13 20:10:06 - INFO - Step 4: Extracting new games from BASIL ladder...
2025-08-13 20:10:06 - INFO - Fetching latest games from BASIL Ladder (Last 24h)...
2025-08-13 20:10:12 - INFO - Navigating to https://basil.bytekeeper.org/...
2025-08-13 20:10:13 - INFO - Waiting for page to load...
2025-08-13 20:10:14 - INFO - Clicking 'Last 24h' button...
2025-08-13 20:10:17 - INFO - Found 1141 games in the table
2025-08-13 20:11:19 - INFO - Browser closed.
2025-08-13 20:11:19 - INFO - Extracted data for 1141 games from the page.
2025-08-13 20:11:19 - INFO - Step 5: Updating games database with new games...
2025-08-13 20:11:19 - INFO - Attempting to update game database with newly scraped games...
2025-08-13 20:11:19 - INFO - Existing games in database: 154518
2025-08-13 20:11:19 - INFO - New games scraped: 1141
2025-08-13 20:12:09 - INFO - Found and skipped 569 duplicate game(s) already present in the database.
2025-08-13 20:12:09 - INFO - Found 572 new unique games.
2025-08-13 20:12:09 - INFO - Database size: 154518 -> 155090 (+572)
2025-08-13 20:12:09 - INFO - Database saved successfully to basil_ladder_games.csv
2025-08-13 20:12:09 - INFO - Step 6: Skipping replay download.
2025-08-13 20:12:09 - INFO - ==============================
2025-08-13 20:12:09 - INFO - Automated Scrape Task Finished
2025-08-13 20:12:09 - INFO - Outcome: SUCCESS
2025-08-13 20:12:09 - INFO - Total Duration: 124.26 seconds
2025-08-13 20:12:09 - INFO - ==============================
2025-08-14 08:13:54 - INFO - ==============================
2025-08-14 08:13:54 - INFO - Starting Automated Scrape Task
2025-08-14 08:13:54 - INFO - Download replays: Disabled
2025-08-14 08:13:54 - INFO - ==============================
2025-08-14 08:13:54 - INFO - Step 1: Loading existing game data...
2025-08-14 08:13:54 - INFO - Loading existing games data from basil_ladder_games.csv
2025-08-14 08:13:55 - INFO - Loaded 155090 games from existing database.
2025-08-14 08:13:55 - INFO - Step 2: Skipping syncing replay status.
2025-08-14 08:13:55 - INFO - Step 3: Fetching bot ratings...
2025-08-14 08:13:55 - INFO - Fetching master rating list from https://data.basil-ladder.net/stats/ranking.json...
2025-08-14 08:13:55 - INFO - Successfully loaded ratings for 291 bots from JSON.
2025-08-14 08:13:55 - INFO - Step 4: Extracting new games from BASIL ladder...
2025-08-14 08:13:55 - INFO - Fetching latest games from BASIL Ladder (Last 24h)...
2025-08-14 08:14:03 - INFO - Navigating to https://basil.bytekeeper.org/...
2025-08-14 08:14:04 - INFO - Waiting for page to load...
2025-08-14 08:14:04 - INFO - Clicking 'Last 24h' button...
2025-08-14 08:14:08 - INFO - Found 1163 games in the table
2025-08-14 08:15:12 - INFO - Browser closed.
2025-08-14 08:15:12 - INFO - Extracted data for 1163 games from the page.
2025-08-14 08:15:12 - INFO - Step 5: Updating games database with new games...
2025-08-14 08:15:12 - INFO - Attempting to update game database with newly scraped games...
2025-08-14 08:15:12 - INFO - Existing games in database: 155090
2025-08-14 08:15:12 - INFO - New games scraped: 1163
2025-08-14 08:16:03 - INFO - Found and skipped 595 duplicate game(s) already present in the database.
2025-08-14 08:16:03 - INFO - Found 568 new unique games.
2025-08-14 08:16:03 - INFO - Database size: 155090 -> 155658 (+568)
2025-08-14 08:16:03 - INFO - Database saved successfully to basil_ladder_games.csv
2025-08-14 08:16:03 - INFO - Step 6: Skipping replay download.
2025-08-14 08:16:03 - INFO - ==============================
2025-08-14 08:16:03 - INFO - Automated Scrape Task Finished
2025-08-14 08:16:03 - INFO - Outcome: SUCCESS
2025-08-14 08:16:03 - INFO - Total Duration: 129.23 seconds
2025-08-14 08:16:03 - INFO - ==============================
2025-08-14 20:10:56 - INFO - ==============================
2025-08-14 20:10:56 - INFO - Starting Automated Scrape Task
2025-08-14 20:10:56 - INFO - Download replays: Disabled
2025-08-14 20:10:56 - INFO - ==============================
2025-08-14 20:10:56 - INFO - Step 1: Loading existing game data...
2025-08-14 20:10:56 - INFO - Loading existing games data from basil_ladder_games.csv
2025-08-14 20:10:56 - INFO - Loaded 155658 games from existing database.
2025-08-14 20:10:56 - INFO - Step 2: Skipping syncing replay status.
2025-08-14 20:10:56 - INFO - Step 3: Fetching bot ratings...
2025-08-14 20:10:56 - INFO - Fetching master rating list from https://data.basil-ladder.net/stats/ranking.json...
2025-08-14 20:10:57 - INFO - Successfully loaded ratings for 291 bots from JSON.
2025-08-14 20:10:57 - INFO - Step 4: Extracting new games from BASIL ladder...
2025-08-14 20:10:57 - INFO - Fetching latest games from BASIL Ladder (Last 24h)...
2025-08-14 20:10:59 - INFO - Navigating to https://basil.bytekeeper.org/...
2025-08-14 20:11:00 - INFO - Waiting for page to load...
2025-08-14 20:11:00 - INFO - Clicking 'Last 24h' button...
2025-08-14 20:11:03 - INFO - Found 1180 games in the table
2025-08-14 20:12:07 - INFO - Browser closed.
2025-08-14 20:12:07 - INFO - Extracted data for 1180 games from the page.
2025-08-14 20:12:07 - INFO - Step 5: Updating games database with new games...
2025-08-14 20:12:07 - INFO - Attempting to update game database with newly scraped games...
2025-08-14 20:12:07 - INFO - Existing games in database: 155658
2025-08-14 20:12:07 - INFO - New games scraped: 1180
2025-08-14 20:12:59 - INFO - Found and skipped 583 duplicate game(s) already present in the database.
2025-08-14 20:12:59 - INFO - Found 597 new unique games.
2025-08-14 20:12:59 - INFO - Database size: 155658 -> 156255 (+597)
2025-08-14 20:13:00 - INFO - Database saved successfully to basil_ladder_games.csv
2025-08-14 20:13:00 - INFO - Step 6: Skipping replay download.
2025-08-14 20:13:00 - INFO - ==============================
2025-08-14 20:13:00 - INFO - Automated Scrape Task Finished
2025-08-14 20:13:00 - INFO - Outcome: SUCCESS
2025-08-14 20:13:00 - INFO - Total Duration: 123.95 seconds
2025-08-14 20:13:00 - INFO - ==============================
2025-08-15 08:13:24 - INFO - ==============================
2025-08-15 08:13:24 - INFO - Starting Automated Scrape Task
2025-08-15 08:13:24 - INFO - Download replays: Disabled
2025-08-15 08:13:24 - INFO - ==============================
2025-08-15 08:13:24 - INFO - Step 1: Loading existing game data...
2025-08-15 08:13:24 - INFO - Loading existing games data from basil_ladder_games.csv
2025-08-15 08:13:24 - INFO - Loaded 156255 games from existing database.
2025-08-15 08:13:24 - INFO - Step 2: Skipping syncing replay status.
2025-08-15 08:13:24 - INFO - Step 3: Fetching bot ratings...
2025-08-15 08:13:24 - INFO - Fetching master rating list from https://data.basil-ladder.net/stats/ranking.json...
2025-08-15 08:13:25 - INFO - Successfully loaded ratings for 291 bots from JSON.
2025-08-15 08:13:25 - INFO - Step 4: Extracting new games from BASIL ladder...
2025-08-15 08:13:25 - INFO - Fetching latest games from BASIL Ladder (Last 24h)...
2025-08-15 08:13:31 - INFO - Navigating to https://basil.bytekeeper.org/...
2025-08-15 08:13:32 - INFO - Waiting for page to load...
2025-08-15 08:13:32 - INFO - Clicking 'Last 24h' button...
2025-08-15 08:13:35 - INFO - Found 1168 games in the table
2025-08-15 08:14:40 - INFO - Browser closed.
2025-08-15 08:14:40 - INFO - Extracted data for 1168 games from the page.
2025-08-15 08:14:40 - INFO - Step 5: Updating games database with new games...
2025-08-15 08:14:40 - INFO - Attempting to update game database with newly scraped games...
2025-08-15 08:14:40 - INFO - Existing games in database: 156255
2025-08-15 08:14:40 - INFO - New games scraped: 1168
2025-08-15 08:15:31 - INFO - Found and skipped 615 duplicate game(s) already present in the database.
2025-08-15 08:15:31 - INFO - Found 553 new unique games.
2025-08-15 08:15:31 - INFO - Database size: 156255 -> 156808 (+553)
2025-08-15 08:15:32 - INFO - Database saved successfully to basil_ladder_games.csv
2025-08-15 08:15:32 - INFO - Step 6: Skipping replay download.
2025-08-15 08:15:32 - INFO - ==============================
2025-08-15 08:15:32 - INFO - Automated Scrape Task Finished
2025-08-15 08:15:32 - INFO - Outcome: SUCCESS
2025-08-15 08:15:32 - INFO - Total Duration: 127.72 seconds
2025-08-15 08:15:32 - INFO - ==============================
2025-08-15 20:10:04 - INFO - ==============================
2025-08-15 20:10:04 - INFO - Starting Automated Scrape Task
2025-08-15 20:10:04 - INFO - Download replays: Disabled
2025-08-15 20:10:04 - INFO - ==============================
2025-08-15 20:10:04 - INFO - Step 1: Loading existing game data...
2025-08-15 20:10:04 - INFO - Loading existing games data from basil_ladder_games.csv
2025-08-15 20:10:04 - INFO - Loaded 156808 games from existing database.
2025-08-15 20:10:04 - INFO - Step 2: Skipping syncing replay status.
2025-08-15 20:10:04 - INFO - Step 3: Fetching bot ratings...
2025-08-15 20:10:04 - INFO - Fetching master rating list from https://data.basil-ladder.net/stats/ranking.json...
2025-08-15 20:10:05 - INFO - Successfully loaded ratings for 291 bots from JSON.
2025-08-15 20:10:05 - INFO - Step 4: Extracting new games from BASIL ladder...
2025-08-15 20:10:05 - INFO - Fetching latest games from BASIL Ladder (Last 24h)...
2025-08-15 20:10:11 - INFO - Navigating to https://basil.bytekeeper.org/...
2025-08-15 20:10:12 - INFO - Waiting for page to load...
2025-08-15 20:10:12 - INFO - Clicking 'Last 24h' button...
2025-08-15 20:10:16 - INFO - Found 1155 games in the table
2025-08-15 20:11:21 - INFO - Browser closed.
2025-08-15 20:11:21 - INFO - Extracted data for 1155 games from the page.
2025-08-15 20:11:21 - INFO - Step 5: Updating games database with new games...
2025-08-15 20:11:21 - INFO - Attempting to update game database with newly scraped games...
2025-08-15 20:11:21 - INFO - Existing games in database: 156808
2025-08-15 20:11:21 - INFO - New games scraped: 1155
2025-08-15 20:12:11 - INFO - Found and skipped 576 duplicate game(s) already present in the database.
2025-08-15 20:12:11 - INFO - Found 579 new unique games.
2025-08-15 20:12:11 - INFO - Database size: 156808 -> 157387 (+579)
2025-08-15 20:12:12 - INFO - Database saved successfully to basil_ladder_games.csv
2025-08-15 20:12:12 - INFO - Step 6: Skipping replay download.
2025-08-15 20:12:12 - INFO - ==============================
2025-08-15 20:12:12 - INFO - Automated Scrape Task Finished
2025-08-15 20:12:12 - INFO - Outcome: SUCCESS
2025-08-15 20:12:12 - INFO - Total Duration: 128.43 seconds
2025-08-15 20:12:12 - INFO - ==============================
2025-08-16 08:11:39 - INFO - ==============================
2025-08-16 08:11:39 - INFO - Starting Automated Scrape Task
2025-08-16 08:11:39 - INFO - Download replays: Disabled
2025-08-16 08:11:39 - INFO - ==============================
2025-08-16 08:11:39 - INFO - Step 1: Loading existing game data...
2025-08-16 08:11:39 - INFO - Loading existing games data from basil_ladder_games.csv
2025-08-16 08:11:40 - INFO - Loaded 157387 games from existing database.
2025-08-16 08:11:40 - INFO - Step 2: Skipping syncing replay status.
2025-08-16 08:11:40 - INFO - Step 3: Fetching bot ratings...
2025-08-16 08:11:40 - INFO - Fetching master rating list from https://data.basil-ladder.net/stats/ranking.json...
2025-08-16 08:11:40 - INFO - Successfully loaded ratings for 291 bots from JSON.
2025-08-16 08:11:40 - INFO - Step 4: Extracting new games from BASIL ladder...
2025-08-16 08:11:40 - INFO - Fetching latest games from BASIL Ladder (Last 24h)...
2025-08-16 08:11:47 - INFO - Navigating to https://basil.bytekeeper.org/...
2025-08-16 08:11:48 - INFO - Waiting for page to load...
2025-08-16 08:11:49 - INFO - Clicking 'Last 24h' button...
2025-08-16 08:11:52 - INFO - Found 1114 games in the table
2025-08-16 08:12:54 - INFO - Browser closed.
2025-08-16 08:12:54 - INFO - Extracted data for 1114 games from the page.
2025-08-16 08:12:54 - INFO - Step 5: Updating games database with new games...
2025-08-16 08:12:54 - INFO - Attempting to update game database with newly scraped games...
2025-08-16 08:12:54 - INFO - Existing games in database: 157387
2025-08-16 08:12:54 - INFO - New games scraped: 1114
2025-08-16 08:13:42 - INFO - Found and skipped 597 duplicate game(s) already present in the database.
2025-08-16 08:13:42 - INFO - Found 517 new unique games.
2025-08-16 08:13:42 - INFO - Database size: 157387 -> 157904 (+517)
2025-08-16 08:13:43 - INFO - Database saved successfully to basil_ladder_games.csv
2025-08-16 08:13:43 - INFO - Step 6: Skipping replay download.
2025-08-16 08:13:43 - INFO - ==============================
2025-08-16 08:13:43 - INFO - Automated Scrape Task Finished
2025-08-16 08:13:43 - INFO - Outcome: SUCCESS
2025-08-16 08:13:43 - INFO - Total Duration: 123.81 seconds
2025-08-16 08:13:43 - INFO - ==============================
2025-08-16 20:09:03 - INFO - ==============================
2025-08-16 20:09:03 - INFO - Starting Automated Scrape Task
2025-08-16 20:09:03 - INFO - Download replays: Disabled
2025-08-16 20:09:03 - INFO - ==============================
2025-08-16 20:09:03 - INFO - Step 1: Loading existing game data...
2025-08-16 20:09:03 - INFO - Loading existing games data from basil_ladder_games.csv
2025-08-16 20:09:03 - INFO - Loaded 157904 games from existing database.
2025-08-16 20:09:03 - INFO - Step 2: Skipping syncing replay status.
2025-08-16 20:09:03 - INFO - Step 3: Fetching bot ratings...
2025-08-16 20:09:03 - INFO - Fetching master rating list from https://data.basil-ladder.net/stats/ranking.json...
2025-08-16 20:09:04 - INFO - Successfully loaded ratings for 291 bots from JSON.
2025-08-16 20:09:04 - INFO - Step 4: Extracting new games from BASIL ladder...
2025-08-16 20:09:04 - INFO - Fetching latest games from BASIL Ladder (Last 24h)...
2025-08-16 20:09:13 - INFO - Navigating to https://basil.bytekeeper.org/...
2025-08-16 20:09:15 - INFO - Waiting for page to load...
2025-08-16 20:09:15 - INFO - Clicking 'Last 24h' button...
2025-08-16 20:09:18 - INFO - Found 1100 games in the table
2025-08-16 20:10:19 - INFO - Browser closed.
2025-08-16 20:10:19 - INFO - Extracted data for 1100 games from the page.
2025-08-16 20:10:19 - INFO - Step 5: Updating games database with new games...
2025-08-16 20:10:19 - INFO - Attempting to update game database with newly scraped games...
2025-08-16 20:10:19 - INFO - Existing games in database: 157904
2025-08-16 20:10:19 - INFO - New games scraped: 1100
2025-08-16 20:11:07 - INFO - Found and skipped 558 duplicate game(s) already present in the database.
2025-08-16 20:11:07 - INFO - Found 542 new unique games.
2025-08-16 20:11:07 - INFO - Database size: 157904 -> 158446 (+542)
2025-08-16 20:11:08 - INFO - Database saved successfully to basil_ladder_games.csv
2025-08-16 20:11:08 - INFO - Step 6: Skipping replay download.
2025-08-16 20:11:08 - INFO - ==============================
2025-08-16 20:11:08 - INFO - Automated Scrape Task Finished
2025-08-16 20:11:08 - INFO - Outcome: SUCCESS
2025-08-16 20:11:08 - INFO - Total Duration: 125.05 seconds
2025-08-16 20:11:08 - INFO - ==============================
2025-08-17 08:12:08 - INFO - ==============================
2025-08-17 08:12:08 - INFO - Starting Automated Scrape Task
2025-08-17 08:12:08 - INFO - Download replays: Disabled
2025-08-17 08:12:08 - INFO - ==============================
2025-08-17 08:12:08 - INFO - Step 1: Loading existing game data...
2025-08-17 08:12:08 - INFO - Loading existing games data from basil_ladder_games.csv
2025-08-17 08:12:08 - INFO - Loaded 158446 games from existing database.
2025-08-17 08:12:08 - INFO - Step 2: Skipping syncing replay status.
2025-08-17 08:12:08 - INFO - Step 3: Fetching bot ratings...
2025-08-17 08:12:08 - INFO - Fetching master rating list from https://data.basil-ladder.net/stats/ranking.json...
2025-08-17 08:12:09 - INFO - Successfully loaded ratings for 291 bots from JSON.
2025-08-17 08:12:09 - INFO - Step 4: Extracting new games from BASIL ladder...
2025-08-17 08:12:09 - INFO - Fetching latest games from BASIL Ladder (Last 24h)...
2025-08-17 08:12:21 - INFO - Navigating to https://basil.bytekeeper.org/...
2025-08-17 08:12:22 - INFO - Waiting for page to load...
2025-08-17 08:12:22 - INFO - Clicking 'Last 24h' button...
2025-08-17 08:12:26 - INFO - Found 1087 games in the table
2025-08-17 08:13:26 - INFO - Browser closed.
2025-08-17 08:13:26 - INFO - Extracted data for 1087 games from the page.
2025-08-17 08:13:26 - INFO - Step 5: Updating games database with new games...
2025-08-17 08:13:26 - INFO - Attempting to update game database with newly scraped games...
2025-08-17 08:13:26 - INFO - Existing games in database: 158446
2025-08-17 08:13:26 - INFO - New games scraped: 1087
2025-08-17 08:14:14 - INFO - Found and skipped 559 duplicate game(s) already present in the database.
2025-08-17 08:14:14 - INFO - Found 528 new unique games.
2025-08-17 08:14:14 - INFO - Database size: 158446 -> 158974 (+528)
2025-08-17 08:14:15 - INFO - Database saved successfully to basil_ladder_games.csv
2025-08-17 08:14:15 - INFO - Step 6: Skipping replay download.
2025-08-17 08:14:15 - INFO - ==============================
2025-08-17 08:14:15 - INFO - Automated Scrape Task Finished
2025-08-17 08:14:15 - INFO - Outcome: SUCCESS
2025-08-17 08:14:15 - INFO - Total Duration: 126.95 seconds
2025-08-17 08:14:15 - INFO - ==============================
2025-08-17 20:09:34 - INFO - ==============================
2025-08-17 20:09:34 - INFO - Starting Automated Scrape Task
2025-08-17 20:09:34 - INFO - Download replays: Disabled
2025-08-17 20:09:34 - INFO - ==============================
2025-08-17 20:09:34 - INFO - Step 1: Loading existing game data...
2025-08-17 20:09:34 - INFO - Loading existing games data from basil_ladder_games.csv
2025-08-17 20:09:35 - INFO - Loaded 158974 games from existing database.
2025-08-17 20:09:35 - INFO - Step 2: Skipping syncing replay status.
2025-08-17 20:09:35 - INFO - Step 3: Fetching bot ratings...
2025-08-17 20:09:35 - INFO - Fetching master rating list from https://data.basil-ladder.net/stats/ranking.json...
2025-08-17 20:09:36 - INFO - Successfully loaded ratings for 291 bots from JSON.
2025-08-17 20:09:36 - INFO - Step 4: Extracting new games from BASIL ladder...
2025-08-17 20:09:36 - INFO - Fetching latest games from BASIL Ladder (Last 24h)...
2025-08-17 20:09:43 - INFO - Navigating to https://basil.bytekeeper.org/...
2025-08-17 20:09:45 - INFO - Waiting for page to load...
2025-08-17 20:09:45 - INFO - Clicking 'Last 24h' button...
2025-08-17 20:09:48 - INFO - Found 1016 games in the table
2025-08-17 20:10:44 - INFO - Browser closed.
2025-08-17 20:10:44 - INFO - Extracted data for 1016 games from the page.
2025-08-17 20:10:44 - INFO - Step 5: Updating games database with new games...
2025-08-17 20:10:44 - INFO - Attempting to update game database with newly scraped games...
2025-08-17 20:10:44 - INFO - Existing games in database: 158974
2025-08-17 20:10:44 - INFO - New games scraped: 1016
2025-08-17 20:11:29 - INFO - Found and skipped 522 duplicate game(s) already present in the database.
2025-08-17 20:11:29 - INFO - Found 494 new unique games.
2025-08-17 20:11:29 - INFO - Database size: 158974 -> 159468 (+494)
2025-08-17 20:11:30 - INFO - Database saved successfully to basil_ladder_games.csv
2025-08-17 20:11:30 - INFO - Step 6: Skipping replay download.
2025-08-17 20:11:30 - INFO - ==============================
2025-08-17 20:11:30 - INFO - Automated Scrape Task Finished
2025-08-17 20:11:30 - INFO - Outcome: SUCCESS
2025-08-17 20:11:30 - INFO - Total Duration: 116.18 seconds
2025-08-17 20:11:30 - INFO - ==============================
2025-08-18 08:15:04 - INFO - ==============================
2025-08-18 08:15:04 - INFO - Starting Automated Scrape Task
2025-08-18 08:15:04 - INFO - Download replays: Disabled
2025-08-18 08:15:04 - INFO - ==============================
2025-08-18 08:15:04 - INFO - Step 1: Loading existing game data...
2025-08-18 08:15:04 - INFO - Loading existing games data from basil_ladder_games.csv
2025-08-18 08:15:04 - INFO - Loaded 159468 games from existing database.
2025-08-18 08:15:04 - INFO - Step 2: Skipping syncing replay status.
2025-08-18 08:15:04 - INFO - Step 3: Fetching bot ratings...
2025-08-18 08:15:04 - INFO - Fetching master rating list from https://data.basil-ladder.net/stats/ranking.json...
2025-08-18 08:15:05 - INFO - Successfully loaded ratings for 291 bots from JSON.
2025-08-18 08:15:05 - INFO - Step 4: Extracting new games from BASIL ladder...
2025-08-18 08:15:05 - INFO - Fetching latest games from BASIL Ladder (Last 24h)...
2025-08-18 08:15:07 - INFO - Navigating to https://basil.bytekeeper.org/...
2025-08-18 08:15:07 - INFO - Waiting for page to load...
2025-08-18 08:15:07 - INFO - Clicking 'Last 24h' button...
2025-08-18 08:15:11 - INFO - Found 1057 games in the table
2025-08-18 08:16:08 - INFO - Browser closed.
2025-08-18 08:16:08 - INFO - Extracted data for 1057 games from the page.
2025-08-18 08:16:08 - INFO - Step 5: Updating games database with new games...
2025-08-18 08:16:08 - INFO - Attempting to update game database with newly scraped games...
2025-08-18 08:16:08 - INFO - Existing games in database: 159468
2025-08-18 08:16:08 - INFO - New games scraped: 1057
2025-08-18 08:16:54 - INFO - Found and skipped 511 duplicate game(s) already present in the database.
2025-08-18 08:16:54 - INFO - Found 546 new unique games.
2025-08-18 08:16:54 - INFO - Database size: 159468 -> 160014 (+546)
2025-08-18 08:16:55 - INFO - Database saved successfully to basil_ladder_games.csv
2025-08-18 08:16:55 - INFO - Step 6: Skipping replay download.
2025-08-18 08:16:55 - INFO - ==============================
2025-08-18 08:16:55 - INFO - Automated Scrape Task Finished
2025-08-18 08:16:55 - INFO - Outcome: SUCCESS
2025-08-18 08:16:55 - INFO - Total Duration: 111.15 seconds
2025-08-18 08:16:55 - INFO - ==============================
2025-08-18 20:10:32 - INFO - ==============================
2025-08-18 20:10:32 - INFO - Starting Automated Scrape Task
2025-08-18 20:10:32 - INFO - Download replays: Disabled
2025-08-18 20:10:32 - INFO - ==============================
2025-08-18 20:10:32 - INFO - Step 1: Loading existing game data...
2025-08-18 20:10:32 - INFO - Loading existing games data from basil_ladder_games.csv
2025-08-18 20:10:32 - INFO - Loaded 160014 games from existing database.
2025-08-18 20:10:32 - INFO - Step 2: Skipping syncing replay status.
2025-08-18 20:10:32 - INFO - Step 3: Fetching bot ratings...
2025-08-18 20:10:32 - INFO - Fetching master rating list from https://data.basil-ladder.net/stats/ranking.json...
2025-08-18 20:10:33 - INFO - Successfully loaded ratings for 291 bots from JSON.
2025-08-18 20:10:33 - INFO - Step 4: Extracting new games from BASIL ladder...
2025-08-18 20:10:33 - INFO - Fetching latest games from BASIL Ladder (Last 24h)...
2025-08-18 20:10:38 - INFO - Navigating to https://basil.bytekeeper.org/...
2025-08-18 20:10:39 - INFO - Waiting for page to load...
2025-08-18 20:10:39 - INFO - Clicking 'Last 24h' button...
2025-08-18 20:10:43 - INFO - Found 1082 games in the table
2025-08-18 20:11:43 - INFO - Browser closed.
2025-08-18 20:11:43 - INFO - Extracted data for 1082 games from the page.
2025-08-18 20:11:43 - INFO - Step 5: Updating games database with new games...
2025-08-18 20:11:43 - INFO - Attempting to update game database with newly scraped games...
2025-08-18 20:11:43 - INFO - Existing games in database: 160014
2025-08-18 20:11:43 - INFO - New games scraped: 1082
2025-08-18 20:12:30 - INFO - Found and skipped 564 duplicate game(s) already present in the database.
2025-08-18 20:12:30 - INFO - Found 518 new unique games.
2025-08-18 20:12:31 - INFO - Database size: 160014 -> 160532 (+518)
2025-08-18 20:12:31 - INFO - Database saved successfully to basil_ladder_games.csv
2025-08-18 20:12:31 - INFO - Step 6: Skipping replay download.
2025-08-18 20:12:31 - INFO - ==============================
2025-08-18 20:12:31 - INFO - Automated Scrape Task Finished
2025-08-18 20:12:31 - INFO - Outcome: SUCCESS
2025-08-18 20:12:31 - INFO - Total Duration: 119.86 seconds
2025-08-18 20:12:31 - INFO - ==============================
2025-08-19 08:12:50 - INFO - ==============================
2025-08-19 08:12:50 - INFO - Starting Automated Scrape Task
2025-08-19 08:12:50 - INFO - Download replays: Disabled
2025-08-19 08:12:50 - INFO - ==============================
2025-08-19 08:12:50 - INFO - Step 1: Loading existing game data...
2025-08-19 08:12:50 - INFO - Loading existing games data from basil_ladder_games.csv
2025-08-19 08:12:51 - INFO - Loaded 160532 games from existing database.
2025-08-19 08:12:51 - INFO - Step 2: Skipping syncing replay status.
2025-08-19 08:12:51 - INFO - Step 3: Fetching bot ratings...
2025-08-19 08:12:51 - INFO - Fetching master rating list from https://data.basil-ladder.net/stats/ranking.json...
2025-08-19 08:12:51 - INFO - Successfully loaded ratings for 291 bots from JSON.
2025-08-19 08:12:51 - INFO - Step 4: Extracting new games from BASIL ladder...
2025-08-19 08:12:51 - INFO - Fetching latest games from BASIL Ladder (Last 24h)...
2025-08-19 08:12:53 - INFO - Navigating to https://basil.bytekeeper.org/...
2025-08-19 08:12:54 - INFO - Waiting for page to load...
2025-08-19 08:12:54 - INFO - Clicking 'Last 24h' button...
2025-08-19 08:12:57 - INFO - Found 1057 games in the table
2025-08-19 08:13:55 - INFO - Browser closed.
2025-08-19 08:13:55 - INFO - Extracted data for 1057 games from the page.
2025-08-19 08:13:55 - INFO - Step 5: Updating games database with new games...
2025-08-19 08:13:55 - INFO - Attempting to update game database with newly scraped games...
2025-08-19 08:13:55 - INFO - Existing games in database: 160532
2025-08-19 08:13:55 - INFO - New games scraped: 1057
2025-08-19 08:14:42 - INFO - Found and skipped 541 duplicate game(s) already present in the database.
2025-08-19 08:14:42 - INFO - Found 516 new unique games.
2025-08-19 08:14:42 - INFO - Database size: 160532 -> 161048 (+516)
2025-08-19 08:14:43 - INFO - Database saved successfully to basil_ladder_games.csv
2025-08-19 08:14:43 - INFO - Step 6: Skipping replay download.
2025-08-19 08:14:43 - INFO - ==============================
2025-08-19 08:14:43 - INFO - Automated Scrape Task Finished
2025-08-19 08:14:43 - INFO - Outcome: SUCCESS
2025-08-19 08:14:43 - INFO - Total Duration: 112.88 seconds
2025-08-19 08:14:43 - INFO - ==============================
2025-08-19 20:10:00 - INFO - ==============================
2025-08-19 20:10:00 - INFO - Starting Automated Scrape Task
2025-08-19 20:10:00 - INFO - Download replays: Disabled
2025-08-19 20:10:00 - INFO - ==============================
2025-08-19 20:10:00 - INFO - Step 1: Loading existing game data...
2025-08-19 20:10:00 - INFO - Loading existing games data from basil_ladder_games.csv
2025-08-19 20:10:00 - INFO - Loaded 161048 games from existing database.
2025-08-19 20:10:00 - INFO - Step 2: Skipping syncing replay status.
2025-08-19 20:10:00 - INFO - Step 3: Fetching bot ratings...
2025-08-19 20:10:00 - INFO - Fetching master rating list from https://data.basil-ladder.net/stats/ranking.json...
2025-08-19 20:10:01 - INFO - Successfully loaded ratings for 291 bots from JSON.
2025-08-19 20:10:01 - INFO - Step 4: Extracting new games from BASIL ladder...
2025-08-19 20:10:01 - INFO - Fetching latest games from BASIL Ladder (Last 24h)...
2025-08-19 20:10:08 - INFO - Navigating to https://basil.bytekeeper.org/...
2025-08-19 20:10:09 - INFO - Waiting for page to load...
2025-08-19 20:10:09 - INFO - Clicking 'Last 24h' button...
2025-08-19 20:10:13 - INFO - Found 1088 games in the table
2025-08-19 20:11:12 - INFO - Browser closed.
2025-08-19 20:11:12 - INFO - Extracted data for 1088 games from the page.
2025-08-19 20:11:12 - INFO - Step 5: Updating games database with new games...
2025-08-19 20:11:12 - INFO - Attempting to update game database with newly scraped games...
2025-08-19 20:11:12 - INFO - Existing games in database: 161048
2025-08-19 20:11:12 - INFO - New games scraped: 1088
2025-08-19 20:12:01 - INFO - Found and skipped 540 duplicate game(s) already present in the database.
2025-08-19 20:12:01 - INFO - Found 548 new unique games.
2025-08-19 20:12:01 - INFO - Database size: 161048 -> 161596 (+548)
2025-08-19 20:12:02 - INFO - Database saved successfully to basil_ladder_games.csv
2025-08-19 20:12:02 - INFO - Step 6: Skipping replay download.
2025-08-19 20:12:02 - INFO - ==============================
2025-08-19 20:12:02 - INFO - Automated Scrape Task Finished
2025-08-19 20:12:02 - INFO - Outcome: SUCCESS
2025-08-19 20:12:02 - INFO - Total Duration: 121.79 seconds
2025-08-19 20:12:02 - INFO - ==============================
2025-08-20 08:12:34 - INFO - ==============================
2025-08-20 08:12:34 - INFO - Starting Automated Scrape Task
2025-08-20 08:12:34 - INFO - Download replays: Disabled
2025-08-20 08:12:34 - INFO - ==============================
2025-08-20 08:12:34 - INFO - Step 1: Loading existing game data...
2025-08-20 08:12:34 - INFO - Loading existing games data from basil_ladder_games.csv
2025-08-20 08:12:34 - INFO - Loaded 161596 games from existing database.
2025-08-20 08:12:34 - INFO - Step 2: Skipping syncing replay status.
2025-08-20 08:12:34 - INFO - Step 3: Fetching bot ratings...
2025-08-20 08:12:34 - INFO - Fetching master rating list from https://data.basil-ladder.net/stats/ranking.json...
2025-08-20 08:12:35 - INFO - Successfully loaded ratings for 291 bots from JSON.
2025-08-20 08:12:35 - INFO - Step 4: Extracting new games from BASIL ladder...
2025-08-20 08:12:35 - INFO - Fetching latest games from BASIL Ladder (Last 24h)...
2025-08-20 08:12:42 - INFO - Navigating to https://basil.bytekeeper.org/...
2025-08-20 08:12:43 - INFO - Waiting for page to load...
2025-08-20 08:12:43 - INFO - Clicking 'Last 24h' button...
2025-08-20 08:12:46 - INFO - Found 1094 games in the table
2025-08-20 08:13:48 - INFO - Browser closed.
2025-08-20 08:13:48 - INFO - Extracted data for 1094 games from the page.
2025-08-20 08:13:48 - INFO - Step 5: Updating games database with new games...
2025-08-20 08:13:48 - INFO - Attempting to update game database with newly scraped games...
2025-08-20 08:13:48 - INFO - Existing games in database: 161596
2025-08-20 08:13:48 - INFO - New games scraped: 1094
2025-08-20 08:14:37 - INFO - Found and skipped 571 duplicate game(s) already present in the database.
2025-08-20 08:14:37 - INFO - Found 523 new unique games.
2025-08-20 08:14:37 - INFO - Database size: 161596 -> 162119 (+523)
2025-08-20 08:14:38 - INFO - Database saved successfully to basil_ladder_games.csv
2025-08-20 08:14:38 - INFO - Step 6: Skipping replay download.
2025-08-20 08:14:38 - INFO - ==============================
2025-08-20 08:14:38 - INFO - Automated Scrape Task Finished
2025-08-20 08:14:38 - INFO - Outcome: SUCCESS
2025-08-20 08:14:38 - INFO - Total Duration: 124.32 seconds
2025-08-20 08:14:38 - INFO - ==============================
2025-08-20 20:10:30 - INFO - ==============================
2025-08-20 20:10:30 - INFO - Starting Automated Scrape Task
2025-08-20 20:10:30 - INFO - Download replays: Disabled
2025-08-20 20:10:30 - INFO - ==============================
2025-08-20 20:10:30 - INFO - Step 1: Loading existing game data...
2025-08-20 20:10:30 - INFO - Loading existing games data from basil_ladder_games.csv
2025-08-20 20:10:30 - INFO - Loaded 162119 games from existing database.
2025-08-20 20:10:30 - INFO - Step 2: Skipping syncing replay status.
2025-08-20 20:10:30 - INFO - Step 3: Fetching bot ratings...
2025-08-20 20:10:30 - INFO - Fetching master rating list from https://data.basil-ladder.net/stats/ranking.json...
2025-08-20 20:10:31 - INFO - Successfully loaded ratings for 291 bots from JSON.
2025-08-20 20:10:31 - INFO - Step 4: Extracting new games from BASIL ladder...
2025-08-20 20:10:31 - INFO - Fetching latest games from BASIL Ladder (Last 24h)...
2025-08-20 20:10:37 - INFO - Navigating to https://basil.bytekeeper.org/...
2025-08-20 20:10:38 - INFO - Waiting for page to load...
2025-08-20 20:10:38 - INFO - Clicking 'Last 24h' button...
2025-08-20 20:10:42 - INFO - Found 1062 games in the table
2025-08-20 20:11:41 - INFO - Browser closed.
2025-08-20 20:11:41 - INFO - Extracted data for 1062 games from the page.
2025-08-20 20:11:41 - INFO - Step 5: Updating games database with new games...
2025-08-20 20:11:41 - INFO - Attempting to update game database with newly scraped games...
2025-08-20 20:11:41 - INFO - Existing games in database: 162119
2025-08-20 20:11:41 - INFO - New games scraped: 1062
2025-08-20 20:12:29 - INFO - Found and skipped 542 duplicate game(s) already present in the database.
2025-08-20 20:12:29 - INFO - Found 520 new unique games.
2025-08-20 20:12:29 - INFO - Database size: 162119 -> 162639 (+520)
2025-08-20 20:12:30 - INFO - Database saved successfully to basil_ladder_games.csv
2025-08-20 20:12:30 - INFO - Step 6: Skipping replay download.
2025-08-20 20:12:30 - INFO - ==============================
2025-08-20 20:12:30 - INFO - Automated Scrape Task Finished
2025-08-20 20:12:30 - INFO - Outcome: SUCCESS
2025-08-20 20:12:30 - INFO - Total Duration: 120.31 seconds
2025-08-20 20:12:30 - INFO - ==============================
2025-08-21 08:13:03 - INFO - ==============================
2025-08-21 08:13:03 - INFO - Starting Automated Scrape Task
2025-08-21 08:13:03 - INFO - Download replays: Disabled
2025-08-21 08:13:03 - INFO - ==============================
2025-08-21 08:13:03 - INFO - Step 1: Loading existing game data...
2025-08-21 08:13:03 - INFO - Loading existing games data from basil_ladder_games.csv
2025-08-21 08:13:03 - INFO - Loaded 162639 games from existing database.
2025-08-21 08:13:03 - INFO - Step 2: Skipping syncing replay status.
2025-08-21 08:13:03 - INFO - Step 3: Fetching bot ratings...
2025-08-21 08:13:03 - INFO - Fetching master rating list from https://data.basil-ladder.net/stats/ranking.json...
2025-08-21 08:13:04 - INFO - Successfully loaded ratings for 291 bots from JSON.
2025-08-21 08:13:04 - INFO - Step 4: Extracting new games from BASIL ladder...
2025-08-21 08:13:04 - INFO - Fetching latest games from BASIL Ladder (Last 24h)...
2025-08-21 08:13:11 - INFO - Navigating to https://basil.bytekeeper.org/...
2025-08-21 08:13:12 - INFO - Waiting for page to load...
2025-08-21 08:13:12 - INFO - Clicking 'Last 24h' button...
2025-08-21 08:13:16 - INFO - Found 1078 games in the table
2025-08-21 08:14:16 - INFO - Browser closed.
2025-08-21 08:14:16 - INFO - Extracted data for 1078 games from the page.
2025-08-21 08:14:16 - INFO - Step 5: Updating games database with new games...
2025-08-21 08:14:16 - INFO - Attempting to update game database with newly scraped games...
2025-08-21 08:14:16 - INFO - Existing games in database: 162639
2025-08-21 08:14:16 - INFO - New games scraped: 1078
2025-08-21 08:15:05 - INFO - Found and skipped 532 duplicate game(s) already present in the database.
2025-08-21 08:15:05 - INFO - Found 546 new unique games.
2025-08-21 08:15:05 - INFO - Database size: 162639 -> 163185 (+546)
2025-08-21 08:15:06 - INFO - Database saved successfully to basil_ladder_games.csv
2025-08-21 08:15:06 - INFO - Step 6: Skipping replay download.
2025-08-21 08:15:06 - INFO - ==============================
2025-08-21 08:15:06 - INFO - Automated Scrape Task Finished
2025-08-21 08:15:06 - INFO - Outcome: SUCCESS
2025-08-21 08:15:06 - INFO - Total Duration: 123.04 seconds
2025-08-21 08:15:06 - INFO - ==============================
2025-08-21 20:10:10 - INFO - ==============================
2025-08-21 20:10:10 - INFO - Starting Automated Scrape Task
2025-08-21 20:10:10 - INFO - Download replays: Disabled
2025-08-21 20:10:10 - INFO - ==============================
2025-08-21 20:10:10 - INFO - Step 1: Loading existing game data...
2025-08-21 20:10:10 - INFO - Loading existing games data from basil_ladder_games.csv
2025-08-21 20:10:10 - INFO - Loaded 163185 games from existing database.
2025-08-21 20:10:10 - INFO - Step 2: Skipping syncing replay status.
2025-08-21 20:10:10 - INFO - Step 3: Fetching bot ratings...
2025-08-21 20:10:10 - INFO - Fetching master rating list from https://data.basil-ladder.net/stats/ranking.json...
2025-08-21 20:10:11 - INFO - Successfully loaded ratings for 291 bots from JSON.
2025-08-21 20:10:11 - INFO - Step 4: Extracting new games from BASIL ladder...
2025-08-21 20:10:11 - INFO - Fetching latest games from BASIL Ladder (Last 24h)...
2025-08-21 20:10:13 - INFO - Navigating to https://basil.bytekeeper.org/...
2025-08-21 20:10:13 - INFO - Waiting for page to load...
2025-08-21 20:10:13 - INFO - Clicking 'Last 24h' button...
2025-08-21 20:10:17 - INFO - Found 1108 games in the table
2025-08-21 20:11:17 - INFO - Browser closed.
2025-08-21 20:11:17 - INFO - Extracted data for 1108 games from the page.
2025-08-21 20:11:17 - INFO - Step 5: Updating games database with new games...
2025-08-21 20:11:17 - INFO - Attempting to update game database with newly scraped games...
2025-08-21 20:11:17 - INFO - Existing games in database: 163185
2025-08-21 20:11:17 - INFO - New games scraped: 1108
2025-08-21 20:12:07 - INFO - Found and skipped 556 duplicate game(s) already present in the database.
2025-08-21 20:12:07 - INFO - Found 552 new unique games.
2025-08-21 20:12:07 - INFO - Database size: 163185 -> 163737 (+552)
2025-08-21 20:12:08 - INFO - Database saved successfully to basil_ladder_games.csv
2025-08-21 20:12:08 - INFO - Step 6: Skipping replay download.
2025-08-21 20:12:08 - INFO - ==============================
2025-08-21 20:12:08 - INFO - Automated Scrape Task Finished
2025-08-21 20:12:08 - INFO - Outcome: SUCCESS
2025-08-21 20:12:08 - INFO - Total Duration: 118.08 seconds
2025-08-21 20:12:08 - INFO - ==============================
2025-08-22 08:12:52 - INFO - ==============================
2025-08-22 08:12:52 - INFO - Starting Automated Scrape Task
2025-08-22 08:12:52 - INFO - Download replays: Disabled
2025-08-22 08:12:52 - INFO - ==============================
2025-08-22 08:12:52 - INFO - Step 1: Loading existing game data...
2025-08-22 08:12:52 - INFO - Loading existing games data from basil_ladder_games.csv
2025-08-22 08:12:53 - INFO - Loaded 163737 games from existing database.
2025-08-22 08:12:53 - INFO - Step 2: Skipping syncing replay status.
2025-08-22 08:12:53 - INFO - Step 3: Fetching bot ratings...
2025-08-22 08:12:53 - INFO - Fetching master rating list from https://data.basil-ladder.net/stats/ranking.json...
2025-08-22 08:12:54 - INFO - Successfully loaded ratings for 291 bots from JSON.
2025-08-22 08:12:54 - INFO - Step 4: Extracting new games from BASIL ladder...
2025-08-22 08:12:54 - INFO - Fetching latest games from BASIL Ladder (Last 24h)...
2025-08-22 08:13:00 - INFO - Navigating to https://basil.bytekeeper.org/...
2025-08-22 08:13:01 - INFO - Waiting for page to load...
2025-08-22 08:13:01 - INFO - Clicking 'Last 24h' button...
2025-08-22 08:13:04 - INFO - Found 1083 games in the table
2025-08-22 08:14:05 - INFO - Browser closed.
2025-08-22 08:14:05 - INFO - Extracted data for 1083 games from the page.
2025-08-22 08:14:05 - INFO - Step 5: Updating games database with new games...
2025-08-22 08:14:05 - INFO - Attempting to update game database with newly scraped games...
2025-08-22 08:14:05 - INFO - Existing games in database: 163737
2025-08-22 08:14:05 - INFO - New games scraped: 1083
2025-08-22 08:14:55 - INFO - Found and skipped 569 duplicate game(s) already present in the database.
2025-08-22 08:14:55 - INFO - Found 514 new unique games.
2025-08-22 08:14:55 - INFO - Database size: 163737 -> 164251 (+514)
2025-08-22 08:14:56 - INFO - Database saved successfully to basil_ladder_games.csv
2025-08-22 08:14:56 - INFO - Step 6: Skipping replay download.
2025-08-22 08:14:56 - INFO - ==============================
2025-08-22 08:14:56 - INFO - Automated Scrape Task Finished
2025-08-22 08:14:56 - INFO - Outcome: SUCCESS
2025-08-22 08:14:56 - INFO - Total Duration: 123.79 seconds
2025-08-22 08:14:56 - INFO - ==============================
2025-08-22 20:09:50 - INFO - ==============================
2025-08-22 20:09:50 - INFO - Starting Automated Scrape Task
2025-08-22 20:09:50 - INFO - Download replays: Disabled
2025-08-22 20:09:50 - INFO - ==============================
2025-08-22 20:09:50 - INFO - Step 1: Loading existing game data...
2025-08-22 20:09:50 - INFO - Loading existing games data from basil_ladder_games.csv
2025-08-22 20:09:50 - INFO - Loaded 164251 games from existing database.
2025-08-22 20:09:50 - INFO - Step 2: Skipping syncing replay status.
2025-08-22 20:09:50 - INFO - Step 3: Fetching bot ratings...
2025-08-22 20:09:50 - INFO - Fetching master rating list from https://data.basil-ladder.net/stats/ranking.json...
2025-08-22 20:09:51 - INFO - Successfully loaded ratings for 291 bots from JSON.
2025-08-22 20:09:51 - INFO - Step 4: Extracting new games from BASIL ladder...
2025-08-22 20:09:51 - INFO - Fetching latest games from BASIL Ladder (Last 24h)...
2025-08-22 20:09:57 - INFO - Navigating to https://basil.bytekeeper.org/...
2025-08-22 20:09:58 - INFO - Waiting for page to load...
2025-08-22 20:09:58 - INFO - Clicking 'Last 24h' button...
2025-08-22 20:10:01 - INFO - Found 1053 games in the table
2025-08-22 20:10:59 - INFO - Browser closed.
2025-08-22 20:10:59 - INFO - Extracted data for 1053 games from the page.
2025-08-22 20:10:59 - INFO - Step 5: Updating games database with new games...
2025-08-22 20:10:59 - INFO - Attempting to update game database with newly scraped games...
2025-08-22 20:10:59 - INFO - Existing games in database: 164251
2025-08-22 20:10:59 - INFO - New games scraped: 1053
2025-08-22 20:11:48 - INFO - Found and skipped 531 duplicate game(s) already present in the database.
2025-08-22 20:11:48 - INFO - Found 522 new unique games.
2025-08-22 20:11:48 - INFO - Database size: 164251 -> 164773 (+522)
2025-08-22 20:11:49 - INFO - Database saved successfully to basil_ladder_games.csv
2025-08-22 20:11:49 - INFO - Step 6: Skipping replay download.
2025-08-22 20:11:49 - INFO - ==============================
2025-08-22 20:11:49 - INFO - Automated Scrape Task Finished
2025-08-22 20:11:49 - INFO - Outcome: SUCCESS
2025-08-22 20:11:49 - INFO - Total Duration: 119.21 seconds
2025-08-22 20:11:49 - INFO - ==============================
2025-08-23 08:10:44 - INFO - ==============================
2025-08-23 08:10:44 - INFO - Starting Automated Scrape Task
2025-08-23 08:10:44 - INFO - Download replays: Disabled
2025-08-23 08:10:44 - INFO - ==============================
2025-08-23 08:10:44 - INFO - Step 1: Loading existing game data...
2025-08-23 08:10:44 - INFO - Loading existing games data from basil_ladder_games.csv
2025-08-23 08:10:44 - INFO - Loaded 164773 games from existing database.
2025-08-23 08:10:44 - INFO - Step 2: Skipping syncing replay status.
2025-08-23 08:10:44 - INFO - Step 3: Fetching bot ratings...
2025-08-23 08:10:44 - INFO - Fetching master rating list from https://data.basil-ladder.net/stats/ranking.json...
2025-08-23 08:10:45 - INFO - Successfully loaded ratings for 291 bots from JSON.
2025-08-23 08:10:45 - INFO - Step 4: Extracting new games from BASIL ladder...
2025-08-23 08:10:45 - INFO - Fetching latest games from BASIL Ladder (Last 24h)...
2025-08-23 08:10:53 - INFO - Navigating to https://basil.bytekeeper.org/...
2025-08-23 08:10:54 - INFO - Waiting for page to load...
2025-08-23 08:10:54 - INFO - Clicking 'Last 24h' button...
2025-08-23 08:10:58 - INFO - Found 1093 games in the table
2025-08-23 08:12:00 - INFO - Browser closed.
2025-08-23 08:12:00 - INFO - Extracted data for 1093 games from the page.
2025-08-23 08:12:00 - INFO - Step 5: Updating games database with new games...
2025-08-23 08:12:00 - INFO - Attempting to update game database with newly scraped games...
2025-08-23 08:12:00 - INFO - Existing games in database: 164773
2025-08-23 08:12:00 - INFO - New games scraped: 1093
2025-08-23 08:12:50 - INFO - Found and skipped 538 duplicate game(s) already present in the database.
2025-08-23 08:12:50 - INFO - Found 555 new unique games.
2025-08-23 08:12:50 - INFO - Database size: 164773 -> 165328 (+555)
2025-08-23 08:12:51 - INFO - Database saved successfully to basil_ladder_games.csv
2025-08-23 08:12:51 - INFO - Step 6: Skipping replay download.
2025-08-23 08:12:51 - INFO - ==============================
2025-08-23 08:12:51 - INFO - Automated Scrape Task Finished
2025-08-23 08:12:51 - INFO - Outcome: SUCCESS
2025-08-23 08:12:51 - INFO - Total Duration: 126.77 seconds
2025-08-23 08:12:51 - INFO - ==============================
2025-08-23 20:08:35 - INFO - ==============================
2025-08-23 20:08:35 - INFO - Starting Automated Scrape Task
2025-08-23 20:08:35 - INFO - Download replays: Disabled
2025-08-23 20:08:35 - INFO - ==============================
2025-08-23 20:08:35 - INFO - Step 1: Loading existing game data...
2025-08-23 20:08:35 - INFO - Loading existing games data from basil_ladder_games.csv
2025-08-23 20:08:35 - INFO - Loaded 165328 games from existing database.
2025-08-23 20:08:35 - INFO - Step 2: Skipping syncing replay status.
2025-08-23 20:08:35 - INFO - Step 3: Fetching bot ratings...
2025-08-23 20:08:35 - INFO - Fetching master rating list from https://data.basil-ladder.net/stats/ranking.json...
2025-08-23 20:08:36 - INFO - Successfully loaded ratings for 291 bots from JSON.
2025-08-23 20:08:36 - INFO - Step 4: Extracting new games from BASIL ladder...
2025-08-23 20:08:36 - INFO - Fetching latest games from BASIL Ladder (Last 24h)...
2025-08-23 20:08:45 - INFO - Navigating to https://basil.bytekeeper.org/...
2025-08-23 20:08:46 - INFO - Waiting for page to load...
2025-08-23 20:08:46 - INFO - Clicking 'Last 24h' button...
2025-08-23 20:08:50 - INFO - Found 1129 games in the table
2025-08-23 20:09:52 - INFO - Browser closed.
2025-08-23 20:09:52 - INFO - Extracted data for 1129 games from the page.
2025-08-23 20:09:52 - INFO - Step 5: Updating games database with new games...
2025-08-23 20:09:52 - INFO - Attempting to update game database with newly scraped games...
2025-08-23 20:09:52 - INFO - Existing games in database: 165328
2025-08-23 20:09:52 - INFO - New games scraped: 1129
2025-08-23 20:10:44 - INFO - Found and skipped 577 duplicate game(s) already present in the database.
2025-08-23 20:10:44 - INFO - Found 552 new unique games.
2025-08-23 20:10:44 - INFO - Database size: 165328 -> 165880 (+552)
2025-08-23 20:10:45 - INFO - Database saved successfully to basil_ladder_games.csv
2025-08-23 20:10:45 - INFO - Step 6: Skipping replay download.
2025-08-23 20:10:45 - INFO - ==============================
2025-08-23 20:10:45 - INFO - Automated Scrape Task Finished
2025-08-23 20:10:45 - INFO - Outcome: SUCCESS
2025-08-23 20:10:45 - INFO - Total Duration: 129.68 seconds
2025-08-23 20:10:45 - INFO - ==============================
2025-08-24 08:10:31 - INFO - ==============================
2025-08-24 08:10:31 - INFO - Starting Automated Scrape Task
2025-08-24 08:10:31 - INFO - Download replays: Disabled
2025-08-24 08:10:31 - INFO - ==============================
2025-08-24 08:10:31 - INFO - Step 1: Loading existing game data...
2025-08-24 08:10:31 - INFO - Loading existing games data from basil_ladder_games.csv
2025-08-24 08:10:32 - INFO - Loaded 165880 games from existing database.
2025-08-24 08:10:32 - INFO - Step 2: Skipping syncing replay status.
2025-08-24 08:10:32 - INFO - Step 3: Fetching bot ratings...
2025-08-24 08:10:32 - INFO - Fetching master rating list from https://data.basil-ladder.net/stats/ranking.json...
2025-08-24 08:10:33 - INFO - Successfully loaded ratings for 291 bots from JSON.
2025-08-24 08:10:33 - INFO - Step 4: Extracting new games from BASIL ladder...
2025-08-24 08:10:33 - INFO - Fetching latest games from BASIL Ladder (Last 24h)...
2025-08-24 08:10:42 - INFO - Navigating to https://basil.bytekeeper.org/...
2025-08-24 08:10:43 - INFO - Waiting for page to load...
2025-08-24 08:10:43 - INFO - Clicking 'Last 24h' button...
2025-08-24 08:10:47 - INFO - Found 1132 games in the table
2025-08-24 08:11:49 - INFO - Browser closed.
2025-08-24 08:11:49 - INFO - Extracted data for 1132 games from the page.
2025-08-24 08:11:49 - INFO - Step 5: Updating games database with new games...
2025-08-24 08:11:49 - INFO - Attempting to update game database with newly scraped games...
2025-08-24 08:11:49 - INFO - Existing games in database: 165880
2025-08-24 08:11:49 - INFO - New games scraped: 1132
2025-08-24 08:12:41 - INFO - Found and skipped 575 duplicate game(s) already present in the database.
2025-08-24 08:12:41 - INFO - Found 557 new unique games.
2025-08-24 08:12:41 - INFO - Database size: 165880 -> 166437 (+557)
2025-08-24 08:12:42 - INFO - Database saved successfully to basil_ladder_games.csv
2025-08-24 08:12:42 - INFO - Step 6: Skipping replay download.
2025-08-24 08:12:42 - INFO - ==============================
2025-08-24 08:12:42 - INFO - Automated Scrape Task Finished
2025-08-24 08:12:42 - INFO - Outcome: SUCCESS
2025-08-24 08:12:42 - INFO - Total Duration: 130.69 seconds
2025-08-24 08:12:42 - INFO - ==============================
2025-08-24 20:09:03 - INFO - ==============================
2025-08-24 20:09:03 - INFO - Starting Automated Scrape Task
2025-08-24 20:09:03 - INFO - Download replays: Disabled
2025-08-24 20:09:03 - INFO - ==============================
2025-08-24 20:09:03 - INFO - Step 1: Loading existing game data...
2025-08-24 20:09:03 - INFO - Loading existing games data from basil_ladder_games.csv
2025-08-24 20:09:03 - INFO - Loaded 166437 games from existing database.
2025-08-24 20:09:03 - INFO - Step 2: Skipping syncing replay status.
2025-08-24 20:09:03 - INFO - Step 3: Fetching bot ratings...
2025-08-24 20:09:03 - INFO - Fetching master rating list from https://data.basil-ladder.net/stats/ranking.json...
2025-08-24 20:09:04 - INFO - Successfully loaded ratings for 291 bots from JSON.
2025-08-24 20:09:04 - INFO - Step 4: Extracting new games from BASIL ladder...
2025-08-24 20:09:04 - INFO - Fetching latest games from BASIL Ladder (Last 24h)...
2025-08-24 20:09:13 - INFO - Navigating to https://basil.bytekeeper.org/...
2025-08-24 20:09:15 - INFO - Waiting for page to load...
2025-08-24 20:09:15 - INFO - Clicking 'Last 24h' button...
2025-08-24 20:09:19 - INFO - Found 1081 games in the table
2025-08-24 20:10:19 - INFO - Browser closed.
2025-08-24 20:10:19 - INFO - Extracted data for 1081 games from the page.
2025-08-24 20:10:19 - INFO - Step 5: Updating games database with new games...
2025-08-24 20:10:19 - INFO - Attempting to update game database with newly scraped games...
2025-08-24 20:10:19 - INFO - Existing games in database: 166437
2025-08-24 20:10:19 - INFO - New games scraped: 1081
2025-08-24 20:11:09 - INFO - Found and skipped 576 duplicate game(s) already present in the database.
2025-08-24 20:11:09 - INFO - Found 505 new unique games.
2025-08-24 20:11:09 - INFO - Database size: 166437 -> 166942 (+505)
2025-08-24 20:11:10 - INFO - Database saved successfully to basil_ladder_games.csv
2025-08-24 20:11:10 - INFO - Step 6: Skipping replay download.
2025-08-24 20:11:10 - INFO - ==============================
2025-08-24 20:11:10 - INFO - Automated Scrape Task Finished
2025-08-24 20:11:10 - INFO - Outcome: SUCCESS
2025-08-24 20:11:10 - INFO - Total Duration: 127.49 seconds
2025-08-24 20:11:10 - INFO - ==============================
2025-08-25 08:14:15 - INFO - ==============================
2025-08-25 08:14:15 - INFO - Starting Automated Scrape Task
2025-08-25 08:14:15 - INFO - Download replays: Disabled
2025-08-25 08:14:15 - INFO - ==============================
2025-08-25 08:14:15 - INFO - Step 1: Loading existing game data...
2025-08-25 08:14:15 - INFO - Loading existing games data from basil_ladder_games.csv
2025-08-25 08:14:15 - INFO - Loaded 166942 games from existing database.
2025-08-25 08:14:15 - INFO - Step 2: Skipping syncing replay status.
2025-08-25 08:14:15 - INFO - Step 3: Fetching bot ratings...
2025-08-25 08:14:15 - INFO - Fetching master rating list from https://data.basil-ladder.net/stats/ranking.json...
2025-08-25 08:14:16 - INFO - Successfully loaded ratings for 291 bots from JSON.
2025-08-25 08:14:16 - INFO - Step 4: Extracting new games from BASIL ladder...
2025-08-25 08:14:16 - INFO - Fetching latest games from BASIL Ladder (Last 24h)...
2025-08-25 08:14:22 - INFO - Navigating to https://basil.bytekeeper.org/...
2025-08-25 08:14:23 - INFO - Waiting for page to load...
2025-08-25 08:14:23 - INFO - Clicking 'Last 24h' button...
2025-08-25 08:14:27 - INFO - Found 1063 games in the table
2025-08-25 08:15:25 - INFO - Browser closed.
2025-08-25 08:15:25 - INFO - Extracted data for 1063 games from the page.
2025-08-25 08:15:25 - INFO - Step 5: Updating games database with new games...
2025-08-25 08:15:25 - INFO - Attempting to update game database with newly scraped games...
2025-08-25 08:15:25 - INFO - Existing games in database: 166942
2025-08-25 08:15:25 - INFO - New games scraped: 1063
2025-08-25 08:16:15 - INFO - Found and skipped 522 duplicate game(s) already present in the database.
2025-08-25 08:16:15 - INFO - Found 541 new unique games.
2025-08-25 08:16:15 - INFO - Database size: 166942 -> 167483 (+541)
2025-08-25 08:16:16 - INFO - Database saved successfully to basil_ladder_games.csv
2025-08-25 08:16:16 - INFO - Step 6: Skipping replay download.
2025-08-25 08:16:16 - INFO - ==============================
2025-08-25 08:16:16 - INFO - Automated Scrape Task Finished
2025-08-25 08:16:16 - INFO - Outcome: SUCCESS
2025-08-25 08:16:16 - INFO - Total Duration: 121.32 seconds
2025-08-25 08:16:16 - INFO - ==============================
2025-08-25 20:10:07 - INFO - ==============================
2025-08-25 20:10:07 - INFO - Starting Automated Scrape Task
2025-08-25 20:10:07 - INFO - Download replays: Disabled
2025-08-25 20:10:07 - INFO - ==============================
2025-08-25 20:10:07 - INFO - Step 1: Loading existing game data...
2025-08-25 20:10:07 - INFO - Loading existing games data from basil_ladder_games.csv
2025-08-25 20:10:07 - INFO - Loaded 167483 games from existing database.
2025-08-25 20:10:07 - INFO - Step 2: Skipping syncing replay status.
2025-08-25 20:10:07 - INFO - Step 3: Fetching bot ratings...
2025-08-25 20:10:07 - INFO - Fetching master rating list from https://data.basil-ladder.net/stats/ranking.json...
2025-08-25 20:10:08 - INFO - Successfully loaded ratings for 291 bots from JSON.
2025-08-25 20:10:08 - INFO - Step 4: Extracting new games from BASIL ladder...
2025-08-25 20:10:08 - INFO - Fetching latest games from BASIL Ladder (Last 24h)...
2025-08-25 20:10:14 - INFO - Navigating to https://basil.bytekeeper.org/...
2025-08-25 20:10:15 - INFO - Waiting for page to load...
2025-08-25 20:10:15 - INFO - Clicking 'Last 24h' button...
2025-08-25 20:10:18 - INFO - Found 1104 games in the table
2025-08-25 20:11:18 - INFO - Browser closed.
2025-08-25 20:11:18 - INFO - Extracted data for 1104 games from the page.
2025-08-25 20:11:18 - INFO - Step 5: Updating games database with new games...
2025-08-25 20:11:18 - INFO - Attempting to update game database with newly scraped games...
2025-08-25 20:11:18 - INFO - Existing games in database: 167483
2025-08-25 20:11:18 - INFO - New games scraped: 1104
2025-08-25 20:12:09 - INFO - Found and skipped 559 duplicate game(s) already present in the database.
2025-08-25 20:12:09 - INFO - Found 545 new unique games.
2025-08-25 20:12:09 - INFO - Database size: 167483 -> 168028 (+545)
2025-08-25 20:12:10 - INFO - Database saved successfully to basil_ladder_games.csv
2025-08-25 20:12:10 - INFO - Step 6: Skipping replay download.
2025-08-25 20:12:10 - INFO - ==============================
2025-08-25 20:12:10 - INFO - Automated Scrape Task Finished
2025-08-25 20:12:10 - INFO - Outcome: SUCCESS
2025-08-25 20:12:10 - INFO - Total Duration: 123.53 seconds
2025-08-25 20:12:10 - INFO - ==============================
2025-08-26 08:13:40 - INFO - ==============================
2025-08-26 08:13:40 - INFO - Starting Automated Scrape Task
2025-08-26 08:13:40 - INFO - Download replays: Disabled
2025-08-26 08:13:40 - INFO - ==============================
2025-08-26 08:13:40 - INFO - Step 1: Loading existing game data...
2025-08-26 08:13:40 - INFO - Loading existing games data from basil_ladder_games.csv
2025-08-26 08:13:40 - INFO - Loaded 168028 games from existing database.
2025-08-26 08:13:40 - INFO - Step 2: Skipping syncing replay status.
2025-08-26 08:13:40 - INFO - Step 3: Fetching bot ratings...
2025-08-26 08:13:40 - INFO - Fetching master rating list from https://data.basil-ladder.net/stats/ranking.json...
2025-08-26 08:13:41 - INFO - Successfully loaded ratings for 291 bots from JSON.
2025-08-26 08:13:41 - INFO - Step 4: Extracting new games from BASIL ladder...
2025-08-26 08:13:41 - INFO - Fetching latest games from BASIL Ladder (Last 24h)...
2025-08-26 08:13:49 - INFO - Navigating to https://basil.bytekeeper.org/...
2025-08-26 08:13:51 - INFO - Waiting for page to load...
2025-08-26 08:13:51 - INFO - Clicking 'Last 24h' button...
2025-08-26 08:13:54 - INFO - Found 1132 games in the table
2025-08-26 08:14:55 - INFO - Browser closed.
2025-08-26 08:14:55 - INFO - Extracted data for 1132 games from the page.
2025-08-26 08:14:55 - INFO - Step 5: Updating games database with new games...
2025-08-26 08:14:55 - INFO - Attempting to update game database with newly scraped games...
2025-08-26 08:14:55 - INFO - Existing games in database: 168028
2025-08-26 08:14:55 - INFO - New games scraped: 1132
2025-08-26 08:15:49 - INFO - Found and skipped 569 duplicate game(s) already present in the database.
2025-08-26 08:15:49 - INFO - Found 563 new unique games.
2025-08-26 08:15:49 - INFO - Database size: 168028 -> 168591 (+563)
2025-08-26 08:15:50 - INFO - Database saved successfully to basil_ladder_games.csv
2025-08-26 08:15:50 - INFO - Step 6: Skipping replay download.
2025-08-26 08:15:50 - INFO - ==============================
2025-08-26 08:15:50 - INFO - Automated Scrape Task Finished
2025-08-26 08:15:50 - INFO - Outcome: SUCCESS
2025-08-26 08:15:50 - INFO - Total Duration: 130.32 seconds
2025-08-26 08:15:50 - INFO - ==============================
2025-08-26 20:09:43 - INFO - ==============================
2025-08-26 20:09:43 - INFO - Starting Automated Scrape Task
2025-08-26 20:09:43 - INFO - Download replays: Disabled
2025-08-26 20:09:43 - INFO - ==============================
2025-08-26 20:09:43 - INFO - Step 1: Loading existing game data...
2025-08-26 20:09:43 - INFO - Loading existing games data from basil_ladder_games.csv
2025-08-26 20:09:43 - INFO - Loaded 168591 games from existing database.
2025-08-26 20:09:43 - INFO - Step 2: Skipping syncing replay status.
2025-08-26 20:09:43 - INFO - Step 3: Fetching bot ratings...
2025-08-26 20:09:43 - INFO - Fetching master rating list from https://data.basil-ladder.net/stats/ranking.json...
2025-08-26 20:09:44 - INFO - Successfully loaded ratings for 291 bots from JSON.
2025-08-26 20:09:44 - INFO - Step 4: Extracting new games from BASIL ladder...
2025-08-26 20:09:44 - INFO - Fetching latest games from BASIL Ladder (Last 24h)...
2025-08-26 20:10:13 - INFO - Navigating to https://basil.bytekeeper.org/...
2025-08-26 20:10:15 - INFO - Waiting for page to load...
2025-08-26 20:10:15 - INFO - Clicking 'Last 24h' button...
2025-08-26 20:10:19 - INFO - Found 1150 games in the table
2025-08-26 20:11:22 - INFO - Browser closed.
2025-08-26 20:11:22 - INFO - Extracted data for 1150 games from the page.
2025-08-26 20:11:22 - INFO - Step 5: Updating games database with new games...
2025-08-26 20:11:22 - INFO - Attempting to update game database with newly scraped games...
2025-08-26 20:11:22 - INFO - Existing games in database: 168591
2025-08-26 20:11:22 - INFO - New games scraped: 1150
2025-08-26 20:12:16 - INFO - Found and skipped 589 duplicate game(s) already present in the database.
2025-08-26 20:12:16 - INFO - Found 561 new unique games.
2025-08-26 20:12:16 - INFO - Database size: 168591 -> 169152 (+561)
2025-08-26 20:12:17 - INFO - Database saved successfully to basil_ladder_games.csv
2025-08-26 20:12:17 - INFO - Step 6: Skipping replay download.
2025-08-26 20:12:17 - INFO - ==============================
2025-08-26 20:12:17 - INFO - Automated Scrape Task Finished
2025-08-26 20:12:17 - INFO - Outcome: SUCCESS
2025-08-26 20:12:17 - INFO - Total Duration: 154.14 seconds
2025-08-26 20:12:17 - INFO - ==============================
2025-08-27 08:12:16 - INFO - ==============================
2025-08-27 08:12:16 - INFO - Starting Automated Scrape Task
2025-08-27 08:12:16 - INFO - Download replays: Disabled
2025-08-27 08:12:16 - INFO - ==============================
2025-08-27 08:12:16 - INFO - Step 1: Loading existing game data...
2025-08-27 08:12:16 - INFO - Loading existing games data from basil_ladder_games.csv
2025-08-27 08:12:16 - INFO - Loaded 169152 games from existing database.
2025-08-27 08:12:16 - INFO - Step 2: Skipping syncing replay status.
2025-08-27 08:12:16 - INFO - Step 3: Fetching bot ratings...
2025-08-27 08:12:16 - INFO - Fetching master rating list from https://data.basil-ladder.net/stats/ranking.json...
2025-08-27 08:12:17 - INFO - Successfully loaded ratings for 291 bots from JSON.
2025-08-27 08:12:17 - INFO - Step 4: Extracting new games from BASIL ladder...
2025-08-27 08:12:17 - INFO - Fetching latest games from BASIL Ladder (Last 24h)...
2025-08-27 08:12:27 - INFO - Navigating to https://basil.bytekeeper.org/...
2025-08-27 08:12:29 - INFO - Waiting for page to load...
2025-08-27 08:12:29 - INFO - Clicking 'Last 24h' button...
2025-08-27 08:12:33 - INFO - Found 1130 games in the table
2025-08-27 08:13:35 - INFO - Browser closed.
2025-08-27 08:13:35 - INFO - Extracted data for 1130 games from the page.
2025-08-27 08:13:35 - INFO - Step 5: Updating games database with new games...
2025-08-27 08:13:35 - INFO - Attempting to update game database with newly scraped games...
2025-08-27 08:13:35 - INFO - Existing games in database: 169152
2025-08-27 08:13:35 - INFO - New games scraped: 1130
2025-08-27 08:14:28 - INFO - Found and skipped 584 duplicate game(s) already present in the database.
2025-08-27 08:14:28 - INFO - Found 546 new unique games.
2025-08-27 08:14:28 - INFO - Database size: 169152 -> 169698 (+546)
2025-08-27 08:14:29 - INFO - Database saved successfully to basil_ladder_games.csv
2025-08-27 08:14:29 - INFO - Step 6: Skipping replay download.
2025-08-27 08:14:29 - INFO - ==============================
2025-08-27 08:14:29 - INFO - Automated Scrape Task Finished
2025-08-27 08:14:29 - INFO - Outcome: SUCCESS
2025-08-27 08:14:29 - INFO - Total Duration: 133.63 seconds
2025-08-27 08:14:29 - INFO - ==============================
2025-08-27 20:10:16 - INFO - ==============================
2025-08-27 20:10:16 - INFO - Starting Automated Scrape Task
2025-08-27 20:10:16 - INFO - Download replays: Disabled
2025-08-27 20:10:16 - INFO - ==============================
2025-08-27 20:10:16 - INFO - Step 1: Loading existing game data...
2025-08-27 20:10:16 - INFO - Loading existing games data from basil_ladder_games.csv
2025-08-27 20:10:16 - INFO - Loaded 169698 games from existing database.
2025-08-27 20:10:16 - INFO - Step 2: Skipping syncing replay status.
2025-08-27 20:10:16 - INFO - Step 3: Fetching bot ratings...
2025-08-27 20:10:16 - INFO - Fetching master rating list from https://data.basil-ladder.net/stats/ranking.json...
2025-08-27 20:10:17 - INFO - Successfully loaded ratings for 291 bots from JSON.
2025-08-27 20:10:17 - INFO - Step 4: Extracting new games from BASIL ladder...
2025-08-27 20:10:17 - INFO - Fetching latest games from BASIL Ladder (Last 24h)...
2025-08-27 20:10:39 - INFO - Navigating to https://basil.bytekeeper.org/...
2025-08-27 20:10:42 - INFO - Waiting for page to load...
2025-08-27 20:10:42 - INFO - Clicking 'Last 24h' button...
2025-08-27 20:10:46 - INFO - Found 1107 games in the table
2025-08-27 20:11:47 - INFO - Browser closed.
2025-08-27 20:11:47 - INFO - Extracted data for 1107 games from the page.
2025-08-27 20:11:47 - INFO - Step 5: Updating games database with new games...
2025-08-27 20:11:47 - INFO - Attempting to update game database with newly scraped games...
2025-08-27 20:11:47 - INFO - Existing games in database: 169698
2025-08-27 20:11:47 - INFO - New games scraped: 1107
2025-08-27 20:12:39 - INFO - Found and skipped 566 duplicate game(s) already present in the database.
2025-08-27 20:12:39 - INFO - Found 541 new unique games.
2025-08-27 20:12:40 - INFO - Database size: 169698 -> 170239 (+541)
2025-08-27 20:12:41 - INFO - Database saved successfully to basil_ladder_games.csv
2025-08-27 20:12:41 - INFO - Step 6: Skipping replay download.
2025-08-27 20:12:41 - INFO - ==============================
2025-08-27 20:12:41 - INFO - Automated Scrape Task Finished
2025-08-27 20:12:41 - INFO - Outcome: SUCCESS
2025-08-27 20:12:41 - INFO - Total Duration: 144.74 seconds
2025-08-27 20:12:41 - INFO - ==============================
2025-08-28 08:12:23 - INFO - ==============================
2025-08-28 08:12:23 - INFO - Starting Automated Scrape Task
2025-08-28 08:12:23 - INFO - Download replays: Disabled
2025-08-28 08:12:23 - INFO - ==============================
2025-08-28 08:12:23 - INFO - Step 1: Loading existing game data...
2025-08-28 08:12:23 - INFO - Loading existing games data from basil_ladder_games.csv
2025-08-28 08:12:23 - INFO - Loaded 170239 games from existing database.
2025-08-28 08:12:23 - INFO - Step 2: Skipping syncing replay status.
2025-08-28 08:12:23 - INFO - Step 3: Fetching bot ratings...
2025-08-28 08:12:23 - INFO - Fetching master rating list from https://data.basil-ladder.net/stats/ranking.json...
2025-08-28 08:12:24 - INFO - Successfully loaded ratings for 291 bots from JSON.
2025-08-28 08:12:24 - INFO - Step 4: Extracting new games from BASIL ladder...
2025-08-28 08:12:24 - INFO - Fetching latest games from BASIL Ladder (Last 24h)...
2025-08-28 08:12:32 - INFO - Navigating to https://basil.bytekeeper.org/...
2025-08-28 08:12:33 - INFO - Waiting for page to load...
2025-08-28 08:12:33 - INFO - Clicking 'Last 24h' button...
2025-08-28 08:12:37 - INFO - Found 1096 games in the table
2025-08-28 08:13:40 - INFO - Browser closed.
2025-08-28 08:13:40 - INFO - Extracted data for 1096 games from the page.
2025-08-28 08:13:40 - INFO - Step 5: Updating games database with new games...
2025-08-28 08:13:40 - INFO - Attempting to update game database with newly scraped games...
2025-08-28 08:13:40 - INFO - Existing games in database: 170239
2025-08-28 08:13:40 - INFO - New games scraped: 1096
2025-08-28 08:14:32 - INFO - Found and skipped 564 duplicate game(s) already present in the database.
2025-08-28 08:14:32 - INFO - Found 532 new unique games.
2025-08-28 08:14:32 - INFO - Database size: 170239 -> 170771 (+532)
2025-08-28 08:14:33 - INFO - Database saved successfully to basil_ladder_games.csv
2025-08-28 08:14:33 - INFO - Step 6: Skipping replay download.
2025-08-28 08:14:33 - INFO - ==============================
2025-08-28 08:14:33 - INFO - Automated Scrape Task Finished
2025-08-28 08:14:33 - INFO - Outcome: SUCCESS
2025-08-28 08:14:33 - INFO - Total Duration: 130.30 seconds
2025-08-28 08:14:33 - INFO - ==============================
2025-08-28 20:09:49 - INFO - ==============================
2025-08-28 20:09:49 - INFO - Starting Automated Scrape Task
2025-08-28 20:09:49 - INFO - Download replays: Disabled
2025-08-28 20:09:49 - INFO - ==============================
2025-08-28 20:09:49 - INFO - Step 1: Loading existing game data...
2025-08-28 20:09:49 - INFO - Loading existing games data from basil_ladder_games.csv
2025-08-28 20:09:49 - INFO - Loaded 170771 games from existing database.
2025-08-28 20:09:49 - INFO - Step 2: Skipping syncing replay status.
2025-08-28 20:09:49 - INFO - Step 3: Fetching bot ratings...
2025-08-28 20:09:49 - INFO - Fetching master rating list from https://data.basil-ladder.net/stats/ranking.json...
2025-08-28 20:09:50 - INFO - Successfully loaded ratings for 291 bots from JSON.
2025-08-28 20:09:50 - INFO - Step 4: Extracting new games from BASIL ladder...
2025-08-28 20:09:50 - INFO - Fetching latest games from BASIL Ladder (Last 24h)...
2025-08-28 20:09:59 - INFO - Navigating to https://basil.bytekeeper.org/...
2025-08-28 20:10:01 - INFO - Waiting for page to load...
2025-08-28 20:10:01 - INFO - Clicking 'Last 24h' button...
2025-08-28 20:10:04 - INFO - Found 1075 games in the table
2025-08-28 20:11:03 - INFO - Browser closed.
2025-08-28 20:11:03 - INFO - Extracted data for 1075 games from the page.
2025-08-28 20:11:03 - INFO - Step 5: Updating games database with new games...
2025-08-28 20:11:03 - INFO - Attempting to update game database with newly scraped games...
2025-08-28 20:11:03 - INFO - Existing games in database: 170771
2025-08-28 20:11:03 - INFO - New games scraped: 1075
2025-08-28 20:11:54 - INFO - Found and skipped 554 duplicate game(s) already present in the database.
2025-08-28 20:11:54 - INFO - Found 521 new unique games.
2025-08-28 20:11:54 - INFO - Database size: 170771 -> 171292 (+521)
2025-08-28 20:11:55 - INFO - Database saved successfully to basil_ladder_games.csv
2025-08-28 20:11:55 - INFO - Step 6: Skipping replay download.
2025-08-28 20:11:55 - INFO - ==============================
2025-08-28 20:11:55 - INFO - Automated Scrape Task Finished
2025-08-28 20:11:55 - INFO - Outcome: SUCCESS
2025-08-28 20:11:55 - INFO - Total Duration: 126.13 seconds
2025-08-28 20:11:55 - INFO - ==============================
2025-08-29 08:12:18 - INFO - ==============================
2025-08-29 08:12:18 - INFO - Starting Automated Scrape Task
2025-08-29 08:12:18 - INFO - Download replays: Disabled
2025-08-29 08:12:18 - INFO - ==============================
2025-08-29 08:12:18 - INFO - Step 1: Loading existing game data...
2025-08-29 08:12:18 - INFO - Loading existing games data from basil_ladder_games.csv
2025-08-29 08:12:19 - INFO - Loaded 171292 games from existing database.
2025-08-29 08:12:19 - INFO - Step 2: Skipping syncing replay status.
2025-08-29 08:12:19 - INFO - Step 3: Fetching bot ratings...
2025-08-29 08:12:19 - INFO - Fetching master rating list from https://data.basil-ladder.net/stats/ranking.json...
2025-08-29 08:12:19 - INFO - Successfully loaded ratings for 291 bots from JSON.
2025-08-29 08:12:19 - INFO - Step 4: Extracting new games from BASIL ladder...
2025-08-29 08:12:19 - INFO - Fetching latest games from BASIL Ladder (Last 24h)...
2025-08-29 08:12:32 - INFO - Navigating to https://basil.bytekeeper.org/...
2025-08-29 08:12:33 - INFO - Waiting for page to load...
2025-08-29 08:12:33 - INFO - Clicking 'Last 24h' button...
2025-08-29 08:12:37 - INFO - Found 1081 games in the table
2025-08-29 08:13:35 - INFO - Browser closed.
2025-08-29 08:13:35 - INFO - Extracted data for 1081 games from the page.
2025-08-29 08:13:35 - INFO - Step 5: Updating games database with new games...
2025-08-29 08:13:35 - INFO - Attempting to update game database with newly scraped games...
2025-08-29 08:13:35 - INFO - Existing games in database: 171292
2025-08-29 08:13:35 - INFO - New games scraped: 1081
2025-08-29 08:14:26 - INFO - Found and skipped 561 duplicate game(s) already present in the database.
2025-08-29 08:14:26 - INFO - Found 520 new unique games.
2025-08-29 08:14:26 - INFO - Database size: 171292 -> 171812 (+520)
2025-08-29 08:14:27 - INFO - Database saved successfully to basil_ladder_games.csv
2025-08-29 08:14:27 - INFO - Step 6: Skipping replay download.
2025-08-29 08:14:27 - INFO - ==============================
2025-08-29 08:14:27 - INFO - Automated Scrape Task Finished
2025-08-29 08:14:27 - INFO - Outcome: SUCCESS
2025-08-29 08:14:27 - INFO - Total Duration: 129.15 seconds
2025-08-29 08:14:27 - INFO - ==============================
2025-08-29 20:09:16 - INFO - ==============================
2025-08-29 20:09:16 - INFO - Starting Automated Scrape Task
2025-08-29 20:09:16 - INFO - Download replays: Disabled
2025-08-29 20:09:16 - INFO - ==============================
2025-08-29 20:09:16 - INFO - Step 1: Loading existing game data...
2025-08-29 20:09:16 - INFO - Loading existing games data from basil_ladder_games.csv
2025-08-29 20:09:17 - INFO - Loaded 171812 games from existing database.
2025-08-29 20:09:17 - INFO - Step 2: Skipping syncing replay status.
2025-08-29 20:09:17 - INFO - Step 3: Fetching bot ratings...
2025-08-29 20:09:17 - INFO - Fetching master rating list from https://data.basil-ladder.net/stats/ranking.json...
2025-08-29 20:09:18 - INFO - Successfully loaded ratings for 291 bots from JSON.
2025-08-29 20:09:18 - INFO - Step 4: Extracting new games from BASIL ladder...
2025-08-29 20:09:18 - INFO - Fetching latest games from BASIL Ladder (Last 24h)...
2025-08-29 20:09:27 - INFO - Navigating to https://basil.bytekeeper.org/...
2025-08-29 20:09:28 - INFO - Waiting for page to load...
2025-08-29 20:09:28 - INFO - Clicking 'Last 24h' button...
2025-08-29 20:09:32 - INFO - Found 1077 games in the table
2025-08-29 20:10:30 - INFO - Browser closed.
2025-08-29 20:10:30 - INFO - Extracted data for 1077 games from the page.
2025-08-29 20:10:30 - INFO - Step 5: Updating games database with new games...
2025-08-29 20:10:30 - INFO - Attempting to update game database with newly scraped games...
2025-08-29 20:10:30 - INFO - Existing games in database: 171812
2025-08-29 20:10:30 - INFO - New games scraped: 1077
2025-08-29 20:11:22 - INFO - Found and skipped 542 duplicate game(s) already present in the database.
2025-08-29 20:11:22 - INFO - Found 535 new unique games.
2025-08-29 20:11:22 - INFO - Database size: 171812 -> 172347 (+535)
2025-08-29 20:11:23 - INFO - Database saved successfully to basil_ladder_games.csv
2025-08-29 20:11:23 - INFO - Step 6: Skipping replay download.
2025-08-29 20:11:23 - INFO - ==============================
2025-08-29 20:11:23 - INFO - Automated Scrape Task Finished
2025-08-29 20:11:23 - INFO - Outcome: SUCCESS
2025-08-29 20:11:23 - INFO - Total Duration: 126.67 seconds
2025-08-29 20:11:23 - INFO - ==============================
2025-08-30 08:10:33 - INFO - ==============================
2025-08-30 08:10:33 - INFO - Starting Automated Scrape Task
2025-08-30 08:10:33 - INFO - Download replays: Disabled
2025-08-30 08:10:33 - INFO - ==============================
2025-08-30 08:10:33 - INFO - Step 1: Loading existing game data...
2025-08-30 08:10:33 - INFO - Loading existing games data from basil_ladder_games.csv
2025-08-30 08:10:34 - INFO - Loaded 172347 games from existing database.
2025-08-30 08:10:34 - INFO - Step 2: Skipping syncing replay status.
2025-08-30 08:10:34 - INFO - Step 3: Fetching bot ratings...
2025-08-30 08:10:34 - INFO - Fetching master rating list from https://data.basil-ladder.net/stats/ranking.json...
2025-08-30 08:10:34 - INFO - Successfully loaded ratings for 291 bots from JSON.
2025-08-30 08:10:34 - INFO - Step 4: Extracting new games from BASIL ladder...
2025-08-30 08:10:34 - INFO - Fetching latest games from BASIL Ladder (Last 24h)...
2025-08-30 08:10:40 - INFO - Navigating to https://basil.bytekeeper.org/...
2025-08-30 08:10:41 - INFO - Waiting for page to load...
2025-08-30 08:10:41 - INFO - Clicking 'Last 24h' button...
2025-08-30 08:10:45 - INFO - Found 1064 games in the table
2025-08-30 08:11:45 - INFO - Browser closed.
2025-08-30 08:11:45 - INFO - Extracted data for 1064 games from the page.
2025-08-30 08:11:45 - INFO - Step 5: Updating games database with new games...
2025-08-30 08:11:45 - INFO - Attempting to update game database with newly scraped games...
2025-08-30 08:11:45 - INFO - Existing games in database: 172347
2025-08-30 08:11:45 - INFO - New games scraped: 1064
2025-08-30 08:12:36 - INFO - Found and skipped 534 duplicate game(s) already present in the database.
2025-08-30 08:12:36 - INFO - Found 530 new unique games.
2025-08-30 08:12:36 - INFO - Database size: 172347 -> 172877 (+530)
2025-08-30 08:12:37 - INFO - Database saved successfully to basil_ladder_games.csv
2025-08-30 08:12:37 - INFO - Step 6: Skipping replay download.
2025-08-30 08:12:37 - INFO - ==============================
2025-08-30 08:12:37 - INFO - Automated Scrape Task Finished
2025-08-30 08:12:37 - INFO - Outcome: SUCCESS
2025-08-30 08:12:37 - INFO - Total Duration: 123.24 seconds
2025-08-30 08:12:37 - INFO - ==============================
2025-08-30 20:08:28 - INFO - ==============================
2025-08-30 20:08:28 - INFO - Starting Automated Scrape Task
2025-08-30 20:08:28 - INFO - Download replays: Disabled
2025-08-30 20:08:28 - INFO - ==============================
2025-08-30 20:08:28 - INFO - Step 1: Loading existing game data...
2025-08-30 20:08:28 - INFO - Loading existing games data from basil_ladder_games.csv
2025-08-30 20:08:28 - INFO - Loaded 172877 games from existing database.
2025-08-30 20:08:28 - INFO - Step 2: Skipping syncing replay status.
2025-08-30 20:08:28 - INFO - Step 3: Fetching bot ratings...
2025-08-30 20:08:28 - INFO - Fetching master rating list from https://data.basil-ladder.net/stats/ranking.json...
2025-08-30 20:08:29 - INFO - Successfully loaded ratings for 291 bots from JSON.
2025-08-30 20:08:29 - INFO - Step 4: Extracting new games from BASIL ladder...
2025-08-30 20:08:29 - INFO - Fetching latest games from BASIL Ladder (Last 24h)...
2025-08-30 20:08:35 - INFO - Navigating to https://basil.bytekeeper.org/...
2025-08-30 20:08:36 - INFO - Waiting for page to load...
2025-08-30 20:08:36 - INFO - Clicking 'Last 24h' button...
2025-08-30 20:08:40 - INFO - Found 1055 games in the table
2025-08-30 20:09:37 - INFO - Browser closed.
2025-08-30 20:09:37 - INFO - Extracted data for 1055 games from the page.
2025-08-30 20:09:37 - INFO - Step 5: Updating games database with new games...
2025-08-30 20:09:37 - INFO - Attempting to update game database with newly scraped games...
2025-08-30 20:09:37 - INFO - Existing games in database: 172877
2025-08-30 20:09:37 - INFO - New games scraped: 1055
2025-08-30 20:10:27 - INFO - Found and skipped 548 duplicate game(s) already present in the database.
2025-08-30 20:10:27 - INFO - Found 507 new unique games.
2025-08-30 20:10:27 - INFO - Database size: 172877 -> 173384 (+507)
2025-08-30 20:10:28 - INFO - Database saved successfully to basil_ladder_games.csv
2025-08-30 20:10:28 - INFO - Step 6: Skipping replay download.
2025-08-30 20:10:28 - INFO - ==============================
2025-08-30 20:10:28 - INFO - Automated Scrape Task Finished
2025-08-30 20:10:28 - INFO - Outcome: SUCCESS
2025-08-30 20:10:28 - INFO - Total Duration: 120.66 seconds
2025-08-30 20:10:28 - INFO - ==============================
2025-08-31 08:10:54 - INFO - ==============================
2025-08-31 08:10:54 - INFO - Starting Automated Scrape Task
2025-08-31 08:10:54 - INFO - Download replays: Disabled
2025-08-31 08:10:54 - INFO - ==============================
2025-08-31 08:10:54 - INFO - Step 1: Loading existing game data...
2025-08-31 08:10:54 - INFO - Loading existing games data from basil_ladder_games.csv
2025-08-31 08:10:55 - INFO - Loaded 173384 games from existing database.
2025-08-31 08:10:55 - INFO - Step 2: Skipping syncing replay status.
2025-08-31 08:10:55 - INFO - Step 3: Fetching bot ratings...
2025-08-31 08:10:55 - INFO - Fetching master rating list from https://data.basil-ladder.net/stats/ranking.json...
2025-08-31 08:10:55 - INFO - Successfully loaded ratings for 291 bots from JSON.
2025-08-31 08:10:55 - INFO - Step 4: Extracting new games from BASIL ladder...
2025-08-31 08:10:55 - INFO - Fetching latest games from BASIL Ladder (Last 24h)...
2025-08-31 08:11:02 - INFO - Navigating to https://basil.bytekeeper.org/...
2025-08-31 08:11:03 - INFO - Waiting for page to load...
2025-08-31 08:11:03 - INFO - Clicking 'Last 24h' button...
2025-08-31 08:11:07 - INFO - Found 1055 games in the table
2025-08-31 08:12:04 - INFO - Browser closed.
2025-08-31 08:12:04 - INFO - Extracted data for 1055 games from the page.
2025-08-31 08:12:04 - INFO - Step 5: Updating games database with new games...
2025-08-31 08:12:04 - INFO - Attempting to update game database with newly scraped games...
2025-08-31 08:12:04 - INFO - Existing games in database: 173384
2025-08-31 08:12:04 - INFO - New games scraped: 1055
2025-08-31 08:12:55 - INFO - Found and skipped 551 duplicate game(s) already present in the database.
2025-08-31 08:12:55 - INFO - Found 504 new unique games.
2025-08-31 08:12:55 - INFO - Database size: 173384 -> 173888 (+504)
2025-08-31 08:12:56 - INFO - Database saved successfully to basil_ladder_games.csv
2025-08-31 08:12:56 - INFO - Step 6: Skipping replay download.
2025-08-31 08:12:56 - INFO - ==============================
2025-08-31 08:12:56 - INFO - Automated Scrape Task Finished
2025-08-31 08:12:56 - INFO - Outcome: SUCCESS
2025-08-31 08:12:56 - INFO - Total Duration: 121.98 seconds
2025-08-31 08:12:56 - INFO - ==============================
2025-08-31 20:08:54 - INFO - ==============================
2025-08-31 20:08:54 - INFO - Starting Automated Scrape Task
2025-08-31 20:08:54 - INFO - Download replays: Disabled
2025-08-31 20:08:54 - INFO - ==============================
2025-08-31 20:08:54 - INFO - Step 1: Loading existing game data...
2025-08-31 20:08:54 - INFO - Loading existing games data from basil_ladder_games.csv
2025-08-31 20:08:54 - INFO - Loaded 173888 games from existing database.
2025-08-31 20:08:54 - INFO - Step 2: Skipping syncing replay status.
2025-08-31 20:08:54 - INFO - Step 3: Fetching bot ratings...
2025-08-31 20:08:54 - INFO - Fetching master rating list from https://data.basil-ladder.net/stats/ranking.json...
2025-08-31 20:08:55 - INFO - Successfully loaded ratings for 291 bots from JSON.
2025-08-31 20:08:55 - INFO - Step 4: Extracting new games from BASIL ladder...
2025-08-31 20:08:55 - INFO - Fetching latest games from BASIL Ladder (Last 24h)...
2025-08-31 20:09:02 - INFO - Navigating to https://basil.bytekeeper.org/...
2025-08-31 20:09:03 - INFO - Waiting for page to load...
2025-08-31 20:09:03 - INFO - Clicking 'Last 24h' button...
2025-08-31 20:09:06 - INFO - Found 1045 games in the table
2025-08-31 20:10:03 - INFO - Browser closed.
2025-08-31 20:10:03 - INFO - Extracted data for 1045 games from the page.
2025-08-31 20:10:03 - INFO - Step 5: Updating games database with new games...
2025-08-31 20:10:03 - INFO - Attempting to update game database with newly scraped games...
2025-08-31 20:10:03 - INFO - Existing games in database: 173888
2025-08-31 20:10:03 - INFO - New games scraped: 1045
2025-08-31 20:10:53 - INFO - Found and skipped 533 duplicate game(s) already present in the database.
2025-08-31 20:10:53 - INFO - Found 512 new unique games.
2025-08-31 20:10:53 - INFO - Database size: 173888 -> 174400 (+512)
2025-08-31 20:10:54 - INFO - Database saved successfully to basil_ladder_games.csv
2025-08-31 20:10:54 - INFO - Step 6: Skipping replay download.
2025-08-31 20:10:54 - INFO - ==============================
2025-08-31 20:10:54 - INFO - Automated Scrape Task Finished
2025-08-31 20:10:54 - INFO - Outcome: SUCCESS
2025-08-31 20:10:54 - INFO - Total Duration: 120.24 seconds
2025-08-31 20:10:54 - INFO - ==============================
2025-09-01 08:13:50 - INFO - ==============================
2025-09-01 08:13:50 - INFO - Starting Automated Scrape Task
2025-09-01 08:13:50 - INFO - Download replays: Disabled
2025-09-01 08:13:50 - INFO - ==============================
2025-09-01 08:13:50 - INFO - Step 1: Loading existing game data...
2025-09-01 08:13:50 - INFO - Loading existing games data from basil_ladder_games.csv
2025-09-01 08:13:51 - INFO - Loaded 174400 games from existing database.
2025-09-01 08:13:51 - INFO - Step 2: Skipping syncing replay status.
2025-09-01 08:13:51 - INFO - Step 3: Fetching bot ratings...
2025-09-01 08:13:51 - INFO - Fetching master rating list from https://data.basil-ladder.net/stats/ranking.json...
2025-09-01 08:13:51 - INFO - Successfully loaded ratings for 291 bots from JSON.
2025-09-01 08:13:51 - INFO - Step 4: Extracting new games from BASIL ladder...
2025-09-01 08:13:51 - INFO - Fetching latest games from BASIL Ladder (Last 24h)...
2025-09-01 08:13:58 - INFO - Navigating to https://basil.bytekeeper.org/...
2025-09-01 08:13:59 - INFO - Waiting for page to load...
2025-09-01 08:13:59 - INFO - Clicking 'Last 24h' button...
2025-09-01 08:14:02 - INFO - Found 1031 games in the table
2025-09-01 08:14:59 - INFO - Browser closed.
2025-09-01 08:14:59 - INFO - Extracted data for 1031 games from the page.
2025-09-01 08:14:59 - INFO - Step 5: Updating games database with new games...
2025-09-01 08:14:59 - INFO - Attempting to update game database with newly scraped games...
2025-09-01 08:14:59 - INFO - Existing games in database: 174400
2025-09-01 08:14:59 - INFO - New games scraped: 1031
2025-09-01 08:15:49 - INFO - Found and skipped 529 duplicate game(s) already present in the database.
2025-09-01 08:15:49 - INFO - Found 502 new unique games.
2025-09-01 08:15:49 - INFO - Database size: 174400 -> 174902 (+502)
2025-09-01 08:15:50 - INFO - Database saved successfully to basil_ladder_games.csv
2025-09-01 08:15:50 - INFO - Step 6: Skipping replay download.
2025-09-01 08:15:50 - INFO - ==============================
2025-09-01 08:15:50 - INFO - Automated Scrape Task Finished
2025-09-01 08:15:50 - INFO - Outcome: SUCCESS
2025-09-01 08:15:50 - INFO - Total Duration: 119.68 seconds
2025-09-01 08:15:50 - INFO - ==============================
2025-09-01 20:09:09 - INFO - ==============================
2025-09-01 20:09:09 - INFO - Starting Automated Scrape Task
2025-09-01 20:09:09 - INFO - Download replays: Disabled
2025-09-01 20:09:09 - INFO - ==============================
2025-09-01 20:09:09 - INFO - Step 1: Loading existing game data...
2025-09-01 20:09:09 - INFO - Loading existing games data from basil_ladder_games.csv
2025-09-01 20:09:09 - INFO - Loaded 174902 games from existing database.
2025-09-01 20:09:09 - INFO - Step 2: Skipping syncing replay status.
2025-09-01 20:09:09 - INFO - Step 3: Fetching bot ratings...
2025-09-01 20:09:09 - INFO - Fetching master rating list from https://data.basil-ladder.net/stats/ranking.json...
2025-09-01 20:09:10 - INFO - Successfully loaded ratings for 291 bots from JSON.
2025-09-01 20:09:10 - INFO - Step 4: Extracting new games from BASIL ladder...
2025-09-01 20:09:10 - INFO - Fetching latest games from BASIL Ladder (Last 24h)...
2025-09-01 20:09:18 - INFO - Navigating to https://basil.bytekeeper.org/...
2025-09-01 20:09:19 - INFO - Waiting for page to load...
2025-09-01 20:09:20 - INFO - Clicking 'Last 24h' button...
2025-09-01 20:09:23 - INFO - Found 1048 games in the table
2025-09-01 20:10:20 - INFO - Browser closed.
2025-09-01 20:10:20 - INFO - Extracted data for 1048 games from the page.
2025-09-01 20:10:20 - INFO - Step 5: Updating games database with new games...
2025-09-01 20:10:20 - INFO - Attempting to update game database with newly scraped games...
2025-09-01 20:10:20 - INFO - Existing games in database: 174902
2025-09-01 20:10:20 - INFO - New games scraped: 1048
2025-09-01 20:11:10 - INFO - Found and skipped 529 duplicate game(s) already present in the database.
2025-09-01 20:11:10 - INFO - Found 519 new unique games.
2025-09-01 20:11:10 - INFO - Database size: 174902 -> 175421 (+519)
2025-09-01 20:11:11 - INFO - Database saved successfully to basil_ladder_games.csv
2025-09-01 20:11:11 - INFO - Step 6: Skipping replay download.
2025-09-01 20:11:11 - INFO - ==============================
2025-09-01 20:11:11 - INFO - Automated Scrape Task Finished
2025-09-01 20:11:11 - INFO - Outcome: SUCCESS
2025-09-01 20:11:11 - INFO - Total Duration: 122.38 seconds
2025-09-01 20:11:11 - INFO - ==============================
2025-09-02 08:13:19 - INFO - ==============================
2025-09-02 08:13:19 - INFO - Starting Automated Scrape Task
2025-09-02 08:13:19 - INFO - Download replays: Disabled
2025-09-02 08:13:19 - INFO - ==============================
2025-09-02 08:13:19 - INFO - Step 1: Loading existing game data...
2025-09-02 08:13:19 - INFO - Loading existing games data from basil_ladder_games.csv
2025-09-02 08:13:20 - INFO - Loaded 175421 games from existing database.
2025-09-02 08:13:20 - INFO - Step 2: Skipping syncing replay status.
2025-09-02 08:13:20 - INFO - Step 3: Fetching bot ratings...
2025-09-02 08:13:20 - INFO - Fetching master rating list from https://data.basil-ladder.net/stats/ranking.json...
2025-09-02 08:13:21 - INFO - Successfully loaded ratings for 291 bots from JSON.
2025-09-02 08:13:21 - INFO - Step 4: Extracting new games from BASIL ladder...
2025-09-02 08:13:21 - INFO - Fetching latest games from BASIL Ladder (Last 24h)...
2025-09-02 08:13:27 - INFO - Navigating to https://basil.bytekeeper.org/...
2025-09-02 08:13:28 - INFO - Waiting for page to load...
2025-09-02 08:13:28 - INFO - Clicking 'Last 24h' button...
2025-09-02 08:13:31 - INFO - Found 1057 games in the table
2025-09-02 08:14:28 - INFO - Browser closed.
2025-09-02 08:14:28 - INFO - Extracted data for 1057 games from the page.
2025-09-02 08:14:28 - INFO - Step 5: Updating games database with new games...
2025-09-02 08:14:28 - INFO - Attempting to update game database with newly scraped games...
2025-09-02 08:14:28 - INFO - Existing games in database: 175421
2025-09-02 08:14:28 - INFO - New games scraped: 1057
2025-09-02 08:15:20 - INFO - Found and skipped 544 duplicate game(s) already present in the database.
2025-09-02 08:15:20 - INFO - Found 513 new unique games.
2025-09-02 08:15:20 - INFO - Database size: 175421 -> 175934 (+513)
2025-09-02 08:15:21 - INFO - Database saved successfully to basil_ladder_games.csv
2025-09-02 08:15:21 - INFO - Step 6: Skipping replay download.
2025-09-02 08:15:21 - INFO - ==============================
2025-09-02 08:15:21 - INFO - Automated Scrape Task Finished
2025-09-02 08:15:21 - INFO - Outcome: SUCCESS
2025-09-02 08:15:21 - INFO - Total Duration: 121.21 seconds
2025-09-02 08:15:21 - INFO - ==============================
2025-09-02 20:09:24 - INFO - ==============================
2025-09-02 20:09:24 - INFO - Starting Automated Scrape Task
2025-09-02 20:09:24 - INFO - Download replays: Disabled
2025-09-02 20:09:24 - INFO - ==============================
2025-09-02 20:09:24 - INFO - Step 1: Loading existing game data...
2025-09-02 20:09:24 - INFO - Loading existing games data from basil_ladder_games.csv
2025-09-02 20:09:25 - INFO - Loaded 175934 games from existing database.
2025-09-02 20:09:25 - INFO - Step 2: Skipping syncing replay status.
2025-09-02 20:09:25 - INFO - Step 3: Fetching bot ratings...
2025-09-02 20:09:25 - INFO - Fetching master rating list from https://data.basil-ladder.net/stats/ranking.json...
2025-09-02 20:09:25 - INFO - Successfully loaded ratings for 291 bots from JSON.
2025-09-02 20:09:25 - INFO - Step 4: Extracting new games from BASIL ladder...
2025-09-02 20:09:25 - INFO - Fetching latest games from BASIL Ladder (Last 24h)...
2025-09-02 20:09:43 - INFO - Navigating to https://basil.bytekeeper.org/...
2025-09-02 20:09:45 - INFO - Waiting for page to load...
2025-09-02 20:09:46 - INFO - Clicking 'Last 24h' button...
2025-09-02 20:09:49 - INFO - Found 1077 games in the table
2025-09-02 20:10:55 - INFO - Browser closed.
2025-09-02 20:10:55 - INFO - Extracted data for 1077 games from the page.
2025-09-02 20:10:55 - INFO - Step 5: Updating games database with new games...
2025-09-02 20:10:55 - INFO - Attempting to update game database with newly scraped games...
2025-09-02 20:10:55 - INFO - Existing games in database: 175934
2025-09-02 20:10:55 - INFO - New games scraped: 1077
2025-09-02 20:11:48 - INFO - Found and skipped 535 duplicate game(s) already present in the database.
2025-09-02 20:11:48 - INFO - Found 542 new unique games.
2025-09-02 20:11:48 - INFO - Database size: 175934 -> 176476 (+542)
2025-09-02 20:11:49 - INFO - Database saved successfully to basil_ladder_games.csv
2025-09-02 20:11:49 - INFO - Step 6: Skipping replay download.
2025-09-02 20:11:49 - INFO - ==============================
2025-09-02 20:11:49 - INFO - Automated Scrape Task Finished
2025-09-02 20:11:49 - INFO - Outcome: SUCCESS
2025-09-02 20:11:49 - INFO - Total Duration: 144.89 seconds
2025-09-02 20:11:49 - INFO - ==============================
2025-09-03 08:11:52 - INFO - ==============================
2025-09-03 08:11:52 - INFO - Starting Automated Scrape Task
2025-09-03 08:11:52 - INFO - Download replays: Disabled
2025-09-03 08:11:52 - INFO - ==============================
2025-09-03 08:11:52 - INFO - Step 1: Loading existing game data...
2025-09-03 08:11:52 - INFO - Loading existing games data from basil_ladder_games.csv
2025-09-03 08:11:52 - INFO - Loaded 176476 games from existing database.
2025-09-03 08:11:52 - INFO - Step 2: Skipping syncing replay status.
2025-09-03 08:11:52 - INFO - Step 3: Fetching bot ratings...
2025-09-03 08:11:52 - INFO - Fetching master rating list from https://data.basil-ladder.net/stats/ranking.json...
2025-09-03 08:11:53 - INFO - Successfully loaded ratings for 291 bots from JSON.
2025-09-03 08:11:53 - INFO - Step 4: Extracting new games from BASIL ladder...
2025-09-03 08:11:53 - INFO - Fetching latest games from BASIL Ladder (Last 24h)...
2025-09-03 08:12:01 - INFO - Navigating to https://basil.bytekeeper.org/...
2025-09-03 08:12:02 - INFO - Waiting for page to load...
2025-09-03 08:12:02 - INFO - Clicking 'Last 24h' button...
2025-09-03 08:12:06 - INFO - Found 1148 games in the table
2025-09-03 08:13:11 - INFO - Browser closed.
2025-09-03 08:13:11 - INFO - Extracted data for 1148 games from the page.
2025-09-03 08:13:11 - INFO - Step 5: Updating games database with new games...
2025-09-03 08:13:11 - INFO - Attempting to update game database with newly scraped games...
2025-09-03 08:13:11 - INFO - Existing games in database: 176476
2025-09-03 08:13:11 - INFO - New games scraped: 1148
2025-09-03 08:14:07 - INFO - Found and skipped 565 duplicate game(s) already present in the database.
2025-09-03 08:14:07 - INFO - Found 583 new unique games.
2025-09-03 08:14:07 - INFO - Database size: 176476 -> 177059 (+583)
2025-09-03 08:14:08 - INFO - Database saved successfully to basil_ladder_games.csv
2025-09-03 08:14:08 - INFO - Step 6: Skipping replay download.
2025-09-03 08:14:08 - INFO - ==============================
2025-09-03 08:14:08 - INFO - Automated Scrape Task Finished
2025-09-03 08:14:08 - INFO - Outcome: SUCCESS
2025-09-03 08:14:08 - INFO - Total Duration: 136.37 seconds
2025-09-03 08:14:08 - INFO - ==============================
2025-09-03 20:09:02 - INFO - ==============================
2025-09-03 20:09:02 - INFO - Starting Automated Scrape Task
2025-09-03 20:09:02 - INFO - Download replays: Disabled
2025-09-03 20:09:02 - INFO - ==============================
2025-09-03 20:09:02 - INFO - Step 1: Loading existing game data...
2025-09-03 20:09:02 - INFO - Loading existing games data from basil_ladder_games.csv
2025-09-03 20:09:02 - INFO - Loaded 177059 games from existing database.
2025-09-03 20:09:02 - INFO - Step 2: Skipping syncing replay status.
2025-09-03 20:09:02 - INFO - Step 3: Fetching bot ratings...
2025-09-03 20:09:02 - INFO - Fetching master rating list from https://data.basil-ladder.net/stats/ranking.json...
2025-09-03 20:09:03 - INFO - Successfully loaded ratings for 291 bots from JSON.
2025-09-03 20:09:03 - INFO - Step 4: Extracting new games from BASIL ladder...
2025-09-03 20:09:03 - INFO - Fetching latest games from BASIL Ladder (Last 24h)...
2025-09-03 20:09:09 - INFO - Navigating to https://basil.bytekeeper.org/...
2025-09-03 20:09:10 - INFO - Waiting for page to load...
2025-09-03 20:09:10 - INFO - Clicking 'Last 24h' button...
2025-09-03 20:09:13 - INFO - Found 1188 games in the table
2025-09-03 20:10:17 - INFO - Browser closed.
2025-09-03 20:10:17 - INFO - Extracted data for 1188 games from the page.
2025-09-03 20:10:17 - INFO - Step 5: Updating games database with new games...
2025-09-03 20:10:17 - INFO - Attempting to update game database with newly scraped games...
2025-09-03 20:10:17 - INFO - Existing games in database: 177059
2025-09-03 20:10:17 - INFO - New games scraped: 1188
2025-09-03 20:11:15 - INFO - Found and skipped 605 duplicate game(s) already present in the database.
2025-09-03 20:11:15 - INFO - Found 583 new unique games.
2025-09-03 20:11:15 - INFO - Database size: 177059 -> 177642 (+583)
2025-09-03 20:11:16 - INFO - Database saved successfully to basil_ladder_games.csv
2025-09-03 20:11:16 - INFO - Step 6: Skipping replay download.
2025-09-03 20:11:16 - INFO - ==============================
2025-09-03 20:11:16 - INFO - Automated Scrape Task Finished
2025-09-03 20:11:16 - INFO - Outcome: SUCCESS
2025-09-03 20:11:16 - INFO - Total Duration: 134.14 seconds
2025-09-03 20:11:16 - INFO - ==============================
2025-09-04 08:11:48 - INFO - ==============================
2025-09-04 08:11:48 - INFO - Starting Automated Scrape Task
2025-09-04 08:11:48 - INFO - Download replays: Disabled
2025-09-04 08:11:48 - INFO - ==============================
2025-09-04 08:11:48 - INFO - Step 1: Loading existing game data...
2025-09-04 08:11:48 - INFO - Loading existing games data from basil_ladder_games.csv
2025-09-04 08:11:48 - INFO - Loaded 177642 games from existing database.
2025-09-04 08:11:48 - INFO - Step 2: Skipping syncing replay status.
2025-09-04 08:11:48 - INFO - Step 3: Fetching bot ratings...
2025-09-04 08:11:48 - INFO - Fetching master rating list from https://data.basil-ladder.net/stats/ranking.json...
2025-09-04 08:11:49 - INFO - Successfully loaded ratings for 291 bots from JSON.
2025-09-04 08:11:49 - INFO - Step 4: Extracting new games from BASIL ladder...
2025-09-04 08:11:49 - INFO - Fetching latest games from BASIL Ladder (Last 24h)...
2025-09-04 08:11:58 - INFO - Navigating to https://basil.bytekeeper.org/...
2025-09-04 08:11:59 - INFO - Waiting for page to load...
2025-09-04 08:11:59 - INFO - Clicking 'Last 24h' button...
2025-09-04 08:12:02 - INFO - Found 1133 games in the table
2025-09-04 08:13:06 - INFO - Browser closed.
2025-09-04 08:13:06 - INFO - Extracted data for 1133 games from the page.
2025-09-04 08:13:06 - INFO - Step 5: Updating games database with new games...
2025-09-04 08:13:06 - INFO - Attempting to update game database with newly scraped games...
2025-09-04 08:13:06 - INFO - Existing games in database: 177642
2025-09-04 08:13:06 - INFO - New games scraped: 1133
2025-09-04 08:14:02 - INFO - Found and skipped 603 duplicate game(s) already present in the database.
2025-09-04 08:14:02 - INFO - Found 530 new unique games.
2025-09-04 08:14:02 - INFO - Database size: 177642 -> 178172 (+530)
2025-09-04 08:14:03 - INFO - Database saved successfully to basil_ladder_games.csv
2025-09-04 08:14:03 - INFO - Step 6: Skipping replay download.
2025-09-04 08:14:03 - INFO - ==============================
2025-09-04 08:14:03 - INFO - Automated Scrape Task Finished
2025-09-04 08:14:03 - INFO - Outcome: SUCCESS
2025-09-04 08:14:03 - INFO - Total Duration: 135.36 seconds
2025-09-04 08:14:03 - INFO - ==============================
2025-09-04 20:09:37 - INFO - ==============================
2025-09-04 20:09:37 - INFO - Starting Automated Scrape Task
2025-09-04 20:09:37 - INFO - Download replays: Disabled
2025-09-04 20:09:37 - INFO - ==============================
2025-09-04 20:09:37 - INFO - Step 1: Loading existing game data...
2025-09-04 20:09:37 - INFO - Loading existing games data from basil_ladder_games.csv
2025-09-04 20:09:37 - INFO - Loaded 178172 games from existing database.
2025-09-04 20:09:37 - INFO - Step 2: Skipping syncing replay status.
2025-09-04 20:09:37 - INFO - Step 3: Fetching bot ratings...
2025-09-04 20:09:37 - INFO - Fetching master rating list from https://data.basil-ladder.net/stats/ranking.json...
2025-09-04 20:09:38 - INFO - Successfully loaded ratings for 291 bots from JSON.
2025-09-04 20:09:38 - INFO - Step 4: Extracting new games from BASIL ladder...
2025-09-04 20:09:38 - INFO - Fetching latest games from BASIL Ladder (Last 24h)...
2025-09-04 20:09:44 - INFO - Navigating to https://basil.bytekeeper.org/...
2025-09-04 20:09:45 - INFO - Waiting for page to load...
2025-09-04 20:09:45 - INFO - Clicking 'Last 24h' button...
2025-09-04 20:09:49 - INFO - Found 1083 games in the table
2025-09-04 20:10:48 - INFO - Browser closed.
2025-09-04 20:10:48 - INFO - Extracted data for 1083 games from the page.
2025-09-04 20:10:48 - INFO - Step 5: Updating games database with new games...
2025-09-04 20:10:48 - INFO - Attempting to update game database with newly scraped games...
2025-09-04 20:10:48 - INFO - Existing games in database: 178172
2025-09-04 20:10:48 - INFO - New games scraped: 1083
2025-09-04 20:11:41 - INFO - Found and skipped 554 duplicate game(s) already present in the database.
2025-09-04 20:11:41 - INFO - Found 529 new unique games.
2025-09-04 20:11:41 - INFO - Database size: 178172 -> 178701 (+529)
2025-09-04 20:11:42 - INFO - Database saved successfully to basil_ladder_games.csv
2025-09-04 20:11:42 - INFO - Step 6: Skipping replay download.
2025-09-04 20:11:42 - INFO - ==============================
2025-09-04 20:11:42 - INFO - Automated Scrape Task Finished
2025-09-04 20:11:42 - INFO - Outcome: SUCCESS
2025-09-04 20:11:42 - INFO - Total Duration: 125.36 seconds
2025-09-04 20:11:42 - INFO - ==============================
2025-09-05 08:12:00 - INFO - ==============================
2025-09-05 08:12:00 - INFO - Starting Automated Scrape Task
2025-09-05 08:12:00 - INFO - Download replays: Disabled
2025-09-05 08:12:00 - INFO - ==============================
2025-09-05 08:12:00 - INFO - Step 1: Loading existing game data...
2025-09-05 08:12:00 - INFO - Loading existing games data from basil_ladder_games.csv
2025-09-05 08:12:01 - INFO - Loaded 178701 games from existing database.
2025-09-05 08:12:01 - INFO - Step 2: Skipping syncing replay status.
2025-09-05 08:12:01 - INFO - Step 3: Fetching bot ratings...
2025-09-05 08:12:01 - INFO - Fetching master rating list from https://data.basil-ladder.net/stats/ranking.json...
2025-09-05 08:12:01 - INFO - Successfully loaded ratings for 291 bots from JSON.
2025-09-05 08:12:01 - INFO - Step 4: Extracting new games from BASIL ladder...
2025-09-05 08:12:01 - INFO - Fetching latest games from BASIL Ladder (Last 24h)...
2025-09-05 08:12:28 - INFO - Navigating to https://basil.bytekeeper.org/...
2025-09-05 08:12:30 - INFO - Waiting for page to load...
2025-09-05 08:12:30 - INFO - Clicking 'Last 24h' button...
2025-09-05 08:12:34 - INFO - Found 1088 games in the table
2025-09-05 08:13:37 - INFO - Browser closed.
2025-09-05 08:13:37 - INFO - Extracted data for 1088 games from the page.
2025-09-05 08:13:37 - INFO - Step 5: Updating games database with new games...
2025-09-05 08:13:37 - INFO - Attempting to update game database with newly scraped games...
2025-09-05 08:13:37 - INFO - Existing games in database: 178701
2025-09-05 08:13:37 - INFO - New games scraped: 1088
2025-09-05 08:14:31 - INFO - Found and skipped 549 duplicate game(s) already present in the database.
2025-09-05 08:14:31 - INFO - Found 539 new unique games.
2025-09-05 08:14:31 - INFO - Database size: 178701 -> 179240 (+539)
2025-09-05 08:14:32 - INFO - Database saved successfully to basil_ladder_games.csv
2025-09-05 08:14:32 - INFO - Step 6: Skipping replay download.
2025-09-05 08:14:32 - INFO - ==============================
2025-09-05 08:14:32 - INFO - Automated Scrape Task Finished
2025-09-05 08:14:32 - INFO - Outcome: SUCCESS
2025-09-05 08:14:32 - INFO - Total Duration: 151.47 seconds
2025-09-05 08:14:32 - INFO - ==============================
2025-09-05 20:09:16 - INFO - ==============================
2025-09-05 20:09:16 - INFO - Starting Automated Scrape Task
2025-09-05 20:09:16 - INFO - Download replays: Disabled
2025-09-05 20:09:16 - INFO - ==============================
2025-09-05 20:09:16 - INFO - Step 1: Loading existing game data...
2025-09-05 20:09:16 - INFO - Loading existing games data from basil_ladder_games.csv
2025-09-05 20:09:17 - INFO - Loaded 179240 games from existing database.
2025-09-05 20:09:17 - INFO - Step 2: Skipping syncing replay status.
2025-09-05 20:09:17 - INFO - Step 3: Fetching bot ratings...
2025-09-05 20:09:17 - INFO - Fetching master rating list from https://data.basil-ladder.net/stats/ranking.json...
2025-09-05 20:09:18 - INFO - Successfully loaded ratings for 291 bots from JSON.
2025-09-05 20:09:18 - INFO - Step 4: Extracting new games from BASIL ladder...
2025-09-05 20:09:18 - INFO - Fetching latest games from BASIL Ladder (Last 24h)...
2025-09-05 20:09:23 - INFO - Navigating to https://basil.bytekeeper.org/...
2025-09-05 20:09:24 - INFO - Waiting for page to load...
2025-09-05 20:09:24 - INFO - Clicking 'Last 24h' button...
2025-09-05 20:09:27 - INFO - Found 1107 games in the table
2025-09-05 20:10:28 - INFO - Browser closed.
2025-09-05 20:10:28 - INFO - Extracted data for 1107 games from the page.
2025-09-05 20:10:28 - INFO - Step 5: Updating games database with new games...
2025-09-05 20:10:28 - INFO - Attempting to update game database with newly scraped games...
2025-09-05 20:10:28 - INFO - Existing games in database: 179240
2025-09-05 20:10:28 - INFO - New games scraped: 1107
2025-09-05 20:11:23 - INFO - Found and skipped 563 duplicate game(s) already present in the database.
2025-09-05 20:11:23 - INFO - Found 544 new unique games.
2025-09-05 20:11:23 - INFO - Database size: 179240 -> 179784 (+544)
2025-09-05 20:11:24 - INFO - Database saved successfully to basil_ladder_games.csv
2025-09-05 20:11:24 - INFO - Step 6: Skipping replay download.
2025-09-05 20:11:24 - INFO - ==============================
2025-09-05 20:11:24 - INFO - Automated Scrape Task Finished
2025-09-05 20:11:24 - INFO - Outcome: SUCCESS
2025-09-05 20:11:24 - INFO - Total Duration: 127.63 seconds
2025-09-05 20:11:24 - INFO - ==============================
2025-09-06 08:09:56 - INFO - ==============================
2025-09-06 08:09:56 - INFO - Starting Automated Scrape Task
2025-09-06 08:09:56 - INFO - Download replays: Disabled
2025-09-06 08:09:56 - INFO - ==============================
2025-09-06 08:09:56 - INFO - Step 1: Loading existing game data...
2025-09-06 08:09:56 - INFO - Loading existing games data from basil_ladder_games.csv
2025-09-06 08:09:56 - INFO - Loaded 179784 games from existing database.
2025-09-06 08:09:56 - INFO - Step 2: Skipping syncing replay status.
2025-09-06 08:09:56 - INFO - Step 3: Fetching bot ratings...
2025-09-06 08:09:56 - INFO - Fetching master rating list from https://data.basil-ladder.net/stats/ranking.json...
2025-09-06 08:09:57 - INFO - Successfully loaded ratings for 291 bots from JSON.
2025-09-06 08:09:57 - INFO - Step 4: Extracting new games from BASIL ladder...
2025-09-06 08:09:57 - INFO - Fetching latest games from BASIL Ladder (Last 24h)...
2025-09-06 08:10:04 - INFO - Navigating to https://basil.bytekeeper.org/...
2025-09-06 08:10:05 - INFO - Waiting for page to load...
2025-09-06 08:10:05 - INFO - Clicking 'Last 24h' button...
2025-09-06 08:10:08 - INFO - Found 1095 games in the table
2025-09-06 08:11:08 - INFO - Browser closed.
2025-09-06 08:11:08 - INFO - Extracted data for 1095 games from the page.
2025-09-06 08:11:08 - INFO - Step 5: Updating games database with new games...
2025-09-06 08:11:08 - INFO - Attempting to update game database with newly scraped games...
2025-09-06 08:11:08 - INFO - Existing games in database: 179784
2025-09-06 08:11:08 - INFO - New games scraped: 1095
2025-09-06 08:12:03 - INFO - Found and skipped 567 duplicate game(s) already present in the database.
2025-09-06 08:12:03 - INFO - Found 528 new unique games.
2025-09-06 08:12:03 - INFO - Database size: 179784 -> 180312 (+528)
2025-09-06 08:12:04 - INFO - Database saved successfully to basil_ladder_games.csv
2025-09-06 08:12:04 - INFO - Step 6: Skipping replay download.
2025-09-06 08:12:04 - INFO - ==============================
2025-09-06 08:12:04 - INFO - Automated Scrape Task Finished
2025-09-06 08:12:04 - INFO - Outcome: SUCCESS
2025-09-06 08:12:04 - INFO - Total Duration: 127.82 seconds
2025-09-06 08:12:04 - INFO - ==============================
2025-09-06 20:08:15 - INFO - ==============================
2025-09-06 20:08:15 - INFO - Starting Automated Scrape Task
2025-09-06 20:08:15 - INFO - Download replays: Disabled
2025-09-06 20:08:15 - INFO - ==============================
2025-09-06 20:08:15 - INFO - Step 1: Loading existing game data...
2025-09-06 20:08:15 - INFO - Loading existing games data from basil_ladder_games.csv
2025-09-06 20:08:16 - INFO - Loaded 180312 games from existing database.
2025-09-06 20:08:16 - INFO - Step 2: Skipping syncing replay status.
2025-09-06 20:08:16 - INFO - Step 3: Fetching bot ratings...
2025-09-06 20:08:16 - INFO - Fetching master rating list from https://data.basil-ladder.net/stats/ranking.json...
2025-09-06 20:08:17 - INFO - Successfully loaded ratings for 291 bots from JSON.
2025-09-06 20:08:17 - INFO - Step 4: Extracting new games from BASIL ladder...
2025-09-06 20:08:17 - INFO - Fetching latest games from BASIL Ladder (Last 24h)...
2025-09-06 20:08:24 - INFO - Navigating to https://basil.bytekeeper.org/...
2025-09-06 20:08:25 - INFO - Waiting for page to load...
2025-09-06 20:08:25 - INFO - Clicking 'Last 24h' button...
2025-09-06 20:08:29 - INFO - Found 1116 games in the table
2025-09-06 20:09:32 - INFO - Browser closed.
2025-09-06 20:09:32 - INFO - Extracted data for 1116 games from the page.
2025-09-06 20:09:32 - INFO - Step 5: Updating games database with new games...
2025-09-06 20:09:32 - INFO - Attempting to update game database with newly scraped games...
2025-09-06 20:09:32 - INFO - Existing games in database: 180312
2025-09-06 20:09:32 - INFO - New games scraped: 1116
2025-09-06 20:10:28 - INFO - Found and skipped 550 duplicate game(s) already present in the database.
2025-09-06 20:10:28 - INFO - Found 566 new unique games.
2025-09-06 20:10:28 - INFO - Database size: 180312 -> 180878 (+566)
2025-09-06 20:10:29 - INFO - Database saved successfully to basil_ladder_games.csv
2025-09-06 20:10:29 - INFO - Step 6: Skipping replay download.
2025-09-06 20:10:29 - INFO - ==============================
2025-09-06 20:10:29 - INFO - Automated Scrape Task Finished
2025-09-06 20:10:29 - INFO - Outcome: SUCCESS
2025-09-06 20:10:29 - INFO - Total Duration: 133.94 seconds
2025-09-06 20:10:29 - INFO - ==============================
2025-09-07 08:10:16 - INFO - ==============================
2025-09-07 08:10:16 - INFO - Starting Automated Scrape Task
2025-09-07 08:10:16 - INFO - Download replays: Disabled
2025-09-07 08:10:16 - INFO - ==============================
2025-09-07 08:10:16 - INFO - Step 1: Loading existing game data...
2025-09-07 08:10:16 - INFO - Loading existing games data from basil_ladder_games.csv
2025-09-07 08:10:17 - INFO - Loaded 180878 games from existing database.
2025-09-07 08:10:17 - INFO - Step 2: Skipping syncing replay status.
2025-09-07 08:10:17 - INFO - Step 3: Fetching bot ratings...
2025-09-07 08:10:17 - INFO - Fetching master rating list from https://data.basil-ladder.net/stats/ranking.json...
2025-09-07 08:10:18 - INFO - Successfully loaded ratings for 291 bots from JSON.
2025-09-07 08:10:18 - INFO - Step 4: Extracting new games from BASIL ladder...
2025-09-07 08:10:18 - INFO - Fetching latest games from BASIL Ladder (Last 24h)...
2025-09-07 08:10:53 - INFO - Navigating to https://basil.bytekeeper.org/...
2025-09-07 08:10:55 - INFO - Waiting for page to load...
2025-09-07 08:10:56 - INFO - Clicking 'Last 24h' button...
2025-09-07 08:10:59 - INFO - Found 1120 games in the table
2025-09-07 08:12:02 - INFO - Browser closed.
2025-09-07 08:12:02 - INFO - Extracted data for 1120 games from the page.
2025-09-07 08:12:02 - INFO - Step 5: Updating games database with new games...
2025-09-07 08:12:02 - INFO - Attempting to update game database with newly scraped games...
2025-09-07 08:12:02 - INFO - Existing games in database: 180878
2025-09-07 08:12:02 - INFO - New games scraped: 1120
2025-09-07 08:12:58 - INFO - Found and skipped 592 duplicate game(s) already present in the database.
2025-09-07 08:12:58 - INFO - Found 528 new unique games.
2025-09-07 08:12:58 - INFO - Database size: 180878 -> 181406 (+528)
2025-09-07 08:12:59 - INFO - Database saved successfully to basil_ladder_games.csv
2025-09-07 08:12:59 - INFO - Step 6: Skipping replay download.
2025-09-07 08:12:59 - INFO - ==============================
2025-09-07 08:12:59 - INFO - Automated Scrape Task Finished
2025-09-07 08:12:59 - INFO - Outcome: SUCCESS
2025-09-07 08:12:59 - INFO - Total Duration: 162.21 seconds
2025-09-07 08:12:59 - INFO - ==============================
2025-09-07 20:08:27 - INFO - ==============================
2025-09-07 20:08:27 - INFO - Starting Automated Scrape Task
2025-09-07 20:08:27 - INFO - Download replays: Disabled
2025-09-07 20:08:27 - INFO - ==============================
2025-09-07 20:08:27 - INFO - Step 1: Loading existing game data...
2025-09-07 20:08:27 - INFO - Loading existing games data from basil_ladder_games.csv
2025-09-07 20:08:27 - INFO - Loaded 181406 games from existing database.
2025-09-07 20:08:27 - INFO - Step 2: Skipping syncing replay status.
2025-09-07 20:08:27 - INFO - Step 3: Fetching bot ratings...
2025-09-07 20:08:27 - INFO - Fetching master rating list from https://data.basil-ladder.net/stats/ranking.json...
2025-09-07 20:08:28 - INFO - Successfully loaded ratings for 291 bots from JSON.
2025-09-07 20:08:28 - INFO - Step 4: Extracting new games from BASIL ladder...
2025-09-07 20:08:28 - INFO - Fetching latest games from BASIL Ladder (Last 24h)...
2025-09-07 20:08:48 - INFO - Navigating to https://basil.bytekeeper.org/...
2025-09-07 20:08:50 - INFO - Waiting for page to load...
2025-09-07 20:08:50 - INFO - Clicking 'Last 24h' button...
2025-09-07 20:08:54 - INFO - Found 1069 games in the table
2025-09-07 20:09:53 - INFO - Browser closed.
2025-09-07 20:09:53 - INFO - Extracted data for 1069 games from the page.
2025-09-07 20:09:53 - INFO - Step 5: Updating games database with new games...
2025-09-07 20:09:53 - INFO - Attempting to update game database with newly scraped games...
2025-09-07 20:09:53 - INFO - Existing games in database: 181406
2025-09-07 20:09:53 - INFO - New games scraped: 1069
2025-09-07 20:10:46 - INFO - Found and skipped 548 duplicate game(s) already present in the database.
2025-09-07 20:10:46 - INFO - Found 521 new unique games.
2025-09-07 20:10:46 - INFO - Database size: 181406 -> 181927 (+521)
2025-09-07 20:10:47 - INFO - Database saved successfully to basil_ladder_games.csv
2025-09-07 20:10:48 - INFO - Step 6: Skipping replay download.
2025-09-07 20:10:48 - INFO - ==============================
2025-09-07 20:10:48 - INFO - Automated Scrape Task Finished
2025-09-07 20:10:48 - INFO - Outcome: SUCCESS
2025-09-07 20:10:48 - INFO - Total Duration: 140.56 seconds
2025-09-07 20:10:48 - INFO - ==============================
2025-09-08 08:13:17 - INFO - ==============================
2025-09-08 08:13:17 - INFO - Starting Automated Scrape Task
2025-09-08 08:13:17 - INFO - Download replays: Disabled
2025-09-08 08:13:17 - INFO - ==============================
2025-09-08 08:13:17 - INFO - Step 1: Loading existing game data...
2025-09-08 08:13:17 - INFO - Loading existing games data from basil_ladder_games.csv
2025-09-08 08:13:17 - INFO - Loaded 181927 games from existing database.
2025-09-08 08:13:17 - INFO - Step 2: Skipping syncing replay status.
2025-09-08 08:13:17 - INFO - Step 3: Fetching bot ratings...
2025-09-08 08:13:17 - INFO - Fetching master rating list from https://data.basil-ladder.net/stats/ranking.json...
2025-09-08 08:13:18 - INFO - Successfully loaded ratings for 291 bots from JSON.
2025-09-08 08:13:18 - INFO - Step 4: Extracting new games from BASIL ladder...
2025-09-08 08:13:18 - INFO - Fetching latest games from BASIL Ladder (Last 24h)...
2025-09-08 08:13:25 - INFO - Navigating to https://basil.bytekeeper.org/...
2025-09-08 08:13:26 - INFO - Waiting for page to load...
2025-09-08 08:13:26 - INFO - Clicking 'Last 24h' button...
2025-09-08 08:13:29 - INFO - Found 1114 games in the table
2025-09-08 08:14:29 - INFO - Browser closed.
2025-09-08 08:14:29 - INFO - Extracted data for 1114 games from the page.
2025-09-08 08:14:29 - INFO - Step 5: Updating games database with new games...
2025-09-08 08:14:29 - INFO - Attempting to update game database with newly scraped games...
2025-09-08 08:14:29 - INFO - Existing games in database: 181927
2025-09-08 08:14:29 - INFO - New games scraped: 1114
2025-09-08 08:15:25 - INFO - Found and skipped 546 duplicate game(s) already present in the database.
2025-09-08 08:15:25 - INFO - Found 568 new unique games.
2025-09-08 08:15:25 - INFO - Database size: 181927 -> 182495 (+568)
2025-09-08 08:15:26 - INFO - Database saved successfully to basil_ladder_games.csv
2025-09-08 08:15:26 - INFO - Step 6: Skipping replay download.
2025-09-08 08:15:26 - INFO - ==============================
2025-09-08 08:15:26 - INFO - Automated Scrape Task Finished
2025-09-08 08:15:26 - INFO - Outcome: SUCCESS
2025-09-08 08:15:26 - INFO - Total Duration: 129.86 seconds
2025-09-08 08:15:26 - INFO - ==============================
2025-09-08 20:09:21 - INFO - ==============================
2025-09-08 20:09:21 - INFO - Starting Automated Scrape Task
2025-09-08 20:09:21 - INFO - Download replays: Disabled
2025-09-08 20:09:21 - INFO - ==============================
2025-09-08 20:09:21 - INFO - Step 1: Loading existing game data...
2025-09-08 20:09:21 - INFO - Loading existing games data from basil_ladder_games.csv
2025-09-08 20:09:22 - INFO - Loaded 182495 games from existing database.
2025-09-08 20:09:22 - INFO - Step 2: Skipping syncing replay status.
2025-09-08 20:09:22 - INFO - Step 3: Fetching bot ratings...
2025-09-08 20:09:22 - INFO - Fetching master rating list from https://data.basil-ladder.net/stats/ranking.json...
2025-09-08 20:09:22 - INFO - Successfully loaded ratings for 291 bots from JSON.
2025-09-08 20:09:22 - INFO - Step 4: Extracting new games from BASIL ladder...
2025-09-08 20:09:22 - INFO - Fetching latest games from BASIL Ladder (Last 24h)...
2025-09-08 20:09:30 - INFO - Navigating to https://basil.bytekeeper.org/...
2025-09-08 20:09:31 - INFO - Waiting for page to load...
2025-09-08 20:09:31 - INFO - Clicking 'Last 24h' button...
2025-09-08 20:09:34 - INFO - Found 1152 games in the table
2025-09-08 20:10:39 - INFO - Browser closed.
2025-09-08 20:10:39 - INFO - Extracted data for 1152 games from the page.
2025-09-08 20:10:39 - INFO - Step 5: Updating games database with new games...
2025-09-08 20:10:39 - INFO - Attempting to update game database with newly scraped games...
2025-09-08 20:10:39 - INFO - Existing games in database: 182495
2025-09-08 20:10:39 - INFO - New games scraped: 1152
2025-09-08 20:11:37 - INFO - Found and skipped 596 duplicate game(s) already present in the database.
2025-09-08 20:11:37 - INFO - Found 556 new unique games.
2025-09-08 20:11:37 - INFO - Database size: 182495 -> 183051 (+556)
2025-09-08 20:11:38 - INFO - Database saved successfully to basil_ladder_games.csv
2025-09-08 20:11:38 - INFO - Step 6: Skipping replay download.
2025-09-08 20:11:38 - INFO - ==============================
2025-09-08 20:11:38 - INFO - Automated Scrape Task Finished
2025-09-08 20:11:38 - INFO - Outcome: SUCCESS
2025-09-08 20:11:38 - INFO - Total Duration: 136.66 seconds
2025-09-08 20:11:38 - INFO - ==============================
2025-09-09 08:12:58 - INFO - ==============================
2025-09-09 08:12:58 - INFO - Starting Automated Scrape Task
2025-09-09 08:12:58 - INFO - Download replays: Disabled
2025-09-09 08:12:58 - INFO - ==============================
2025-09-09 08:12:58 - INFO - Step 1: Loading existing game data...
2025-09-09 08:12:58 - INFO - Loading existing games data from basil_ladder_games.csv
2025-09-09 08:12:59 - INFO - Loaded 183051 games from existing database.
2025-09-09 08:12:59 - INFO - Step 2: Skipping syncing replay status.
2025-09-09 08:12:59 - INFO - Step 3: Fetching bot ratings...
2025-09-09 08:12:59 - INFO - Fetching master rating list from https://data.basil-ladder.net/stats/ranking.json...
2025-09-09 08:12:59 - INFO - Successfully loaded ratings for 291 bots from JSON.
2025-09-09 08:12:59 - INFO - Step 4: Extracting new games from BASIL ladder...
2025-09-09 08:12:59 - INFO - Fetching latest games from BASIL Ladder (Last 24h)...
2025-09-09 08:13:06 - INFO - Navigating to https://basil.bytekeeper.org/...
2025-09-09 08:13:07 - INFO - Waiting for page to load...
2025-09-09 08:13:07 - INFO - Clicking 'Last 24h' button...
2025-09-09 08:13:11 - INFO - Found 1118 games in the table
2025-09-09 08:14:14 - INFO - Browser closed.
2025-09-09 08:14:14 - INFO - Extracted data for 1118 games from the page.
2025-09-09 08:14:14 - INFO - Step 5: Updating games database with new games...
2025-09-09 08:14:14 - INFO - Attempting to update game database with newly scraped games...
2025-09-09 08:14:14 - INFO - Existing games in database: 183051
2025-09-09 08:14:14 - INFO - New games scraped: 1118
2025-09-09 08:15:11 - INFO - Found and skipped 579 duplicate game(s) already present in the database.
2025-09-09 08:15:11 - INFO - Found 539 new unique games.
2025-09-09 08:15:11 - INFO - Database size: 183051 -> 183590 (+539)
2025-09-09 08:15:12 - INFO - Database saved successfully to basil_ladder_games.csv
2025-09-09 08:15:12 - INFO - Step 6: Skipping replay download.
2025-09-09 08:15:12 - INFO - ==============================
2025-09-09 08:15:12 - INFO - Automated Scrape Task Finished
2025-09-09 08:15:12 - INFO - Outcome: SUCCESS
2025-09-09 08:15:12 - INFO - Total Duration: 133.69 seconds
2025-09-09 08:15:12 - INFO - ==============================
2025-09-09 20:09:50 - INFO - ==============================
2025-09-09 20:09:50 - INFO - Starting Automated Scrape Task
2025-09-09 20:09:50 - INFO - Download replays: Disabled
2025-09-09 20:09:50 - INFO - ==============================
2025-09-09 20:09:50 - INFO - Step 1: Loading existing game data...
2025-09-09 20:09:50 - INFO - Loading existing games data from basil_ladder_games.csv
2025-09-09 20:09:50 - INFO - Loaded 183590 games from existing database.
2025-09-09 20:09:50 - INFO - Step 2: Skipping syncing replay status.
2025-09-09 20:09:50 - INFO - Step 3: Fetching bot ratings...
2025-09-09 20:09:50 - INFO - Fetching master rating list from https://data.basil-ladder.net/stats/ranking.json...
2025-09-09 20:09:51 - INFO - Successfully loaded ratings for 291 bots from JSON.
2025-09-09 20:09:51 - INFO - Step 4: Extracting new games from BASIL ladder...
2025-09-09 20:09:51 - INFO - Fetching latest games from BASIL Ladder (Last 24h)...
2025-09-09 20:10:04 - INFO - Navigating to https://basil.bytekeeper.org/...
2025-09-09 20:10:06 - INFO - Waiting for page to load...
2025-09-09 20:10:06 - INFO - Clicking 'Last 24h' button...
2025-09-09 20:10:09 - INFO - Found 1088 games in the table
2025-09-09 20:11:06 - INFO - Browser closed.
2025-09-09 20:11:06 - INFO - Extracted data for 1088 games from the page.
2025-09-09 20:11:06 - INFO - Step 5: Updating games database with new games...
2025-09-09 20:11:06 - INFO - Attempting to update game database with newly scraped games...
2025-09-09 20:11:06 - INFO - Existing games in database: 183590
2025-09-09 20:11:06 - INFO - New games scraped: 1088
2025-09-09 20:12:02 - INFO - Found and skipped 554 duplicate game(s) already present in the database.
2025-09-09 20:12:02 - INFO - Found 534 new unique games.
2025-09-09 20:12:02 - INFO - Database size: 183590 -> 184124 (+534)
2025-09-09 20:12:03 - INFO - Database saved successfully to basil_ladder_games.csv
2025-09-09 20:12:03 - INFO - Step 6: Skipping replay download.
2025-09-09 20:12:03 - INFO - ==============================
2025-09-09 20:12:03 - INFO - Automated Scrape Task Finished
2025-09-09 20:12:03 - INFO - Outcome: SUCCESS
2025-09-09 20:12:03 - INFO - Total Duration: 133.26 seconds
2025-09-09 20:12:03 - INFO - ==============================
2025-09-10 08:12:08 - INFO - ==============================
2025-09-10 08:12:08 - INFO - Starting Automated Scrape Task
2025-09-10 08:12:08 - INFO - Download replays: Disabled
2025-09-10 08:12:08 - INFO - ==============================
2025-09-10 08:12:08 - INFO - Step 1: Loading existing game data...
2025-09-10 08:12:08 - INFO - Loading existing games data from basil_ladder_games.csv
2025-09-10 08:12:08 - INFO - Loaded 184124 games from existing database.
2025-09-10 08:12:08 - INFO - Step 2: Skipping syncing replay status.
2025-09-10 08:12:08 - INFO - Step 3: Fetching bot ratings...
2025-09-10 08:12:08 - INFO - Fetching master rating list from https://data.basil-ladder.net/stats/ranking.json...
2025-09-10 08:12:09 - INFO - Successfully loaded ratings for 291 bots from JSON.
2025-09-10 08:12:09 - INFO - Step 4: Extracting new games from BASIL ladder...
2025-09-10 08:12:09 - INFO - Fetching latest games from BASIL Ladder (Last 24h)...
2025-09-10 08:12:18 - INFO - Navigating to https://basil.bytekeeper.org/...
2025-09-10 08:12:19 - INFO - Waiting for page to load...
2025-09-10 08:12:19 - INFO - Clicking 'Last 24h' button...
2025-09-10 08:12:22 - INFO - Found 1097 games in the table
2025-09-10 08:13:22 - INFO - Browser closed.
2025-09-10 08:13:22 - INFO - Extracted data for 1097 games from the page.
2025-09-10 08:13:22 - INFO - Step 5: Updating games database with new games...
2025-09-10 08:13:22 - INFO - Attempting to update game database with newly scraped games...
2025-09-10 08:13:22 - INFO - Existing games in database: 184124
2025-09-10 08:13:22 - INFO - New games scraped: 1097
2025-09-10 08:14:18 - INFO - Found and skipped 546 duplicate game(s) already present in the database.
2025-09-10 08:14:18 - INFO - Found 551 new unique games.
2025-09-10 08:14:18 - INFO - Database size: 184124 -> 184675 (+551)
2025-09-10 08:14:19 - INFO - Database saved successfully to basil_ladder_games.csv
2025-09-10 08:14:19 - INFO - Step 6: Skipping replay download.
2025-09-10 08:14:19 - INFO - ==============================
2025-09-10 08:14:19 - INFO - Automated Scrape Task Finished
2025-09-10 08:14:19 - INFO - Outcome: SUCCESS
2025-09-10 08:14:19 - INFO - Total Duration: 130.87 seconds
2025-09-10 08:14:19 - INFO - ==============================
2025-09-10 20:09:46 - INFO - ==============================
2025-09-10 20:09:46 - INFO - Starting Automated Scrape Task
2025-09-10 20:09:46 - INFO - Download replays: Disabled
2025-09-10 20:09:46 - INFO - ==============================
2025-09-10 20:09:46 - INFO - Step 1: Loading existing game data...
2025-09-10 20:09:46 - INFO - Loading existing games data from basil_ladder_games.csv
2025-09-10 20:09:46 - INFO - Loaded 184675 games from existing database.
2025-09-10 20:09:46 - INFO - Step 2: Skipping syncing replay status.
2025-09-10 20:09:46 - INFO - Step 3: Fetching bot ratings...
2025-09-10 20:09:46 - INFO - Fetching master rating list from https://data.basil-ladder.net/stats/ranking.json...
2025-09-10 20:09:47 - INFO - Successfully loaded ratings for 291 bots from JSON.
2025-09-10 20:09:47 - INFO - Step 4: Extracting new games from BASIL ladder...
2025-09-10 20:09:47 - INFO - Fetching latest games from BASIL Ladder (Last 24h)...
2025-09-10 20:09:54 - INFO - Navigating to https://basil.bytekeeper.org/...
2025-09-10 20:09:55 - INFO - Waiting for page to load...
2025-09-10 20:09:55 - INFO - Clicking 'Last 24h' button...
2025-09-10 20:09:58 - INFO - Found 1116 games in the table
2025-09-10 20:10:58 - INFO - Browser closed.
2025-09-10 20:10:58 - INFO - Extracted data for 1116 games from the page.
2025-09-10 20:10:58 - INFO - Step 5: Updating games database with new games...
2025-09-10 20:10:58 - INFO - Attempting to update game database with newly scraped games...
2025-09-10 20:10:58 - INFO - Existing games in database: 184675
2025-09-10 20:10:58 - INFO - New games scraped: 1116
2025-09-10 20:11:56 - INFO - Found and skipped 571 duplicate game(s) already present in the database.
2025-09-10 20:11:56 - INFO - Found 545 new unique games.
2025-09-10 20:11:56 - INFO - Database size: 184675 -> 185220 (+545)
2025-09-10 20:11:57 - INFO - Database saved successfully to basil_ladder_games.csv
2025-09-10 20:11:57 - INFO - Step 6: Skipping replay download.
2025-09-10 20:11:57 - INFO - ==============================
2025-09-10 20:11:57 - INFO - Automated Scrape Task Finished
2025-09-10 20:11:57 - INFO - Outcome: SUCCESS
2025-09-10 20:11:57 - INFO - Total Duration: 130.84 seconds
2025-09-10 20:11:57 - INFO - ==============================
2025-09-11 08:12:34 - INFO - ==============================
2025-09-11 08:12:34 - INFO - Starting Automated Scrape Task
2025-09-11 08:12:34 - INFO - Download replays: Disabled
2025-09-11 08:12:34 - INFO - ==============================
2025-09-11 08:12:34 - INFO - Step 1: Loading existing game data...
2025-09-11 08:12:34 - INFO - Loading existing games data from basil_ladder_games.csv
2025-09-11 08:12:34 - INFO - Loaded 185220 games from existing database.
2025-09-11 08:12:34 - INFO - Step 2: Skipping syncing replay status.
2025-09-11 08:12:34 - INFO - Step 3: Fetching bot ratings...
2025-09-11 08:12:34 - INFO - Fetching master rating list from https://data.basil-ladder.net/stats/ranking.json...
2025-09-11 08:12:35 - INFO - Successfully loaded ratings for 291 bots from JSON.
2025-09-11 08:12:35 - INFO - Step 4: Extracting new games from BASIL ladder...
2025-09-11 08:12:35 - INFO - Fetching latest games from BASIL Ladder (Last 24h)...
2025-09-11 08:12:44 - INFO - Navigating to https://basil.bytekeeper.org/...
2025-09-11 08:12:44 - INFO - Waiting for page to load...
2025-09-11 08:12:45 - INFO - Clicking 'Last 24h' button...
2025-09-11 08:12:48 - INFO - Found 1112 games in the table
2025-09-11 08:13:49 - INFO - Browser closed.
2025-09-11 08:13:49 - INFO - Extracted data for 1112 games from the page.
2025-09-11 08:13:49 - INFO - Step 5: Updating games database with new games...
2025-09-11 08:13:49 - INFO - Attempting to update game database with newly scraped games...
2025-09-11 08:13:49 - INFO - Existing games in database: 185220
2025-09-11 08:13:49 - INFO - New games scraped: 1112
2025-09-11 08:14:46 - INFO - Found and skipped 564 duplicate game(s) already present in the database.
2025-09-11 08:14:46 - INFO - Found 548 new unique games.
2025-09-11 08:14:46 - INFO - Database size: 185220 -> 185768 (+548)
2025-09-11 08:14:47 - INFO - Database saved successfully to basil_ladder_games.csv
2025-09-11 08:14:47 - INFO - Step 6: Skipping replay download.
2025-09-11 08:14:47 - INFO - ==============================
2025-09-11 08:14:47 - INFO - Automated Scrape Task Finished
2025-09-11 08:14:47 - INFO - Outcome: SUCCESS
2025-09-11 08:14:47 - INFO - Total Duration: 133.31 seconds
2025-09-11 08:14:47 - INFO - ==============================
2025-09-11 20:08:11 - INFO - ==============================
2025-09-11 20:08:11 - INFO - Starting Automated Scrape Task
2025-09-11 20:08:11 - INFO - Download replays: Disabled
2025-09-11 20:08:11 - INFO - ==============================
2025-09-11 20:08:11 - INFO - Step 1: Loading existing game data...
2025-09-11 20:08:11 - INFO - Loading existing games data from basil_ladder_games.csv
2025-09-11 20:08:11 - INFO - Loaded 185768 games from existing database.
2025-09-11 20:08:11 - INFO - Step 2: Skipping syncing replay status.
2025-09-11 20:08:11 - INFO - Step 3: Fetching bot ratings...
2025-09-11 20:08:11 - INFO - Fetching master rating list from https://data.basil-ladder.net/stats/ranking.json...
2025-09-11 20:08:12 - INFO - Successfully loaded ratings for 291 bots from JSON.
2025-09-11 20:08:12 - INFO - Step 4: Extracting new games from BASIL ladder...
2025-09-11 20:08:12 - INFO - Fetching latest games from BASIL Ladder (Last 24h)...
2025-09-11 20:08:21 - INFO - Navigating to https://basil.bytekeeper.org/...
2025-09-11 20:08:21 - INFO - Waiting for page to load...
2025-09-11 20:08:22 - INFO - Clicking 'Last 24h' button...
2025-09-11 20:08:25 - INFO - Found 1110 games in the table
2025-09-11 20:09:23 - INFO - Browser closed.
2025-09-11 20:09:23 - INFO - Extracted data for 1110 games from the page.
2025-09-11 20:09:23 - INFO - Step 5: Updating games database with new games...
2025-09-11 20:09:23 - INFO - Attempting to update game database with newly scraped games...
2025-09-11 20:09:23 - INFO - Existing games in database: 185768
2025-09-11 20:09:23 - INFO - New games scraped: 1110
2025-09-11 20:10:20 - INFO - Found and skipped 566 duplicate game(s) already present in the database.
2025-09-11 20:10:20 - INFO - Found 544 new unique games.
2025-09-11 20:10:20 - INFO - Database size: 185768 -> 186312 (+544)
2025-09-11 20:10:21 - INFO - Database saved successfully to basil_ladder_games.csv
2025-09-11 20:10:21 - INFO - Step 6: Skipping replay download.
2025-09-11 20:10:21 - INFO - ==============================
2025-09-11 20:10:21 - INFO - Automated Scrape Task Finished
2025-09-11 20:10:21 - INFO - Outcome: SUCCESS
2025-09-11 20:10:21 - INFO - Total Duration: 130.64 seconds
2025-09-11 20:10:21 - INFO - ==============================
2025-09-12 08:12:04 - INFO - ==============================
2025-09-12 08:12:04 - INFO - Starting Automated Scrape Task
2025-09-12 08:12:04 - INFO - Download replays: Disabled
2025-09-12 08:12:04 - INFO - ==============================
2025-09-12 08:12:04 - INFO - Step 1: Loading existing game data...
2025-09-12 08:12:04 - INFO - Loading existing games data from basil_ladder_games.csv
2025-09-12 08:12:04 - INFO - Loaded 186312 games from existing database.
2025-09-12 08:12:04 - INFO - Step 2: Skipping syncing replay status.
2025-09-12 08:12:04 - INFO - Step 3: Fetching bot ratings...
2025-09-12 08:12:04 - INFO - Fetching master rating list from https://data.basil-ladder.net/stats/ranking.json...
2025-09-12 08:12:05 - INFO - Successfully loaded ratings for 291 bots from JSON.
2025-09-12 08:12:05 - INFO - Step 4: Extracting new games from BASIL ladder...
2025-09-12 08:12:05 - INFO - Fetching latest games from BASIL Ladder (Last 24h)...
2025-09-12 08:12:17 - INFO - Navigating to https://basil.bytekeeper.org/...
2025-09-12 08:12:18 - INFO - Waiting for page to load...
2025-09-12 08:12:18 - INFO - Clicking 'Last 24h' button...
2025-09-12 08:12:22 - INFO - Found 1091 games in the table
2025-09-12 08:13:20 - INFO - Browser closed.
2025-09-12 08:13:20 - INFO - Extracted data for 1091 games from the page.
2025-09-12 08:13:20 - INFO - Step 5: Updating games database with new games...
2025-09-12 08:13:20 - INFO - Attempting to update game database with newly scraped games...
2025-09-12 08:13:20 - INFO - Existing games in database: 186312
2025-09-12 08:13:20 - INFO - New games scraped: 1091
2025-09-12 08:14:16 - INFO - Found and skipped 558 duplicate game(s) already present in the database.
2025-09-12 08:14:16 - INFO - Found 533 new unique games.
2025-09-12 08:14:16 - INFO - Database size: 186312 -> 186845 (+533)
2025-09-12 08:14:17 - INFO - Database saved successfully to basil_ladder_games.csv
2025-09-12 08:14:17 - INFO - Step 6: Skipping replay download.
2025-09-12 08:14:17 - INFO - ==============================
2025-09-12 08:14:17 - INFO - Automated Scrape Task Finished
2025-09-12 08:14:17 - INFO - Outcome: SUCCESS
2025-09-12 08:14:17 - INFO - Total Duration: 133.49 seconds
2025-09-12 08:14:17 - INFO - ==============================
2025-09-12 20:09:25 - INFO - ==============================
2025-09-12 20:09:25 - INFO - Starting Automated Scrape Task
2025-09-12 20:09:25 - INFO - Download replays: Disabled
2025-09-12 20:09:25 - INFO - ==============================
2025-09-12 20:09:25 - INFO - Step 1: Loading existing game data...
2025-09-12 20:09:25 - INFO - Loading existing games data from basil_ladder_games.csv
2025-09-12 20:09:26 - INFO - Loaded 186845 games from existing database.
2025-09-12 20:09:26 - INFO - Step 2: Skipping syncing replay status.
2025-09-12 20:09:26 - INFO - Step 3: Fetching bot ratings...
2025-09-12 20:09:26 - INFO - Fetching master rating list from https://data.basil-ladder.net/stats/ranking.json...
2025-09-12 20:09:26 - INFO - Successfully loaded ratings for 291 bots from JSON.
2025-09-12 20:09:26 - INFO - Step 4: Extracting new games from BASIL ladder...
2025-09-12 20:09:26 - INFO - Fetching latest games from BASIL Ladder (Last 24h)...
2025-09-12 20:09:34 - INFO - Navigating to https://basil.bytekeeper.org/...
2025-09-12 20:09:35 - INFO - Waiting for page to load...
2025-09-12 20:09:35 - INFO - Clicking 'Last 24h' button...
2025-09-12 20:09:38 - INFO - Found 1089 games in the table
2025-09-12 20:10:42 - INFO - Browser closed.
2025-09-12 20:10:42 - INFO - Extracted data for 1089 games from the page.
2025-09-12 20:10:42 - INFO - Step 5: Updating games database with new games...
2025-09-12 20:10:42 - INFO - Attempting to update game database with newly scraped games...
2025-09-12 20:10:42 - INFO - Existing games in database: 186845
2025-09-12 20:10:42 - INFO - New games scraped: 1089
2025-09-12 20:11:39 - INFO - Found and skipped 544 duplicate game(s) already present in the database.
2025-09-12 20:11:39 - INFO - Found 545 new unique games.
2025-09-12 20:11:39 - INFO - Database size: 186845 -> 187390 (+545)
2025-09-12 20:11:40 - INFO - Database saved successfully to basil_ladder_games.csv
2025-09-12 20:11:40 - INFO - Step 6: Skipping replay download.
2025-09-12 20:11:40 - INFO - ==============================
2025-09-12 20:11:40 - INFO - Automated Scrape Task Finished
2025-09-12 20:11:40 - INFO - Outcome: SUCCESS
2025-09-12 20:11:40 - INFO - Total Duration: 135.27 seconds
2025-09-12 20:11:40 - INFO - ==============================
2025-09-13 08:10:39 - INFO - ==============================
2025-09-13 08:10:39 - INFO - Starting Automated Scrape Task
2025-09-13 08:10:39 - INFO - Download replays: Disabled
2025-09-13 08:10:39 - INFO - ==============================
2025-09-13 08:10:39 - INFO - Step 1: Loading existing game data...
2025-09-13 08:10:39 - INFO - Loading existing games data from basil_ladder_games.csv
2025-09-13 08:10:39 - INFO - Loaded 187390 games from existing database.
2025-09-13 08:10:39 - INFO - Step 2: Skipping syncing replay status.
2025-09-13 08:10:39 - INFO - Step 3: Fetching bot ratings...
2025-09-13 08:10:39 - INFO - Fetching master rating list from https://data.basil-ladder.net/stats/ranking.json...
2025-09-13 08:10:40 - INFO - Successfully loaded ratings for 291 bots from JSON.
2025-09-13 08:10:40 - INFO - Step 4: Extracting new games from BASIL ladder...
2025-09-13 08:10:40 - INFO - Fetching latest games from BASIL Ladder (Last 24h)...
2025-09-13 08:11:01 - INFO - Navigating to https://basil.bytekeeper.org/...
2025-09-13 08:11:02 - INFO - Waiting for page to load...
2025-09-13 08:11:03 - INFO - Clicking 'Last 24h' button...
2025-09-13 08:11:07 - INFO - Found 1134 games in the table
2025-09-13 08:12:06 - INFO - Browser closed.
2025-09-13 08:12:06 - INFO - Extracted data for 1134 games from the page.
2025-09-13 08:12:06 - INFO - Step 5: Updating games database with new games...
2025-09-13 08:12:06 - INFO - Attempting to update game database with newly scraped games...
2025-09-13 08:12:06 - INFO - Existing games in database: 187390
2025-09-13 08:12:06 - INFO - New games scraped: 1134
2025-09-13 08:13:04 - INFO - Found and skipped 563 duplicate game(s) already present in the database.
2025-09-13 08:13:04 - INFO - Found 571 new unique games.
2025-09-13 08:13:04 - INFO - Database size: 187390 -> 187961 (+571)
2025-09-13 08:13:06 - INFO - Database saved successfully to basil_ladder_games.csv
2025-09-13 08:13:06 - INFO - Step 6: Skipping replay download.
2025-09-13 08:13:06 - INFO - ==============================
2025-09-13 08:13:06 - INFO - Automated Scrape Task Finished
2025-09-13 08:13:06 - INFO - Outcome: SUCCESS
2025-09-13 08:13:06 - INFO - Total Duration: 146.72 seconds
2025-09-13 08:13:06 - INFO - ==============================
2025-09-13 20:08:16 - INFO - ==============================
2025-09-13 20:08:16 - INFO - Starting Automated Scrape Task
2025-09-13 20:08:16 - INFO - Download replays: Disabled
2025-09-13 20:08:16 - INFO - ==============================
2025-09-13 20:08:16 - INFO - Step 1: Loading existing game data...
2025-09-13 20:08:16 - INFO - Loading existing games data from basil_ladder_games.csv
2025-09-13 20:08:17 - INFO - Loaded 187961 games from existing database.
2025-09-13 20:08:17 - INFO - Step 2: Skipping syncing replay status.
2025-09-13 20:08:17 - INFO - Step 3: Fetching bot ratings...
2025-09-13 20:08:17 - INFO - Fetching master rating list from https://data.basil-ladder.net/stats/ranking.json...
2025-09-13 20:08:17 - INFO - Successfully loaded ratings for 291 bots from JSON.
2025-09-13 20:08:17 - INFO - Step 4: Extracting new games from BASIL ladder...
2025-09-13 20:08:17 - INFO - Fetching latest games from BASIL Ladder (Last 24h)...
2025-09-13 20:08:26 - INFO - Navigating to https://basil.bytekeeper.org/...
2025-09-13 20:08:27 - INFO - Waiting for page to load...
2025-09-13 20:08:27 - INFO - Clicking 'Last 24h' button...
2025-09-13 20:08:30 - INFO - Found 1136 games in the table
2025-09-13 20:09:36 - INFO - Browser closed.
2025-09-13 20:09:36 - INFO - Extracted data for 1136 games from the page.
2025-09-13 20:09:36 - INFO - Step 5: Updating games database with new games...
2025-09-13 20:09:36 - INFO - Attempting to update game database with newly scraped games...
2025-09-13 20:09:36 - INFO - Existing games in database: 187961
2025-09-13 20:09:36 - INFO - New games scraped: 1136
2025-09-13 20:10:36 - INFO - Found and skipped 590 duplicate game(s) already present in the database.
2025-09-13 20:10:36 - INFO - Found 546 new unique games.
2025-09-13 20:10:36 - INFO - Database size: 187961 -> 188507 (+546)
2025-09-13 20:10:37 - INFO - Database saved successfully to basil_ladder_games.csv
2025-09-13 20:10:37 - INFO - Step 6: Skipping replay download.
2025-09-13 20:10:37 - INFO - ==============================
2025-09-13 20:10:37 - INFO - Automated Scrape Task Finished
2025-09-13 20:10:37 - INFO - Outcome: SUCCESS
2025-09-13 20:10:37 - INFO - Total Duration: 140.63 seconds
2025-09-13 20:10:37 - INFO - ==============================
2025-09-14 08:10:29 - INFO - ==============================
2025-09-14 08:10:29 - INFO - Starting Automated Scrape Task
2025-09-14 08:10:29 - INFO - Download replays: Disabled
2025-09-14 08:10:29 - INFO - ==============================
2025-09-14 08:10:29 - INFO - Step 1: Loading existing game data...
2025-09-14 08:10:29 - INFO - Loading existing games data from basil_ladder_games.csv
2025-09-14 08:10:29 - INFO - Loaded 188507 games from existing database.
2025-09-14 08:10:29 - INFO - Step 2: Skipping syncing replay status.
2025-09-14 08:10:29 - INFO - Step 3: Fetching bot ratings...
2025-09-14 08:10:29 - INFO - Fetching master rating list from https://data.basil-ladder.net/stats/ranking.json...
2025-09-14 08:10:30 - INFO - Successfully loaded ratings for 291 bots from JSON.
2025-09-14 08:10:30 - INFO - Step 4: Extracting new games from BASIL ladder...
2025-09-14 08:10:30 - INFO - Fetching latest games from BASIL Ladder (Last 24h)...
2025-09-14 08:10:39 - INFO - Navigating to https://basil.bytekeeper.org/...
2025-09-14 08:10:40 - INFO - Waiting for page to load...
2025-09-14 08:10:41 - INFO - Clicking 'Last 24h' button...
2025-09-14 08:10:44 - INFO - Found 1095 games in the table
2025-09-14 08:11:45 - INFO - Browser closed.
2025-09-14 08:11:45 - INFO - Extracted data for 1095 games from the page.
2025-09-14 08:11:45 - INFO - Step 5: Updating games database with new games...
2025-09-14 08:11:45 - INFO - Attempting to update game database with newly scraped games...
2025-09-14 08:11:45 - INFO - Existing games in database: 188507
2025-09-14 08:11:45 - INFO - New games scraped: 1095
2025-09-14 08:12:43 - INFO - Found and skipped 572 duplicate game(s) already present in the database.
2025-09-14 08:12:43 - INFO - Found 523 new unique games.
2025-09-14 08:12:43 - INFO - Database size: 188507 -> 189030 (+523)
2025-09-14 08:12:44 - INFO - Database saved successfully to basil_ladder_games.csv
2025-09-14 08:12:44 - INFO - Step 6: Skipping replay download.
2025-09-14 08:12:44 - INFO - ==============================
2025-09-14 08:12:44 - INFO - Automated Scrape Task Finished
2025-09-14 08:12:44 - INFO - Outcome: SUCCESS
2025-09-14 08:12:44 - INFO - Total Duration: 135.15 seconds
2025-09-14 08:12:44 - INFO - ==============================
2025-09-14 20:08:07 - INFO - ==============================
2025-09-14 20:08:07 - INFO - Starting Automated Scrape Task
2025-09-14 20:08:07 - INFO - Download replays: Disabled
2025-09-14 20:08:07 - INFO - ==============================
2025-09-14 20:08:07 - INFO - Step 1: Loading existing game data...
2025-09-14 20:08:07 - INFO - Loading existing games data from basil_ladder_games.csv
2025-09-14 20:08:08 - INFO - Loaded 189030 games from existing database.
2025-09-14 20:08:08 - INFO - Step 2: Skipping syncing replay status.
2025-09-14 20:08:08 - INFO - Step 3: Fetching bot ratings...
2025-09-14 20:08:08 - INFO - Fetching master rating list from https://data.basil-ladder.net/stats/ranking.json...
2025-09-14 20:08:09 - INFO - Successfully loaded ratings for 291 bots from JSON.
2025-09-14 20:08:09 - INFO - Step 4: Extracting new games from BASIL ladder...
2025-09-14 20:08:09 - INFO - Fetching latest games from BASIL Ladder (Last 24h)...
2025-09-14 20:08:24 - INFO - Navigating to https://basil.bytekeeper.org/...
2025-09-14 20:08:25 - INFO - Waiting for page to load...
2025-09-14 20:08:25 - INFO - Clicking 'Last 24h' button...
2025-09-14 20:08:28 - INFO - Found 1125 games in the table
2025-09-14 20:09:29 - INFO - Browser closed.
2025-09-14 20:09:29 - INFO - Extracted data for 1125 games from the page.
2025-09-14 20:09:29 - INFO - Step 5: Updating games database with new games...
2025-09-14 20:09:29 - INFO - Attempting to update game database with newly scraped games...
2025-09-14 20:09:29 - INFO - Existing games in database: 189030
2025-09-14 20:09:29 - INFO - New games scraped: 1125
2025-09-14 20:10:29 - INFO - Found and skipped 550 duplicate game(s) already present in the database.
2025-09-14 20:10:29 - INFO - Found 575 new unique games.
2025-09-14 20:10:29 - INFO - Database size: 189030 -> 189605 (+575)
2025-09-14 20:10:30 - INFO - Database saved successfully to basil_ladder_games.csv
2025-09-14 20:10:30 - INFO - Step 6: Skipping replay download.
2025-09-14 20:10:30 - INFO - ==============================
2025-09-14 20:10:30 - INFO - Automated Scrape Task Finished
2025-09-14 20:10:30 - INFO - Outcome: SUCCESS
2025-09-14 20:10:30 - INFO - Total Duration: 142.27 seconds
2025-09-14 20:10:30 - INFO - ==============================
2025-09-15 08:13:00 - INFO - ==============================
2025-09-15 08:13:00 - INFO - Starting Automated Scrape Task
2025-09-15 08:13:00 - INFO - Download replays: Disabled
2025-09-15 08:13:00 - INFO - ==============================
2025-09-15 08:13:00 - INFO - Step 1: Loading existing game data...
2025-09-15 08:13:00 - INFO - Loading existing games data from basil_ladder_games.csv
2025-09-15 08:13:01 - INFO - Loaded 189605 games from existing database.
2025-09-15 08:13:01 - INFO - Step 2: Skipping syncing replay status.
2025-09-15 08:13:01 - INFO - Step 3: Fetching bot ratings...
2025-09-15 08:13:01 - INFO - Fetching master rating list from https://data.basil-ladder.net/stats/ranking.json...
2025-09-15 08:13:02 - INFO - Successfully loaded ratings for 291 bots from JSON.
2025-09-15 08:13:02 - INFO - Step 4: Extracting new games from BASIL ladder...
2025-09-15 08:13:02 - INFO - Fetching latest games from BASIL Ladder (Last 24h)...
2025-09-15 08:13:13 - INFO - Navigating to https://basil.bytekeeper.org/...
2025-09-15 08:13:14 - INFO - Waiting for page to load...
2025-09-15 08:13:14 - INFO - Clicking 'Last 24h' button...
2025-09-15 08:13:18 - INFO - Found 1126 games in the table
2025-09-15 08:14:20 - INFO - Browser closed.
2025-09-15 08:14:20 - INFO - Extracted data for 1126 games from the page.
2025-09-15 08:14:20 - INFO - Step 5: Updating games database with new games...
2025-09-15 08:14:20 - INFO - Attempting to update game database with newly scraped games...
2025-09-15 08:14:20 - INFO - Existing games in database: 189605
2025-09-15 08:14:20 - INFO - New games scraped: 1126
2025-09-15 08:15:19 - INFO - Found and skipped 601 duplicate game(s) already present in the database.
2025-09-15 08:15:19 - INFO - Found 525 new unique games.
2025-09-15 08:15:19 - INFO - Database size: 189605 -> 190130 (+525)
2025-09-15 08:15:20 - INFO - Database saved successfully to basil_ladder_games.csv
2025-09-15 08:15:20 - INFO - Step 6: Skipping replay download.
2025-09-15 08:15:20 - INFO - ==============================
2025-09-15 08:15:20 - INFO - Automated Scrape Task Finished
2025-09-15 08:15:20 - INFO - Outcome: SUCCESS
2025-09-15 08:15:20 - INFO - Total Duration: 139.96 seconds
2025-09-15 08:15:20 - INFO - ==============================
2025-09-15 20:09:40 - INFO - ==============================
2025-09-15 20:09:40 - INFO - Starting Automated Scrape Task
2025-09-15 20:09:40 - INFO - Download replays: Disabled
2025-09-15 20:09:40 - INFO - ==============================
2025-09-15 20:09:40 - INFO - Step 1: Loading existing game data...
2025-09-15 20:09:40 - INFO - Loading existing games data from basil_ladder_games.csv
2025-09-15 20:09:41 - INFO - Loaded 190130 games from existing database.
2025-09-15 20:09:41 - INFO - Step 2: Skipping syncing replay status.
2025-09-15 20:09:41 - INFO - Step 3: Fetching bot ratings...
2025-09-15 20:09:41 - INFO - Fetching master rating list from https://data.basil-ladder.net/stats/ranking.json...
2025-09-15 20:09:41 - INFO - Successfully loaded ratings for 291 bots from JSON.
2025-09-15 20:09:41 - INFO - Step 4: Extracting new games from BASIL ladder...
2025-09-15 20:09:41 - INFO - Fetching latest games from BASIL Ladder (Last 24h)...
2025-09-15 20:09:43 - INFO - Navigating to https://basil.bytekeeper.org/...
2025-09-15 20:09:44 - INFO - Waiting for page to load...
2025-09-15 20:09:44 - INFO - Clicking 'Last 24h' button...
2025-09-15 20:09:47 - INFO - Found 1117 games in the table
2025-09-15 20:10:49 - INFO - Browser closed.
2025-09-15 20:10:49 - INFO - Extracted data for 1117 games from the page.
2025-09-15 20:10:49 - INFO - Step 5: Updating games database with new games...
2025-09-15 20:10:49 - INFO - Attempting to update game database with newly scraped games...
2025-09-15 20:10:49 - INFO - Existing games in database: 190130
2025-09-15 20:10:49 - INFO - New games scraped: 1117
2025-09-15 20:11:48 - INFO - Found and skipped 552 duplicate game(s) already present in the database.
2025-09-15 20:11:48 - INFO - Found 565 new unique games.
2025-09-15 20:11:48 - INFO - Database size: 190130 -> 190695 (+565)
2025-09-15 20:11:49 - INFO - Database saved successfully to basil_ladder_games.csv
2025-09-15 20:11:49 - INFO - Step 6: Skipping replay download.
2025-09-15 20:11:49 - INFO - ==============================
2025-09-15 20:11:49 - INFO - Automated Scrape Task Finished
2025-09-15 20:11:49 - INFO - Outcome: SUCCESS
2025-09-15 20:11:49 - INFO - Total Duration: 128.78 seconds
2025-09-15 20:11:49 - INFO - ==============================
2025-09-16 08:12:56 - INFO - ==============================
2025-09-16 08:12:56 - INFO - Starting Automated Scrape Task
2025-09-16 08:12:56 - INFO - Download replays: Disabled
2025-09-16 08:12:56 - INFO - ==============================
2025-09-16 08:12:56 - INFO - Step 1: Loading existing game data...
2025-09-16 08:12:56 - INFO - Loading existing games data from basil_ladder_games.csv
2025-09-16 08:12:57 - INFO - Loaded 190695 games from existing database.
2025-09-16 08:12:57 - INFO - Step 2: Skipping syncing replay status.
2025-09-16 08:12:57 - INFO - Step 3: Fetching bot ratings...
2025-09-16 08:12:57 - INFO - Fetching master rating list from https://data.basil-ladder.net/stats/ranking.json...
2025-09-16 08:12:58 - INFO - Successfully loaded ratings for 291 bots from JSON.
2025-09-16 08:12:58 - INFO - Step 4: Extracting new games from BASIL ladder...
2025-09-16 08:12:58 - INFO - Fetching latest games from BASIL Ladder (Last 24h)...
2025-09-16 08:13:05 - INFO - Navigating to https://basil.bytekeeper.org/...
2025-09-16 08:13:06 - INFO - Waiting for page to load...
2025-09-16 08:13:06 - INFO - Clicking 'Last 24h' button...
2025-09-16 08:13:09 - INFO - Found 1129 games in the table
2025-09-16 08:14:11 - INFO - Browser closed.
2025-09-16 08:14:11 - INFO - Extracted data for 1129 games from the page.
2025-09-16 08:14:11 - INFO - Step 5: Updating games database with new games...
2025-09-16 08:14:11 - INFO - Attempting to update game database with newly scraped games...
2025-09-16 08:14:11 - INFO - Existing games in database: 190695
2025-09-16 08:14:11 - INFO - New games scraped: 1129
2025-09-16 08:15:10 - INFO - Found and skipped 588 duplicate game(s) already present in the database.
2025-09-16 08:15:10 - INFO - Found 541 new unique games.
2025-09-16 08:15:11 - INFO - Database size: 190695 -> 191236 (+541)
2025-09-16 08:15:12 - INFO - Database saved successfully to basil_ladder_games.csv
2025-09-16 08:15:12 - INFO - Step 6: Skipping replay download.
2025-09-16 08:15:12 - INFO - ==============================
2025-09-16 08:15:12 - INFO - Automated Scrape Task Finished
2025-09-16 08:15:12 - INFO - Outcome: SUCCESS
2025-09-16 08:15:12 - INFO - Total Duration: 135.15 seconds
2025-09-16 08:15:12 - INFO - ==============================
2025-09-16 20:09:49 - INFO - ==============================
2025-09-16 20:09:49 - INFO - Starting Automated Scrape Task
2025-09-16 20:09:49 - INFO - Download replays: Disabled
2025-09-16 20:09:49 - INFO - ==============================
2025-09-16 20:09:49 - INFO - Step 1: Loading existing game data...
2025-09-16 20:09:49 - INFO - Loading existing games data from basil_ladder_games.csv
2025-09-16 20:09:49 - INFO - Loaded 191236 games from existing database.
2025-09-16 20:09:49 - INFO - Step 2: Skipping syncing replay status.
2025-09-16 20:09:49 - INFO - Step 3: Fetching bot ratings...
2025-09-16 20:09:49 - INFO - Fetching master rating list from https://data.basil-ladder.net/stats/ranking.json...
2025-09-16 20:09:50 - INFO - Successfully loaded ratings for 291 bots from JSON.
2025-09-16 20:09:50 - INFO - Step 4: Extracting new games from BASIL ladder...
2025-09-16 20:09:50 - INFO - Fetching latest games from BASIL Ladder (Last 24h)...
2025-09-16 20:09:57 - INFO - Navigating to https://basil.bytekeeper.org/...
2025-09-16 20:09:58 - INFO - Waiting for page to load...
2025-09-16 20:09:58 - INFO - Clicking 'Last 24h' button...
2025-09-16 20:10:02 - INFO - Found 1071 games in the table
2025-09-16 20:11:00 - INFO - Browser closed.
2025-09-16 20:11:00 - INFO - Extracted data for 1071 games from the page.
2025-09-16 20:11:00 - INFO - Step 5: Updating games database with new games...
2025-09-16 20:11:00 - INFO - Attempting to update game database with newly scraped games...
2025-09-16 20:11:00 - INFO - Existing games in database: 191236
2025-09-16 20:11:00 - INFO - New games scraped: 1071
2025-09-16 20:11:57 - INFO - Found and skipped 563 duplicate game(s) already present in the database.
2025-09-16 20:11:57 - INFO - Found 508 new unique games.
2025-09-16 20:11:57 - INFO - Database size: 191236 -> 191744 (+508)
2025-09-16 20:11:58 - INFO - Database saved successfully to basil_ladder_games.csv
2025-09-16 20:11:58 - INFO - Step 6: Skipping replay download.
2025-09-16 20:11:58 - INFO - ==============================
2025-09-16 20:11:58 - INFO - Automated Scrape Task Finished
2025-09-16 20:11:58 - INFO - Outcome: SUCCESS
2025-09-16 20:11:58 - INFO - Total Duration: 129.15 seconds
2025-09-16 20:11:58 - INFO - ==============================
2025-09-17 08:12:38 - INFO - ==============================
2025-09-17 08:12:38 - INFO - Starting Automated Scrape Task
2025-09-17 08:12:38 - INFO - Download replays: Disabled
2025-09-17 08:12:38 - INFO - ==============================
2025-09-17 08:12:38 - INFO - Step 1: Loading existing game data...
2025-09-17 08:12:38 - INFO - Loading existing games data from basil_ladder_games.csv
2025-09-17 08:12:39 - INFO - Loaded 191744 games from existing database.
2025-09-17 08:12:39 - INFO - Step 2: Skipping syncing replay status.
2025-09-17 08:12:39 - INFO - Step 3: Fetching bot ratings...
2025-09-17 08:12:39 - INFO - Fetching master rating list from https://data.basil-ladder.net/stats/ranking.json...
2025-09-17 08:12:40 - INFO - Successfully loaded ratings for 291 bots from JSON.
2025-09-17 08:12:40 - INFO - Step 4: Extracting new games from BASIL ladder...
2025-09-17 08:12:40 - INFO - Fetching latest games from BASIL Ladder (Last 24h)...
2025-09-17 08:12:48 - INFO - Navigating to https://basil.bytekeeper.org/...
2025-09-17 08:12:49 - INFO - Waiting for page to load...
2025-09-17 08:12:49 - INFO - Clicking 'Last 24h' button...
2025-09-17 08:12:52 - INFO - Found 1110 games in the table
2025-09-17 08:13:52 - INFO - Browser closed.
2025-09-17 08:13:52 - INFO - Extracted data for 1110 games from the page.
2025-09-17 08:13:52 - INFO - Step 5: Updating games database with new games...
2025-09-17 08:13:52 - INFO - Attempting to update game database with newly scraped games...
2025-09-17 08:13:52 - INFO - Existing games in database: 191744
2025-09-17 08:13:52 - INFO - New games scraped: 1110
2025-09-17 08:14:51 - INFO - Found and skipped 526 duplicate game(s) already present in the database.
2025-09-17 08:14:51 - INFO - Found 584 new unique games.
2025-09-17 08:14:51 - INFO - Database size: 191744 -> 192328 (+584)
2025-09-17 08:14:52 - INFO - Database saved successfully to basil_ladder_games.csv
2025-09-17 08:14:52 - INFO - Step 6: Skipping replay download.
2025-09-17 08:14:52 - INFO - ==============================
2025-09-17 08:14:52 - INFO - Automated Scrape Task Finished
2025-09-17 08:14:52 - INFO - Outcome: SUCCESS
2025-09-17 08:14:52 - INFO - Total Duration: 133.73 seconds
2025-09-17 08:14:52 - INFO - ==============================
2025-09-17 20:09:40 - INFO - ==============================
2025-09-17 20:09:40 - INFO - Starting Automated Scrape Task
2025-09-17 20:09:40 - INFO - Download replays: Disabled
2025-09-17 20:09:40 - INFO - ==============================
2025-09-17 20:09:40 - INFO - Step 1: Loading existing game data...
2025-09-17 20:09:40 - INFO - Loading existing games data from basil_ladder_games.csv
2025-09-17 20:09:40 - INFO - Loaded 192328 games from existing database.
2025-09-17 20:09:40 - INFO - Step 2: Skipping syncing replay status.
2025-09-17 20:09:40 - INFO - Step 3: Fetching bot ratings...
2025-09-17 20:09:40 - INFO - Fetching master rating list from https://data.basil-ladder.net/stats/ranking.json...
2025-09-17 20:09:41 - INFO - Successfully loaded ratings for 291 bots from JSON.
2025-09-17 20:09:41 - INFO - Step 4: Extracting new games from BASIL ladder...
2025-09-17 20:09:41 - INFO - Fetching latest games from BASIL Ladder (Last 24h)...
2025-09-17 20:09:48 - INFO - Navigating to https://basil.bytekeeper.org/...
2025-09-17 20:09:49 - INFO - Waiting for page to load...
2025-09-17 20:09:50 - INFO - Clicking 'Last 24h' button...
2025-09-17 20:09:53 - INFO - Found 1145 games in the table
2025-09-17 20:10:55 - INFO - Browser closed.
2025-09-17 20:10:55 - INFO - Extracted data for 1145 games from the page.
2025-09-17 20:10:55 - INFO - Step 5: Updating games database with new games...
2025-09-17 20:10:55 - INFO - Attempting to update game database with newly scraped games...
2025-09-17 20:10:55 - INFO - Existing games in database: 192328
2025-09-17 20:10:55 - INFO - New games scraped: 1145
2025-09-17 20:11:56 - INFO - Found and skipped 604 duplicate game(s) already present in the database.
2025-09-17 20:11:56 - INFO - Found 541 new unique games.
2025-09-17 20:11:56 - INFO - Database size: 192328 -> 192869 (+541)
2025-09-17 20:11:57 - INFO - Database saved successfully to basil_ladder_games.csv
2025-09-17 20:11:57 - INFO - Step 6: Skipping replay download.
2025-09-17 20:11:57 - INFO - ==============================
2025-09-17 20:11:57 - INFO - Automated Scrape Task Finished
2025-09-17 20:11:57 - INFO - Outcome: SUCCESS
2025-09-17 20:11:57 - INFO - Total Duration: 137.76 seconds
2025-09-17 20:11:57 - INFO - ==============================
2025-09-18 08:12:43 - INFO - ==============================
2025-09-18 08:12:43 - INFO - Starting Automated Scrape Task
2025-09-18 08:12:43 - INFO - Download replays: Disabled
2025-09-18 08:12:43 - INFO - ==============================
2025-09-18 08:12:43 - INFO - Step 1: Loading existing game data...
2025-09-18 08:12:43 - INFO - Loading existing games data from basil_ladder_games.csv
2025-09-18 08:12:44 - INFO - Loaded 192869 games from existing database.
2025-09-18 08:12:44 - INFO - Step 2: Skipping syncing replay status.
2025-09-18 08:12:44 - INFO - Step 3: Fetching bot ratings...
2025-09-18 08:12:44 - INFO - Fetching master rating list from https://data.basil-ladder.net/stats/ranking.json...
2025-09-18 08:12:45 - INFO - Successfully loaded ratings for 291 bots from JSON.
2025-09-18 08:12:45 - INFO - Step 4: Extracting new games from BASIL ladder...
2025-09-18 08:12:45 - INFO - Fetching latest games from BASIL Ladder (Last 24h)...
2025-09-18 08:13:16 - INFO - Navigating to https://basil.bytekeeper.org/...
2025-09-18 08:13:18 - INFO - Waiting for page to load...
2025-09-18 08:13:18 - INFO - Clicking 'Last 24h' button...
2025-09-18 08:13:22 - INFO - Found 1114 games in the table
2025-09-18 08:14:25 - INFO - Browser closed.
2025-09-18 08:14:25 - INFO - Extracted data for 1114 games from the page.
2025-09-18 08:14:25 - INFO - Step 5: Updating games database with new games...
2025-09-18 08:14:25 - INFO - Attempting to update game database with newly scraped games...
2025-09-18 08:14:25 - INFO - Existing games in database: 192869
2025-09-18 08:14:25 - INFO - New games scraped: 1114
2025-09-18 08:15:25 - INFO - Found and skipped 565 duplicate game(s) already present in the database.
2025-09-18 08:15:25 - INFO - Found 549 new unique games.
2025-09-18 08:15:25 - INFO - Database size: 192869 -> 193418 (+549)
2025-09-18 08:15:26 - INFO - Database saved successfully to basil_ladder_games.csv
2025-09-18 08:15:26 - INFO - Step 6: Skipping replay download.
2025-09-18 08:15:26 - INFO - ==============================
2025-09-18 08:15:26 - INFO - Automated Scrape Task Finished
2025-09-18 08:15:26 - INFO - Outcome: SUCCESS
2025-09-18 08:15:26 - INFO - Total Duration: 162.82 seconds
2025-09-18 08:15:26 - INFO - ==============================
2025-09-18 20:10:04 - INFO - ==============================
2025-09-18 20:10:04 - INFO - Starting Automated Scrape Task
2025-09-18 20:10:04 - INFO - Download replays: Disabled
2025-09-18 20:10:04 - INFO - ==============================
2025-09-18 20:10:04 - INFO - Step 1: Loading existing game data...
2025-09-18 20:10:04 - INFO - Loading existing games data from basil_ladder_games.csv
2025-09-18 20:10:05 - INFO - Loaded 193418 games from existing database.
2025-09-18 20:10:05 - INFO - Step 2: Skipping syncing replay status.
2025-09-18 20:10:05 - INFO - Step 3: Fetching bot ratings...
2025-09-18 20:10:05 - INFO - Fetching master rating list from https://data.basil-ladder.net/stats/ranking.json...
2025-09-18 20:10:06 - INFO - Successfully loaded ratings for 291 bots from JSON.
2025-09-18 20:10:06 - INFO - Step 4: Extracting new games from BASIL ladder...
2025-09-18 20:10:06 - INFO - Fetching latest games from BASIL Ladder (Last 24h)...
2025-09-18 20:10:12 - INFO - Navigating to https://basil.bytekeeper.org/...
2025-09-18 20:10:13 - INFO - Waiting for page to load...
2025-09-18 20:10:13 - INFO - Clicking 'Last 24h' button...
2025-09-18 20:10:17 - INFO - Found 1134 games in the table
2025-09-18 20:11:18 - INFO - Browser closed.
2025-09-18 20:11:18 - INFO - Extracted data for 1134 games from the page.
2025-09-18 20:11:18 - INFO - Step 5: Updating games database with new games...
2025-09-18 20:11:18 - INFO - Attempting to update game database with newly scraped games...
2025-09-18 20:11:18 - INFO - Existing games in database: 193418
2025-09-18 20:11:18 - INFO - New games scraped: 1134
2025-09-18 20:12:19 - INFO - Found and skipped 576 duplicate game(s) already present in the database.
2025-09-18 20:12:19 - INFO - Found 558 new unique games.
2025-09-18 20:12:19 - INFO - Database size: 193418 -> 193976 (+558)
2025-09-18 20:12:20 - INFO - Database saved successfully to basil_ladder_games.csv
2025-09-18 20:12:20 - INFO - Step 6: Skipping replay download.
2025-09-18 20:12:20 - INFO - ==============================
2025-09-18 20:12:20 - INFO - Automated Scrape Task Finished
2025-09-18 20:12:20 - INFO - Outcome: SUCCESS
2025-09-18 20:12:20 - INFO - Total Duration: 135.75 seconds
2025-09-18 20:12:20 - INFO - ==============================
2025-09-19 08:12:26 - INFO - ==============================
2025-09-19 08:12:26 - INFO - Starting Automated Scrape Task
2025-09-19 08:12:26 - INFO - Download replays: Disabled
2025-09-19 08:12:26 - INFO - ==============================
2025-09-19 08:12:26 - INFO - Step 1: Loading existing game data...
2025-09-19 08:12:26 - INFO - Loading existing games data from basil_ladder_games.csv
2025-09-19 08:12:27 - INFO - Loaded 193976 games from existing database.
2025-09-19 08:12:27 - INFO - Step 2: Skipping syncing replay status.
2025-09-19 08:12:27 - INFO - Step 3: Fetching bot ratings...
2025-09-19 08:12:27 - INFO - Fetching master rating list from https://data.basil-ladder.net/stats/ranking.json...
2025-09-19 08:12:28 - INFO - Successfully loaded ratings for 291 bots from JSON.
2025-09-19 08:12:28 - INFO - Step 4: Extracting new games from BASIL ladder...
2025-09-19 08:12:28 - INFO - Fetching latest games from BASIL Ladder (Last 24h)...
2025-09-19 08:12:35 - INFO - Navigating to https://basil.bytekeeper.org/...
2025-09-19 08:12:36 - INFO - Waiting for page to load...
2025-09-19 08:12:36 - INFO - Clicking 'Last 24h' button...
2025-09-19 08:12:40 - INFO - Found 1155 games in the table
2025-09-19 08:13:45 - INFO - Browser closed.
2025-09-19 08:13:45 - INFO - Extracted data for 1155 games from the page.
2025-09-19 08:13:45 - INFO - Step 5: Updating games database with new games...
2025-09-19 08:13:45 - INFO - Attempting to update game database with newly scraped games...
2025-09-19 08:13:45 - INFO - Existing games in database: 193976
2025-09-19 08:13:45 - INFO - New games scraped: 1155
2025-09-19 08:14:48 - INFO - Found and skipped 584 duplicate game(s) already present in the database.
2025-09-19 08:14:48 - INFO - Found 571 new unique games.
2025-09-19 08:14:48 - INFO - Database size: 193976 -> 194547 (+571)
2025-09-19 08:14:49 - INFO - Database saved successfully to basil_ladder_games.csv
2025-09-19 08:14:49 - INFO - Step 6: Skipping replay download.
2025-09-19 08:14:49 - INFO - ==============================
2025-09-19 08:14:49 - INFO - Automated Scrape Task Finished
2025-09-19 08:14:49 - INFO - Outcome: SUCCESS
2025-09-19 08:14:49 - INFO - Total Duration: 142.49 seconds
2025-09-19 08:14:49 - INFO - ==============================
2025-09-19 20:09:45 - INFO - ==============================
2025-09-19 20:09:45 - INFO - Starting Automated Scrape Task
2025-09-19 20:09:45 - INFO - Download replays: Disabled
2025-09-19 20:09:45 - INFO - ==============================
2025-09-19 20:09:45 - INFO - Step 1: Loading existing game data...
2025-09-19 20:09:45 - INFO - Loading existing games data from basil_ladder_games.csv
2025-09-19 20:09:45 - INFO - Loaded 194547 games from existing database.
2025-09-19 20:09:45 - INFO - Step 2: Skipping syncing replay status.
2025-09-19 20:09:45 - INFO - Step 3: Fetching bot ratings...
2025-09-19 20:09:45 - INFO - Fetching master rating list from https://data.basil-ladder.net/stats/ranking.json...
2025-09-19 20:09:46 - INFO - Successfully loaded ratings for 291 bots from JSON.
2025-09-19 20:09:46 - INFO - Step 4: Extracting new games from BASIL ladder...
2025-09-19 20:09:46 - INFO - Fetching latest games from BASIL Ladder (Last 24h)...
2025-09-19 20:09:56 - INFO - Navigating to https://basil.bytekeeper.org/...
2025-09-19 20:09:57 - INFO - Waiting for page to load...
2025-09-19 20:09:57 - INFO - Clicking 'Last 24h' button...
2025-09-19 20:10:00 - INFO - Found 1197 games in the table
2025-09-19 20:11:07 - INFO - Browser closed.
2025-09-19 20:11:07 - INFO - Extracted data for 1197 games from the page.
2025-09-19 20:11:07 - INFO - Step 5: Updating games database with new games...
2025-09-19 20:11:07 - INFO - Attempting to update game database with newly scraped games...
2025-09-19 20:11:07 - INFO - Existing games in database: 194547
2025-09-19 20:11:07 - INFO - New games scraped: 1197
2025-09-19 20:12:12 - INFO - Found and skipped 592 duplicate game(s) already present in the database.
2025-09-19 20:12:12 - INFO - Found 605 new unique games.
2025-09-19 20:12:12 - INFO - Database size: 194547 -> 195152 (+605)
2025-09-19 20:12:14 - INFO - Database saved successfully to basil_ladder_games.csv
2025-09-19 20:12:14 - INFO - Step 6: Skipping replay download.
2025-09-19 20:12:14 - INFO - ==============================
2025-09-19 20:12:14 - INFO - Automated Scrape Task Finished
2025-09-19 20:12:14 - INFO - Outcome: SUCCESS
2025-09-19 20:12:14 - INFO - Total Duration: 149.06 seconds
2025-09-19 20:12:14 - INFO - ==============================
2025-09-20 08:10:53 - INFO - ==============================
2025-09-20 08:10:53 - INFO - Starting Automated Scrape Task
2025-09-20 08:10:53 - INFO - Download replays: Disabled
2025-09-20 08:10:53 - INFO - ==============================
2025-09-20 08:10:53 - INFO - Step 1: Loading existing game data...
2025-09-20 08:10:53 - INFO - Loading existing games data from basil_ladder_games.csv
2025-09-20 08:10:53 - INFO - Loaded 195152 games from existing database.
2025-09-20 08:10:53 - INFO - Step 2: Skipping syncing replay status.
2025-09-20 08:10:53 - INFO - Step 3: Fetching bot ratings...
2025-09-20 08:10:53 - INFO - Fetching master rating list from https://data.basil-ladder.net/stats/ranking.json...
2025-09-20 08:10:54 - INFO - Successfully loaded ratings for 291 bots from JSON.
2025-09-20 08:10:54 - INFO - Step 4: Extracting new games from BASIL ladder...
2025-09-20 08:10:54 - INFO - Fetching latest games from BASIL Ladder (Last 24h)...
2025-09-20 08:11:01 - INFO - Navigating to https://basil.bytekeeper.org/...
2025-09-20 08:11:02 - INFO - Waiting for page to load...
2025-09-20 08:11:02 - INFO - Clicking 'Last 24h' button...
2025-09-20 08:11:06 - INFO - Found 1203 games in the table
2025-09-20 08:12:10 - INFO - Browser closed.
2025-09-20 08:12:10 - INFO - Extracted data for 1203 games from the page.
2025-09-20 08:12:10 - INFO - Step 5: Updating games database with new games...
2025-09-20 08:12:10 - INFO - Attempting to update game database with newly scraped games...
2025-09-20 08:12:10 - INFO - Existing games in database: 195152
2025-09-20 08:12:10 - INFO - New games scraped: 1203
2025-09-20 08:13:14 - INFO - Found and skipped 627 duplicate game(s) already present in the database.
2025-09-20 08:13:14 - INFO - Found 576 new unique games.
2025-09-20 08:13:15 - INFO - Database size: 195152 -> 195728 (+576)
2025-09-20 08:13:16 - INFO - Database saved successfully to basil_ladder_games.csv
2025-09-20 08:13:16 - INFO - Step 6: Skipping replay download.
2025-09-20 08:13:16 - INFO - ==============================
2025-09-20 08:13:16 - INFO - Automated Scrape Task Finished
2025-09-20 08:13:16 - INFO - Outcome: SUCCESS
2025-09-20 08:13:16 - INFO - Total Duration: 143.10 seconds
2025-09-20 08:13:16 - INFO - ==============================
2025-09-20 20:07:56 - INFO - ==============================
2025-09-20 20:07:56 - INFO - Starting Automated Scrape Task
2025-09-20 20:07:56 - INFO - Download replays: Disabled
2025-09-20 20:07:56 - INFO - ==============================
2025-09-20 20:07:56 - INFO - Step 1: Loading existing game data...
2025-09-20 20:07:56 - INFO - Loading existing games data from basil_ladder_games.csv
2025-09-20 20:07:56 - INFO - Loaded 195728 games from existing database.
2025-09-20 20:07:56 - INFO - Step 2: Skipping syncing replay status.
2025-09-20 20:07:56 - INFO - Step 3: Fetching bot ratings...
2025-09-20 20:07:56 - INFO - Fetching master rating list from https://data.basil-ladder.net/stats/ranking.json...
2025-09-20 20:07:57 - INFO - Successfully loaded ratings for 291 bots from JSON.
2025-09-20 20:07:57 - INFO - Step 4: Extracting new games from BASIL ladder...
2025-09-20 20:07:57 - INFO - Fetching latest games from BASIL Ladder (Last 24h)...
2025-09-20 20:08:05 - INFO - Navigating to https://basil.bytekeeper.org/...
2025-09-20 20:08:06 - INFO - Waiting for page to load...
2025-09-20 20:08:06 - INFO - Clicking 'Last 24h' button...
2025-09-20 20:08:09 - INFO - Found 1110 games in the table
2025-09-20 20:09:12 - INFO - Browser closed.
2025-09-20 20:09:12 - INFO - Extracted data for 1110 games from the page.
2025-09-20 20:09:12 - INFO - Step 5: Updating games database with new games...
2025-09-20 20:09:12 - INFO - Attempting to update game database with newly scraped games...
2025-09-20 20:09:12 - INFO - Existing games in database: 195728
2025-09-20 20:09:12 - INFO - New games scraped: 1110
2025-09-20 20:10:13 - INFO - Found and skipped 597 duplicate game(s) already present in the database.
2025-09-20 20:10:13 - INFO - Found 513 new unique games.
2025-09-20 20:10:13 - INFO - Database size: 195728 -> 196241 (+513)
2025-09-20 20:10:14 - INFO - Database saved successfully to basil_ladder_games.csv
2025-09-20 20:10:14 - INFO - Step 6: Skipping replay download.
2025-09-20 20:10:14 - INFO - ==============================
2025-09-20 20:10:14 - INFO - Automated Scrape Task Finished
2025-09-20 20:10:14 - INFO - Outcome: SUCCESS
2025-09-20 20:10:14 - INFO - Total Duration: 138.68 seconds
2025-09-20 20:10:14 - INFO - ==============================
2025-09-21 08:10:07 - INFO - ==============================
2025-09-21 08:10:07 - INFO - Starting Automated Scrape Task
2025-09-21 08:10:07 - INFO - Download replays: Disabled
2025-09-21 08:10:07 - INFO - ==============================
2025-09-21 08:10:07 - INFO - Step 1: Loading existing game data...
2025-09-21 08:10:07 - INFO - Loading existing games data from basil_ladder_games.csv
2025-09-21 08:10:08 - INFO - Loaded 196241 games from existing database.
2025-09-21 08:10:08 - INFO - Step 2: Skipping syncing replay status.
2025-09-21 08:10:08 - INFO - Step 3: Fetching bot ratings...
2025-09-21 08:10:08 - INFO - Fetching master rating list from https://data.basil-ladder.net/stats/ranking.json...
2025-09-21 08:10:08 - INFO - Successfully loaded ratings for 291 bots from JSON.
2025-09-21 08:10:08 - INFO - Step 4: Extracting new games from BASIL ladder...
2025-09-21 08:10:08 - INFO - Fetching latest games from BASIL Ladder (Last 24h)...
2025-09-21 08:10:17 - INFO - Navigating to https://basil.bytekeeper.org/...
2025-09-21 08:10:17 - INFO - Waiting for page to load...
2025-09-21 08:10:18 - INFO - Clicking 'Last 24h' button...
2025-09-21 08:10:21 - INFO - Found 1103 games in the table
2025-09-21 08:11:19 - INFO - Browser closed.
2025-09-21 08:11:19 - INFO - Extracted data for 1103 games from the page.
2025-09-21 08:11:19 - INFO - Step 5: Updating games database with new games...
2025-09-21 08:11:19 - INFO - Attempting to update game database with newly scraped games...
2025-09-21 08:11:19 - INFO - Existing games in database: 196241
2025-09-21 08:11:19 - INFO - New games scraped: 1103
2025-09-21 08:12:18 - INFO - Found and skipped 536 duplicate game(s) already present in the database.
2025-09-21 08:12:18 - INFO - Found 567 new unique games.
2025-09-21 08:12:18 - INFO - Database size: 196241 -> 196808 (+567)
2025-09-21 08:12:20 - INFO - Database saved successfully to basil_ladder_games.csv
2025-09-21 08:12:20 - INFO - Step 6: Skipping replay download.
2025-09-21 08:12:20 - INFO - ==============================
2025-09-21 08:12:20 - INFO - Automated Scrape Task Finished
2025-09-21 08:12:20 - INFO - Outcome: SUCCESS
2025-09-21 08:12:20 - INFO - Total Duration: 132.44 seconds
2025-09-21 08:12:20 - INFO - ==============================
2025-09-21 20:08:48 - INFO - ==============================
2025-09-21 20:08:48 - INFO - Starting Automated Scrape Task
2025-09-21 20:08:48 - INFO - Download replays: Disabled
2025-09-21 20:08:48 - INFO - ==============================
2025-09-21 20:08:48 - INFO - Step 1: Loading existing game data...
2025-09-21 20:08:48 - INFO - Loading existing games data from basil_ladder_games.csv
2025-09-21 20:08:49 - INFO - Loaded 196808 games from existing database.
2025-09-21 20:08:49 - INFO - Step 2: Skipping syncing replay status.
2025-09-21 20:08:49 - INFO - Step 3: Fetching bot ratings...
2025-09-21 20:08:49 - INFO - Fetching master rating list from https://data.basil-ladder.net/stats/ranking.json...
2025-09-21 20:08:50 - INFO - Successfully loaded ratings for 291 bots from JSON.
2025-09-21 20:08:50 - INFO - Step 4: Extracting new games from BASIL ladder...
2025-09-21 20:08:50 - INFO - Fetching latest games from BASIL Ladder (Last 24h)...
2025-09-21 20:09:02 - INFO - Navigating to https://basil.bytekeeper.org/...
2025-09-21 20:09:03 - INFO - Waiting for page to load...
2025-09-21 20:09:03 - INFO - Clicking 'Last 24h' button...
2025-09-21 20:09:07 - INFO - Found 1144 games in the table
2025-09-21 20:10:07 - INFO - Browser closed.
2025-09-21 20:10:07 - INFO - Extracted data for 1144 games from the page.
2025-09-21 20:10:07 - INFO - Step 5: Updating games database with new games...
2025-09-21 20:10:07 - INFO - Attempting to update game database with newly scraped games...
2025-09-21 20:10:07 - INFO - Existing games in database: 196808
2025-09-21 20:10:07 - INFO - New games scraped: 1144
2025-09-21 20:11:09 - INFO - Found and skipped 593 duplicate game(s) already present in the database.
2025-09-21 20:11:09 - INFO - Found 551 new unique games.
2025-09-21 20:11:09 - INFO - Database size: 196808 -> 197359 (+551)
2025-09-21 20:11:10 - INFO - Database saved successfully to basil_ladder_games.csv
2025-09-21 20:11:10 - INFO - Step 6: Skipping replay download.
2025-09-21 20:11:10 - INFO - ==============================
2025-09-21 20:11:10 - INFO - Automated Scrape Task Finished
2025-09-21 20:11:10 - INFO - Outcome: SUCCESS
2025-09-21 20:11:10 - INFO - Total Duration: 142.02 seconds
2025-09-21 20:11:10 - INFO - ==============================
2025-09-22 08:13:18 - INFO - ==============================
2025-09-22 08:13:18 - INFO - Starting Automated Scrape Task
2025-09-22 08:13:18 - INFO - Download replays: Disabled
2025-09-22 08:13:18 - INFO - ==============================
2025-09-22 08:13:18 - INFO - Step 1: Loading existing game data...
2025-09-22 08:13:18 - INFO - Loading existing games data from basil_ladder_games.csv
2025-09-22 08:13:18 - INFO - Loaded 197359 games from existing database.
2025-09-22 08:13:18 - INFO - Step 2: Skipping syncing replay status.
2025-09-22 08:13:18 - INFO - Step 3: Fetching bot ratings...
2025-09-22 08:13:18 - INFO - Fetching master rating list from https://data.basil-ladder.net/stats/ranking.json...
2025-09-22 08:13:19 - INFO - Successfully loaded ratings for 291 bots from JSON.
2025-09-22 08:13:19 - INFO - Step 4: Extracting new games from BASIL ladder...
2025-09-22 08:13:19 - INFO - Fetching latest games from BASIL Ladder (Last 24h)...
2025-09-22 08:13:51 - INFO - Navigating to https://basil.bytekeeper.org/...
2025-09-22 08:13:53 - INFO - Waiting for page to load...
2025-09-22 08:13:54 - INFO - Clicking 'Last 24h' button...
2025-09-22 08:13:57 - INFO - Found 1099 games in the table
2025-09-22 08:14:55 - INFO - Browser closed.
2025-09-22 08:14:55 - INFO - Extracted data for 1099 games from the page.
2025-09-22 08:14:55 - INFO - Step 5: Updating games database with new games...
2025-09-22 08:14:55 - INFO - Attempting to update game database with newly scraped games...
2025-09-22 08:14:55 - INFO - Existing games in database: 197359
2025-09-22 08:14:55 - INFO - New games scraped: 1099
2025-09-22 08:15:55 - INFO - Found and skipped 573 duplicate game(s) already present in the database.
2025-09-22 08:15:55 - INFO - Found 526 new unique games.
2025-09-22 08:15:55 - INFO - Database size: 197359 -> 197885 (+526)
2025-09-22 08:15:56 - INFO - Database saved successfully to basil_ladder_games.csv
2025-09-22 08:15:56 - INFO - Step 6: Skipping replay download.
2025-09-22 08:15:56 - INFO - ==============================
2025-09-22 08:15:56 - INFO - Automated Scrape Task Finished
2025-09-22 08:15:56 - INFO - Outcome: SUCCESS
2025-09-22 08:15:56 - INFO - Total Duration: 158.49 seconds
2025-09-22 08:15:56 - INFO - ==============================
2025-09-22 20:09:55 - INFO - ==============================
2025-09-22 20:09:55 - INFO - Starting Automated Scrape Task
2025-09-22 20:09:55 - INFO - Download replays: Disabled
2025-09-22 20:09:55 - INFO - ==============================
2025-09-22 20:09:55 - INFO - Step 1: Loading existing game data...
2025-09-22 20:09:55 - INFO - Loading existing games data from basil_ladder_games.csv
2025-09-22 20:09:55 - INFO - Loaded 197885 games from existing database.
2025-09-22 20:09:55 - INFO - Step 2: Skipping syncing replay status.
2025-09-22 20:09:55 - INFO - Step 3: Fetching bot ratings...
2025-09-22 20:09:55 - INFO - Fetching master rating list from https://data.basil-ladder.net/stats/ranking.json...
2025-09-22 20:09:56 - INFO - Successfully loaded ratings for 291 bots from JSON.
2025-09-22 20:09:56 - INFO - Step 4: Extracting new games from BASIL ladder...
2025-09-22 20:09:56 - INFO - Fetching latest games from BASIL Ladder (Last 24h)...
2025-09-22 20:09:57 - INFO - Navigating to https://basil.bytekeeper.org/...
2025-09-22 20:09:58 - INFO - Waiting for page to load...
2025-09-22 20:09:58 - INFO - Clicking 'Last 24h' button...
2025-09-22 20:10:01 - INFO - Found 1130 games in the table
2025-09-22 20:11:04 - INFO - Browser closed.
2025-09-22 20:11:04 - INFO - Extracted data for 1130 games from the page.
2025-09-22 20:11:04 - INFO - Step 5: Updating games database with new games...
2025-09-22 20:11:04 - INFO - Attempting to update game database with newly scraped games...
2025-09-22 20:11:04 - INFO - Existing games in database: 197885
2025-09-22 20:11:04 - INFO - New games scraped: 1130
2025-09-22 20:12:06 - INFO - Found and skipped 546 duplicate game(s) already present in the database.
2025-09-22 20:12:06 - INFO - Found 584 new unique games.
2025-09-22 20:12:06 - INFO - Database size: 197885 -> 198469 (+584)
2025-09-22 20:12:07 - INFO - Database saved successfully to basil_ladder_games.csv
2025-09-22 20:12:07 - INFO - Step 6: Skipping replay download.
2025-09-22 20:12:07 - INFO - ==============================
2025-09-22 20:12:07 - INFO - Automated Scrape Task Finished
2025-09-22 20:12:07 - INFO - Outcome: SUCCESS
2025-09-22 20:12:07 - INFO - Total Duration: 132.40 seconds
2025-09-22 20:12:07 - INFO - ==============================
2025-09-23 08:12:32 - INFO - ==============================
2025-09-23 08:12:32 - INFO - Starting Automated Scrape Task
2025-09-23 08:12:32 - INFO - Download replays: Disabled
2025-09-23 08:12:32 - INFO - ==============================
2025-09-23 08:12:32 - INFO - Step 1: Loading existing game data...
2025-09-23 08:12:32 - INFO - Loading existing games data from basil_ladder_games.csv
2025-09-23 08:12:32 - INFO - Loaded 198469 games from existing database.
2025-09-23 08:12:32 - INFO - Step 2: Skipping syncing replay status.
2025-09-23 08:12:32 - INFO - Step 3: Fetching bot ratings...
2025-09-23 08:12:32 - INFO - Fetching master rating list from https://data.basil-ladder.net/stats/ranking.json...
2025-09-23 08:12:33 - INFO - Successfully loaded ratings for 291 bots from JSON.
2025-09-23 08:12:33 - INFO - Step 4: Extracting new games from BASIL ladder...
2025-09-23 08:12:33 - INFO - Fetching latest games from BASIL Ladder (Last 24h)...
2025-09-23 08:12:44 - INFO - Navigating to https://basil.bytekeeper.org/...
2025-09-23 08:12:45 - INFO - Waiting for page to load...
2025-09-23 08:12:46 - INFO - Clicking 'Last 24h' button...
2025-09-23 08:12:49 - INFO - Found 1197 games in the table
2025-09-23 08:13:57 - INFO - Browser closed.
2025-09-23 08:13:57 - INFO - Extracted data for 1197 games from the page.
2025-09-23 08:13:57 - INFO - Step 5: Updating games database with new games...
2025-09-23 08:13:57 - INFO - Attempting to update game database with newly scraped games...
2025-09-23 08:13:57 - INFO - Existing games in database: 198469
2025-09-23 08:13:57 - INFO - New games scraped: 1197
2025-09-23 08:15:03 - INFO - Found and skipped 604 duplicate game(s) already present in the database.
2025-09-23 08:15:03 - INFO - Found 593 new unique games.
2025-09-23 08:15:03 - INFO - Database size: 198469 -> 199062 (+593)
2025-09-23 08:15:04 - INFO - Database saved successfully to basil_ladder_games.csv
2025-09-23 08:15:04 - INFO - Step 6: Skipping replay download.
2025-09-23 08:15:04 - INFO - ==============================
2025-09-23 08:15:04 - INFO - Automated Scrape Task Finished
2025-09-23 08:15:04 - INFO - Outcome: SUCCESS
2025-09-23 08:15:04 - INFO - Total Duration: 152.53 seconds
2025-09-23 08:15:04 - INFO - ==============================
2025-09-23 20:09:44 - INFO - ==============================
2025-09-23 20:09:44 - INFO - Starting Automated Scrape Task
2025-09-23 20:09:44 - INFO - Download replays: Disabled
2025-09-23 20:09:44 - INFO - ==============================
2025-09-23 20:09:44 - INFO - Step 1: Loading existing game data...
2025-09-23 20:09:44 - INFO - Loading existing games data from basil_ladder_games.csv
2025-09-23 20:09:45 - INFO - Loaded 199062 games from existing database.
2025-09-23 20:09:45 - INFO - Step 2: Skipping syncing replay status.
2025-09-23 20:09:45 - INFO - Step 3: Fetching bot ratings...
2025-09-23 20:09:45 - INFO - Fetching master rating list from https://data.basil-ladder.net/stats/ranking.json...
2025-09-23 20:09:45 - INFO - Successfully loaded ratings for 291 bots from JSON.
2025-09-23 20:09:45 - INFO - Step 4: Extracting new games from BASIL ladder...
2025-09-23 20:09:45 - INFO - Fetching latest games from BASIL Ladder (Last 24h)...
2025-09-23 20:09:47 - INFO - Navigating to https://basil.bytekeeper.org/...
2025-09-23 20:09:48 - INFO - Waiting for page to load...
2025-09-23 20:09:48 - INFO - Clicking 'Last 24h' button...
2025-09-23 20:09:51 - INFO - Found 1181 games in the table
2025-09-23 20:10:56 - INFO - Browser closed.
2025-09-23 20:10:56 - INFO - Extracted data for 1181 games from the page.
2025-09-23 20:10:56 - INFO - Step 5: Updating games database with new games...
2025-09-23 20:10:56 - INFO - Attempting to update game database with newly scraped games...
2025-09-23 20:10:56 - INFO - Existing games in database: 199062
2025-09-23 20:10:56 - INFO - New games scraped: 1181
2025-09-23 20:12:02 - INFO - Found and skipped 617 duplicate game(s) already present in the database.
2025-09-23 20:12:02 - INFO - Found 564 new unique games.
2025-09-23 20:12:02 - INFO - Database size: 199062 -> 199626 (+564)
2025-09-23 20:12:03 - INFO - Database saved successfully to basil_ladder_games.csv
2025-09-23 20:12:03 - INFO - Step 6: Skipping replay download.
2025-09-23 20:12:03 - INFO - ==============================
2025-09-23 20:12:03 - INFO - Automated Scrape Task Finished
2025-09-23 20:12:03 - INFO - Outcome: SUCCESS
2025-09-23 20:12:03 - INFO - Total Duration: 139.16 seconds
2025-09-23 20:12:03 - INFO - ==============================
2025-09-24 08:12:48 - INFO - ==============================
2025-09-24 08:12:48 - INFO - Starting Automated Scrape Task
2025-09-24 08:12:48 - INFO - Download replays: Disabled
2025-09-24 08:12:48 - INFO - ==============================
2025-09-24 08:12:48 - INFO - Step 1: Loading existing game data...
2025-09-24 08:12:48 - INFO - Loading existing games data from basil_ladder_games.csv
2025-09-24 08:12:49 - INFO - Loaded 199626 games from existing database.
2025-09-24 08:12:49 - INFO - Step 2: Skipping syncing replay status.
2025-09-24 08:12:49 - INFO - Step 3: Fetching bot ratings...
2025-09-24 08:12:49 - INFO - Fetching master rating list from https://data.basil-ladder.net/stats/ranking.json...
2025-09-24 08:12:49 - INFO - Successfully loaded ratings for 291 bots from JSON.
2025-09-24 08:12:49 - INFO - Step 4: Extracting new games from BASIL ladder...
2025-09-24 08:12:49 - INFO - Fetching latest games from BASIL Ladder (Last 24h)...
2025-09-24 08:12:59 - INFO - Navigating to https://basil.bytekeeper.org/...
2025-09-24 08:13:00 - INFO - Waiting for page to load...
2025-09-24 08:13:00 - INFO - Clicking 'Last 24h' button...
2025-09-24 08:13:03 - INFO - Found 1103 games in the table
2025-09-24 08:14:02 - INFO - Browser closed.
2025-09-24 08:14:02 - INFO - Extracted data for 1103 games from the page.
2025-09-24 08:14:02 - INFO - Step 5: Updating games database with new games...
2025-09-24 08:14:02 - INFO - Attempting to update game database with newly scraped games...
2025-09-24 08:14:02 - INFO - Existing games in database: 199626
2025-09-24 08:14:02 - INFO - New games scraped: 1103
2025-09-24 08:15:03 - INFO - Found and skipped 588 duplicate game(s) already present in the database.
2025-09-24 08:15:03 - INFO - Found 515 new unique games.
2025-09-24 08:15:03 - INFO - Database size: 199626 -> 200141 (+515)
2025-09-24 08:15:04 - INFO - Database saved successfully to basil_ladder_games.csv
2025-09-24 08:15:04 - INFO - Step 6: Skipping replay download.
2025-09-24 08:15:04 - INFO - ==============================
2025-09-24 08:15:04 - INFO - Automated Scrape Task Finished
2025-09-24 08:15:04 - INFO - Outcome: SUCCESS
2025-09-24 08:15:04 - INFO - Total Duration: 135.74 seconds
2025-09-24 08:15:04 - INFO - ==============================
2025-09-24 20:09:59 - INFO - ==============================
2025-09-24 20:09:59 - INFO - Starting Automated Scrape Task
2025-09-24 20:09:59 - INFO - Download replays: Disabled
2025-09-24 20:09:59 - INFO - ==============================
2025-09-24 20:09:59 - INFO - Step 1: Loading existing game data...
2025-09-24 20:09:59 - INFO - Loading existing games data from basil_ladder_games.csv
2025-09-24 20:09:59 - INFO - Loaded 200141 games from existing database.
2025-09-24 20:09:59 - INFO - Step 2: Skipping syncing replay status.
2025-09-24 20:09:59 - INFO - Step 3: Fetching bot ratings...
2025-09-24 20:09:59 - INFO - Fetching master rating list from https://data.basil-ladder.net/stats/ranking.json...
2025-09-24 20:10:00 - INFO - Successfully loaded ratings for 291 bots from JSON.
2025-09-24 20:10:00 - INFO - Step 4: Extracting new games from BASIL ladder...
2025-09-24 20:10:00 - INFO - Fetching latest games from BASIL Ladder (Last 24h)...
2025-09-24 20:10:20 - INFO - Navigating to https://basil.bytekeeper.org/...
2025-09-24 20:10:21 - INFO - Waiting for page to load...
2025-09-24 20:10:21 - INFO - Clicking 'Last 24h' button...
2025-09-24 20:10:25 - INFO - Found 1111 games in the table
2025-09-24 20:11:25 - INFO - Browser closed.
2025-09-24 20:11:25 - INFO - Extracted data for 1111 games from the page.
2025-09-24 20:11:25 - INFO - Step 5: Updating games database with new games...
2025-09-24 20:11:25 - INFO - Attempting to update game database with newly scraped games...
2025-09-24 20:11:25 - INFO - Existing games in database: 200141
2025-09-24 20:11:25 - INFO - New games scraped: 1111
2025-09-24 20:12:26 - INFO - Found and skipped 533 duplicate game(s) already present in the database.
2025-09-24 20:12:26 - INFO - Found 578 new unique games.
2025-09-24 20:12:26 - INFO - Database size: 200141 -> 200719 (+578)
2025-09-24 20:12:27 - INFO - Database saved successfully to basil_ladder_games.csv
2025-09-24 20:12:27 - INFO - Step 6: Skipping replay download.
2025-09-24 20:12:27 - INFO - ==============================
2025-09-24 20:12:27 - INFO - Automated Scrape Task Finished
2025-09-24 20:12:27 - INFO - Outcome: SUCCESS
2025-09-24 20:12:27 - INFO - Total Duration: 148.72 seconds
2025-09-24 20:12:27 - INFO - ==============================
2025-09-25 08:12:36 - INFO - ==============================
2025-09-25 08:12:36 - INFO - Starting Automated Scrape Task
2025-09-25 08:12:36 - INFO - Download replays: Disabled
2025-09-25 08:12:36 - INFO - ==============================
2025-09-25 08:12:36 - INFO - Step 1: Loading existing game data...
2025-09-25 08:12:36 - INFO - Loading existing games data from basil_ladder_games.csv
2025-09-25 08:12:37 - INFO - Loaded 200719 games from existing database.
2025-09-25 08:12:37 - INFO - Step 2: Skipping syncing replay status.
2025-09-25 08:12:37 - INFO - Step 3: Fetching bot ratings...
2025-09-25 08:12:37 - INFO - Fetching master rating list from https://data.basil-ladder.net/stats/ranking.json...
2025-09-25 08:12:37 - INFO - Successfully loaded ratings for 291 bots from JSON.
2025-09-25 08:12:37 - INFO - Step 4: Extracting new games from BASIL ladder...
2025-09-25 08:12:37 - INFO - Fetching latest games from BASIL Ladder (Last 24h)...
2025-09-25 08:12:44 - INFO - Navigating to https://basil.bytekeeper.org/...
2025-09-25 08:12:45 - INFO - Waiting for page to load...
2025-09-25 08:12:45 - INFO - Clicking 'Last 24h' button...
2025-09-25 08:12:48 - INFO - Found 1169 games in the table
2025-09-25 08:13:51 - INFO - Browser closed.
2025-09-25 08:13:51 - INFO - Extracted data for 1169 games from the page.
2025-09-25 08:13:51 - INFO - Step 5: Updating games database with new games...
2025-09-25 08:13:51 - INFO - Attempting to update game database with newly scraped games...
2025-09-25 08:13:51 - INFO - Existing games in database: 200719
2025-09-25 08:13:51 - INFO - New games scraped: 1169
2025-09-25 08:14:56 - INFO - Found and skipped 598 duplicate game(s) already present in the database.
2025-09-25 08:14:56 - INFO - Found 571 new unique games.
2025-09-25 08:14:56 - INFO - Database size: 200719 -> 201290 (+571)
2025-09-25 08:14:58 - INFO - Database saved successfully to basil_ladder_games.csv
2025-09-25 08:14:58 - INFO - Step 6: Skipping replay download.
2025-09-25 08:14:58 - INFO - ==============================
2025-09-25 08:14:58 - INFO - Automated Scrape Task Finished
2025-09-25 08:14:58 - INFO - Outcome: SUCCESS
2025-09-25 08:14:58 - INFO - Total Duration: 141.53 seconds
2025-09-25 08:14:58 - INFO - ==============================
2025-09-25 20:09:46 - INFO - ==============================
2025-09-25 20:09:46 - INFO - Starting Automated Scrape Task
2025-09-25 20:09:46 - INFO - Download replays: Disabled
2025-09-25 20:09:46 - INFO - ==============================
2025-09-25 20:09:46 - INFO - Step 1: Loading existing game data...
2025-09-25 20:09:46 - INFO - Loading existing games data from basil_ladder_games.csv
2025-09-25 20:09:46 - INFO - Loaded 201290 games from existing database.
2025-09-25 20:09:46 - INFO - Step 2: Skipping syncing replay status.
2025-09-25 20:09:46 - INFO - Step 3: Fetching bot ratings...
2025-09-25 20:09:46 - INFO - Fetching master rating list from https://data.basil-ladder.net/stats/ranking.json...
2025-09-25 20:09:47 - INFO - Successfully loaded ratings for 291 bots from JSON.
2025-09-25 20:09:47 - INFO - Step 4: Extracting new games from BASIL ladder...
2025-09-25 20:09:47 - INFO - Fetching latest games from BASIL Ladder (Last 24h)...
2025-09-25 20:09:55 - INFO - Navigating to https://basil.bytekeeper.org/...
2025-09-25 20:09:56 - INFO - Waiting for page to load...
2025-09-25 20:09:56 - INFO - Clicking 'Last 24h' button...
2025-09-25 20:09:59 - INFO - Found 1161 games in the table
2025-09-25 20:11:01 - INFO - Browser closed.
2025-09-25 20:11:01 - INFO - Extracted data for 1161 games from the page.
2025-09-25 20:11:01 - INFO - Step 5: Updating games database with new games...
2025-09-25 20:11:01 - INFO - Attempting to update game database with newly scraped games...
2025-09-25 20:11:01 - INFO - Existing games in database: 201290
2025-09-25 20:11:01 - INFO - New games scraped: 1161
2025-09-25 20:12:06 - INFO - Found and skipped 599 duplicate game(s) already present in the database.
2025-09-25 20:12:06 - INFO - Found 562 new unique games.
2025-09-25 20:12:06 - INFO - Database size: 201290 -> 201852 (+562)
2025-09-25 20:12:07 - INFO - Database saved successfully to basil_ladder_games.csv
2025-09-25 20:12:07 - INFO - Step 6: Skipping replay download.
2025-09-25 20:12:07 - INFO - ==============================
2025-09-25 20:12:07 - INFO - Automated Scrape Task Finished
2025-09-25 20:12:07 - INFO - Outcome: SUCCESS
2025-09-25 20:12:07 - INFO - Total Duration: 141.05 seconds
2025-09-25 20:12:07 - INFO - ==============================
2025-09-26 08:13:07 - INFO - ==============================
2025-09-26 08:13:07 - INFO - Starting Automated Scrape Task
2025-09-26 08:13:07 - INFO - Download replays: Disabled
2025-09-26 08:13:07 - INFO - ==============================
2025-09-26 08:13:07 - INFO - Step 1: Loading existing game data...
2025-09-26 08:13:07 - INFO - Loading existing games data from basil_ladder_games.csv
2025-09-26 08:13:07 - INFO - Loaded 201852 games from existing database.
2025-09-26 08:13:07 - INFO - Step 2: Skipping syncing replay status.
2025-09-26 08:13:07 - INFO - Step 3: Fetching bot ratings...
2025-09-26 08:13:07 - INFO - Fetching master rating list from https://data.basil-ladder.net/stats/ranking.json...
2025-09-26 08:13:08 - INFO - Successfully loaded ratings for 291 bots from JSON.
2025-09-26 08:13:08 - INFO - Step 4: Extracting new games from BASIL ladder...
2025-09-26 08:13:08 - INFO - Fetching latest games from BASIL Ladder (Last 24h)...
2025-09-26 08:13:20 - INFO - Navigating to https://basil.bytekeeper.org/...
2025-09-26 08:13:21 - INFO - Waiting for page to load...
2025-09-26 08:13:22 - INFO - Clicking 'Last 24h' button...
2025-09-26 08:13:25 - INFO - Found 1148 games in the table
2025-09-26 08:14:33 - INFO - Browser closed.
2025-09-26 08:14:33 - INFO - Extracted data for 1148 games from the page.
2025-09-26 08:14:33 - INFO - Step 5: Updating games database with new games...
2025-09-26 08:14:33 - INFO - Attempting to update game database with newly scraped games...
2025-09-26 08:14:33 - INFO - Existing games in database: 201852
2025-09-26 08:14:33 - INFO - New games scraped: 1148
2025-09-26 08:15:38 - INFO - Found and skipped 587 duplicate game(s) already present in the database.
2025-09-26 08:15:38 - INFO - Found 561 new unique games.
2025-09-26 08:15:38 - INFO - Database size: 201852 -> 202413 (+561)
2025-09-26 08:15:39 - INFO - Database saved successfully to basil_ladder_games.csv
2025-09-26 08:15:39 - INFO - Step 6: Skipping replay download.
2025-09-26 08:15:39 - INFO - ==============================
2025-09-26 08:15:39 - INFO - Automated Scrape Task Finished
2025-09-26 08:15:39 - INFO - Outcome: SUCCESS
2025-09-26 08:15:39 - INFO - Total Duration: 152.30 seconds
2025-09-26 08:15:39 - INFO - ==============================
2025-09-26 20:09:46 - INFO - ==============================
2025-09-26 20:09:46 - INFO - Starting Automated Scrape Task
2025-09-26 20:09:46 - INFO - Download replays: Disabled
2025-09-26 20:09:46 - INFO - ==============================
2025-09-26 20:09:46 - INFO - Step 1: Loading existing game data...
2025-09-26 20:09:46 - INFO - Loading existing games data from basil_ladder_games.csv
2025-09-26 20:09:47 - INFO - Loaded 202413 games from existing database.
2025-09-26 20:09:47 - INFO - Step 2: Skipping syncing replay status.
2025-09-26 20:09:47 - INFO - Step 3: Fetching bot ratings...
2025-09-26 20:09:47 - INFO - Fetching master rating list from https://data.basil-ladder.net/stats/ranking.json...
2025-09-26 20:09:47 - INFO - Successfully loaded ratings for 291 bots from JSON.
2025-09-26 20:09:47 - INFO - Step 4: Extracting new games from BASIL ladder...
2025-09-26 20:09:47 - INFO - Fetching latest games from BASIL Ladder (Last 24h)...
2025-09-26 20:10:03 - INFO - Navigating to https://basil.bytekeeper.org/...
2025-09-26 20:10:04 - INFO - Waiting for page to load...
2025-09-26 20:10:04 - INFO - Clicking 'Last 24h' button...
2025-09-26 20:10:07 - INFO - Found 1107 games in the table
2025-09-26 20:11:06 - INFO - Browser closed.
2025-09-26 20:11:06 - INFO - Extracted data for 1107 games from the page.
2025-09-26 20:11:06 - INFO - Step 5: Updating games database with new games...
2025-09-26 20:11:06 - INFO - Attempting to update game database with newly scraped games...
2025-09-26 20:11:06 - INFO - Existing games in database: 202413
2025-09-26 20:11:06 - INFO - New games scraped: 1107
2025-09-26 20:12:07 - INFO - Found and skipped 582 duplicate game(s) already present in the database.
2025-09-26 20:12:07 - INFO - Found 525 new unique games.
2025-09-26 20:12:07 - INFO - Database size: 202413 -> 202938 (+525)
2025-09-26 20:12:08 - INFO - Database saved successfully to basil_ladder_games.csv
2025-09-26 20:12:08 - INFO - Step 6: Skipping replay download.
2025-09-26 20:12:08 - INFO - ==============================
2025-09-26 20:12:08 - INFO - Automated Scrape Task Finished
2025-09-26 20:12:08 - INFO - Outcome: SUCCESS
2025-09-26 20:12:08 - INFO - Total Duration: 142.35 seconds
2025-09-26 20:12:08 - INFO - ==============================
2025-09-27 08:10:31 - INFO - ==============================
2025-09-27 08:10:31 - INFO - Starting Automated Scrape Task
2025-09-27 08:10:31 - INFO - Download replays: Disabled
2025-09-27 08:10:31 - INFO - ==============================
2025-09-27 08:10:31 - INFO - Step 1: Loading existing game data...
2025-09-27 08:10:31 - INFO - Loading existing games data from basil_ladder_games.csv
2025-09-27 08:10:32 - INFO - Loaded 202938 games from existing database.
2025-09-27 08:10:32 - INFO - Step 2: Skipping syncing replay status.
2025-09-27 08:10:32 - INFO - Step 3: Fetching bot ratings...
2025-09-27 08:10:32 - INFO - Fetching master rating list from https://data.basil-ladder.net/stats/ranking.json...
2025-09-27 08:10:32 - INFO - Successfully loaded ratings for 291 bots from JSON.
2025-09-27 08:10:32 - INFO - Step 4: Extracting new games from BASIL ladder...
2025-09-27 08:10:32 - INFO - Fetching latest games from BASIL Ladder (Last 24h)...
2025-09-27 08:10:41 - INFO - Navigating to https://basil.bytekeeper.org/...
2025-09-27 08:10:42 - INFO - Waiting for page to load...
2025-09-27 08:10:42 - INFO - Clicking 'Last 24h' button...
2025-09-27 08:10:45 - INFO - Found 1119 games in the table
2025-09-27 08:11:45 - INFO - Browser closed.
2025-09-27 08:11:45 - INFO - Extracted data for 1119 games from the page.
2025-09-27 08:11:45 - INFO - Step 5: Updating games database with new games...
2025-09-27 08:11:45 - INFO - Attempting to update game database with newly scraped games...
2025-09-27 08:11:45 - INFO - Existing games in database: 202938
2025-09-27 08:11:45 - INFO - New games scraped: 1119
2025-09-27 08:12:48 - INFO - Found and skipped 549 duplicate game(s) already present in the database.
2025-09-27 08:12:48 - INFO - Found 570 new unique games.
2025-09-27 08:12:48 - INFO - Database size: 202938 -> 203508 (+570)
2025-09-27 08:12:49 - INFO - Database saved successfully to basil_ladder_games.csv
2025-09-27 08:12:49 - INFO - Step 6: Skipping replay download.
2025-09-27 08:12:49 - INFO - ==============================
2025-09-27 08:12:49 - INFO - Automated Scrape Task Finished
2025-09-27 08:12:49 - INFO - Outcome: SUCCESS
2025-09-27 08:12:49 - INFO - Total Duration: 137.82 seconds
2025-09-27 08:12:49 - INFO - ==============================
2025-09-27 20:08:28 - INFO - ==============================
2025-09-27 20:08:28 - INFO - Starting Automated Scrape Task
2025-09-27 20:08:28 - INFO - Download replays: Disabled
2025-09-27 20:08:28 - INFO - ==============================
2025-09-27 20:08:28 - INFO - Step 1: Loading existing game data...
2025-09-27 20:08:28 - INFO - Loading existing games data from basil_ladder_games.csv
2025-09-27 20:08:29 - INFO - Loaded 203508 games from existing database.
2025-09-27 20:08:29 - INFO - Step 2: Skipping syncing replay status.
2025-09-27 20:08:29 - INFO - Step 3: Fetching bot ratings...
2025-09-27 20:08:29 - INFO - Fetching master rating list from https://data.basil-ladder.net/stats/ranking.json...
2025-09-27 20:08:29 - INFO - Successfully loaded ratings for 291 bots from JSON.
2025-09-27 20:08:29 - INFO - Step 4: Extracting new games from BASIL ladder...
2025-09-27 20:08:29 - INFO - Fetching latest games from BASIL Ladder (Last 24h)...
2025-09-27 20:08:43 - INFO - Navigating to https://basil.bytekeeper.org/...
2025-09-27 20:08:44 - INFO - Waiting for page to load...
2025-09-27 20:08:44 - INFO - Clicking 'Last 24h' button...
2025-09-27 20:08:47 - INFO - Found 1178 games in the table
2025-09-27 20:09:52 - INFO - Browser closed.
2025-09-27 20:09:52 - INFO - Extracted data for 1178 games from the page.
2025-09-27 20:09:52 - INFO - Step 5: Updating games database with new games...
2025-09-27 20:09:52 - INFO - Attempting to update game database with newly scraped games...
2025-09-27 20:09:52 - INFO - Existing games in database: 203508
2025-09-27 20:09:52 - INFO - New games scraped: 1178
2025-09-27 20:10:58 - INFO - Found and skipped 591 duplicate game(s) already present in the database.
2025-09-27 20:10:58 - INFO - Found 587 new unique games.
2025-09-27 20:10:58 - INFO - Database size: 203508 -> 204095 (+587)
2025-09-27 20:11:00 - INFO - Database saved successfully to basil_ladder_games.csv
2025-09-27 20:11:00 - INFO - Step 6: Skipping replay download.
2025-09-27 20:11:00 - INFO - ==============================
2025-09-27 20:11:00 - INFO - Automated Scrape Task Finished
2025-09-27 20:11:00 - INFO - Outcome: SUCCESS
2025-09-27 20:11:00 - INFO - Total Duration: 151.32 seconds
2025-09-27 20:11:00 - INFO - ==============================
2025-09-28 08:10:46 - INFO - ==============================
2025-09-28 08:10:46 - INFO - Starting Automated Scrape Task
2025-09-28 08:10:46 - INFO - Download replays: Disabled
2025-09-28 08:10:46 - INFO - ==============================
2025-09-28 08:10:46 - INFO - Step 1: Loading existing game data...
2025-09-28 08:10:46 - INFO - Loading existing games data from basil_ladder_games.csv
2025-09-28 08:10:47 - INFO - Loaded 204095 games from existing database.
2025-09-28 08:10:47 - INFO - Step 2: Skipping syncing replay status.
2025-09-28 08:10:47 - INFO - Step 3: Fetching bot ratings...
2025-09-28 08:10:47 - INFO - Fetching master rating list from https://data.basil-ladder.net/stats/ranking.json...
2025-09-28 08:10:47 - INFO - Successfully loaded ratings for 291 bots from JSON.
2025-09-28 08:10:47 - INFO - Step 4: Extracting new games from BASIL ladder...
2025-09-28 08:10:47 - INFO - Fetching latest games from BASIL Ladder (Last 24h)...
2025-09-28 08:11:11 - INFO - Navigating to https://basil.bytekeeper.org/...
2025-09-28 08:11:13 - INFO - Waiting for page to load...
2025-09-28 08:11:14 - INFO - Clicking 'Last 24h' button...
2025-09-28 08:11:17 - INFO - Found 1153 games in the table
2025-09-28 08:12:18 - INFO - Browser closed.
2025-09-28 08:12:18 - INFO - Extracted data for 1153 games from the page.
2025-09-28 08:12:18 - INFO - Step 5: Updating games database with new games...
2025-09-28 08:12:18 - INFO - Attempting to update game database with newly scraped games...
2025-09-28 08:12:18 - INFO - Existing games in database: 204095
2025-09-28 08:12:18 - INFO - New games scraped: 1153
2025-09-28 08:13:22 - INFO - Found and skipped 599 duplicate game(s) already present in the database.
2025-09-28 08:13:22 - INFO - Found 554 new unique games.
2025-09-28 08:13:22 - INFO - Database size: 204095 -> 204649 (+554)
2025-09-28 08:13:24 - INFO - Database saved successfully to basil_ladder_games.csv
2025-09-28 08:13:24 - INFO - Step 6: Skipping replay download.
2025-09-28 08:13:24 - INFO - ==============================
2025-09-28 08:13:24 - INFO - Automated Scrape Task Finished
2025-09-28 08:13:24 - INFO - Outcome: SUCCESS
2025-09-28 08:13:24 - INFO - Total Duration: 157.43 seconds
2025-09-28 08:13:24 - INFO - ==============================
2025-09-28 20:09:08 - INFO - ==============================
2025-09-28 20:09:08 - INFO - Starting Automated Scrape Task
2025-09-28 20:09:08 - INFO - Download replays: Disabled
2025-09-28 20:09:08 - INFO - ==============================
2025-09-28 20:09:08 - INFO - Step 1: Loading existing game data...
2025-09-28 20:09:08 - INFO - Loading existing games data from basil_ladder_games.csv
2025-09-28 20:09:09 - INFO - Loaded 204649 games from existing database.
2025-09-28 20:09:09 - INFO - Step 2: Skipping syncing replay status.
2025-09-28 20:09:09 - INFO - Step 3: Fetching bot ratings...
2025-09-28 20:09:09 - INFO - Fetching master rating list from https://data.basil-ladder.net/stats/ranking.json...
2025-09-28 20:09:09 - INFO - Successfully loaded ratings for 291 bots from JSON.
2025-09-28 20:09:09 - INFO - Step 4: Extracting new games from BASIL ladder...
2025-09-28 20:09:09 - INFO - Fetching latest games from BASIL Ladder (Last 24h)...
2025-09-28 20:09:24 - INFO - Navigating to https://basil.bytekeeper.org/...
2025-09-28 20:09:25 - INFO - Waiting for page to load...
2025-09-28 20:09:25 - INFO - Clicking 'Last 24h' button...
2025-09-28 20:09:29 - INFO - Found 1127 games in the table
2025-09-28 20:10:32 - INFO - Browser closed.
2025-09-28 20:10:32 - INFO - Extracted data for 1127 games from the page.
2025-09-28 20:10:32 - INFO - Step 5: Updating games database with new games...
2025-09-28 20:10:32 - INFO - Attempting to update game database with newly scraped games...
2025-09-28 20:10:32 - INFO - Existing games in database: 204649
2025-09-28 20:10:32 - INFO - New games scraped: 1127
2025-09-28 20:11:37 - INFO - Found and skipped 565 duplicate game(s) already present in the database.
2025-09-28 20:11:37 - INFO - Found 562 new unique games.
2025-09-28 20:11:37 - INFO - Database size: 204649 -> 205211 (+562)
2025-09-28 20:11:38 - INFO - Database saved successfully to basil_ladder_games.csv
2025-09-28 20:11:38 - INFO - Step 6: Skipping replay download.
2025-09-28 20:11:38 - INFO - ==============================
2025-09-28 20:11:38 - INFO - Automated Scrape Task Finished
2025-09-28 20:11:38 - INFO - Outcome: SUCCESS
2025-09-28 20:11:38 - INFO - Total Duration: 149.53 seconds
2025-09-28 20:11:38 - INFO - ==============================
2025-09-29 08:14:12 - INFO - ==============================
2025-09-29 08:14:12 - INFO - Starting Automated Scrape Task
2025-09-29 08:14:12 - INFO - Download replays: Disabled
2025-09-29 08:14:12 - INFO - ==============================
2025-09-29 08:14:12 - INFO - Step 1: Loading existing game data...
2025-09-29 08:14:12 - INFO - Loading existing games data from basil_ladder_games.csv
2025-09-29 08:14:13 - INFO - Loaded 205211 games from existing database.
2025-09-29 08:14:13 - INFO - Step 2: Skipping syncing replay status.
2025-09-29 08:14:13 - INFO - Step 3: Fetching bot ratings...
2025-09-29 08:14:13 - INFO - Fetching master rating list from https://data.basil-ladder.net/stats/ranking.json...
2025-09-29 08:14:13 - INFO - Successfully loaded ratings for 291 bots from JSON.
2025-09-29 08:14:13 - INFO - Step 4: Extracting new games from BASIL ladder...
2025-09-29 08:14:13 - INFO - Fetching latest games from BASIL Ladder (Last 24h)...
2025-09-29 08:14:55 - INFO - Navigating to https://basil.bytekeeper.org/...
2025-09-29 08:14:57 - INFO - Waiting for page to load...
2025-09-29 08:14:58 - INFO - Clicking 'Last 24h' button...
2025-09-29 08:15:01 - INFO - Found 1112 games in the table
2025-09-29 08:16:01 - INFO - Browser closed.
2025-09-29 08:16:01 - INFO - Extracted data for 1112 games from the page.
2025-09-29 08:16:01 - INFO - Step 5: Updating games database with new games...
2025-09-29 08:16:01 - INFO - Attempting to update game database with newly scraped games...
2025-09-29 08:16:01 - INFO - Existing games in database: 205211
2025-09-29 08:16:01 - INFO - New games scraped: 1112
2025-09-29 08:17:04 - INFO - Found and skipped 578 duplicate game(s) already present in the database.
2025-09-29 08:17:04 - INFO - Found 534 new unique games.
2025-09-29 08:17:04 - INFO - Database size: 205211 -> 205745 (+534)
2025-09-29 08:17:05 - INFO - Database saved successfully to basil_ladder_games.csv
2025-09-29 08:17:05 - INFO - Step 6: Skipping replay download.
2025-09-29 08:17:05 - INFO - ==============================
2025-09-29 08:17:05 - INFO - Automated Scrape Task Finished
2025-09-29 08:17:05 - INFO - Outcome: SUCCESS
2025-09-29 08:17:05 - INFO - Total Duration: 172.73 seconds
2025-09-29 08:17:05 - INFO - ==============================
2025-09-29 20:09:46 - INFO - ==============================
2025-09-29 20:09:46 - INFO - Starting Automated Scrape Task
2025-09-29 20:09:46 - INFO - Download replays: Disabled
2025-09-29 20:09:46 - INFO - ==============================
2025-09-29 20:09:46 - INFO - Step 1: Loading existing game data...
2025-09-29 20:09:46 - INFO - Loading existing games data from basil_ladder_games.csv
2025-09-29 20:09:46 - INFO - Loaded 205745 games from existing database.
2025-09-29 20:09:46 - INFO - Step 2: Skipping syncing replay status.
2025-09-29 20:09:46 - INFO - Step 3: Fetching bot ratings...
2025-09-29 20:09:46 - INFO - Fetching master rating list from https://data.basil-ladder.net/stats/ranking.json...
2025-09-29 20:09:47 - INFO - Successfully loaded ratings for 291 bots from JSON.
2025-09-29 20:09:47 - INFO - Step 4: Extracting new games from BASIL ladder...
2025-09-29 20:09:47 - INFO - Fetching latest games from BASIL Ladder (Last 24h)...
2025-09-29 20:09:54 - INFO - Navigating to https://basil.bytekeeper.org/...
2025-09-29 20:09:55 - INFO - Waiting for page to load...
2025-09-29 20:09:55 - INFO - Clicking 'Last 24h' button...
2025-09-29 20:09:59 - INFO - Found 1073 games in the table
2025-09-29 20:10:57 - INFO - Browser closed.
2025-09-29 20:10:57 - INFO - Extracted data for 1073 games from the page.
2025-09-29 20:10:57 - INFO - Step 5: Updating games database with new games...
2025-09-29 20:10:57 - INFO - Attempting to update game database with newly scraped games...
2025-09-29 20:10:57 - INFO - Existing games in database: 205745
2025-09-29 20:10:57 - INFO - New games scraped: 1073
2025-09-29 20:11:59 - INFO - Found and skipped 558 duplicate game(s) already present in the database.
2025-09-29 20:11:59 - INFO - Found 515 new unique games.
2025-09-29 20:11:59 - INFO - Database size: 205745 -> 206260 (+515)
2025-09-29 20:12:00 - INFO - Database saved successfully to basil_ladder_games.csv
2025-09-29 20:12:00 - INFO - Step 6: Skipping replay download.
2025-09-29 20:12:00 - INFO - ==============================
2025-09-29 20:12:00 - INFO - Automated Scrape Task Finished
2025-09-29 20:12:00 - INFO - Outcome: SUCCESS
2025-09-29 20:12:00 - INFO - Total Duration: 134.08 seconds
2025-09-29 20:12:00 - INFO - ==============================
2025-09-30 08:13:25 - INFO - ==============================
2025-09-30 08:13:25 - INFO - Starting Automated Scrape Task
2025-09-30 08:13:25 - INFO - Download replays: Disabled
2025-09-30 08:13:25 - INFO - ==============================
2025-09-30 08:13:25 - INFO - Step 1: Loading existing game data...
2025-09-30 08:13:25 - INFO - Loading existing games data from basil_ladder_games.csv
2025-09-30 08:13:26 - INFO - Loaded 206260 games from existing database.
2025-09-30 08:13:26 - INFO - Step 2: Skipping syncing replay status.
2025-09-30 08:13:26 - INFO - Step 3: Fetching bot ratings...
2025-09-30 08:13:26 - INFO - Fetching master rating list from https://data.basil-ladder.net/stats/ranking.json...
2025-09-30 08:13:26 - INFO - Successfully loaded ratings for 291 bots from JSON.
2025-09-30 08:13:26 - INFO - Step 4: Extracting new games from BASIL ladder...
2025-09-30 08:13:26 - INFO - Fetching latest games from BASIL Ladder (Last 24h)...
2025-09-30 08:13:35 - INFO - Navigating to https://basil.bytekeeper.org/...
2025-09-30 08:13:35 - INFO - Waiting for page to load...
2025-09-30 08:13:36 - INFO - Clicking 'Last 24h' button...
2025-09-30 08:13:39 - INFO - Found 1060 games in the table
2025-09-30 08:14:34 - INFO - Browser closed.
2025-09-30 08:14:34 - INFO - Extracted data for 1060 games from the page.
2025-09-30 08:14:34 - INFO - Step 5: Updating games database with new games...
2025-09-30 08:14:34 - INFO - Attempting to update game database with newly scraped games...
2025-09-30 08:14:34 - INFO - Existing games in database: 206260
2025-09-30 08:14:34 - INFO - New games scraped: 1060
2025-09-30 08:15:32 - INFO - Found and skipped 539 duplicate game(s) already present in the database.
2025-09-30 08:15:32 - INFO - Found 521 new unique games.
2025-09-30 08:15:32 - INFO - Database size: 206260 -> 206781 (+521)
2025-09-30 08:15:34 - INFO - Database saved successfully to basil_ladder_games.csv
2025-09-30 08:15:34 - INFO - Step 6: Skipping replay download.
2025-09-30 08:15:34 - INFO - ==============================
2025-09-30 08:15:34 - INFO - Automated Scrape Task Finished
2025-09-30 08:15:34 - INFO - Outcome: SUCCESS
2025-09-30 08:15:34 - INFO - Total Duration: 128.63 seconds
2025-09-30 08:15:34 - INFO - ==============================
2025-09-30 20:09:43 - INFO - ==============================
2025-09-30 20:09:43 - INFO - Starting Automated Scrape Task
2025-09-30 20:09:43 - INFO - Download replays: Disabled
2025-09-30 20:09:43 - INFO - ==============================
2025-09-30 20:09:43 - INFO - Step 1: Loading existing game data...
2025-09-30 20:09:43 - INFO - Loading existing games data from basil_ladder_games.csv
2025-09-30 20:09:43 - INFO - Loaded 206781 games from existing database.
2025-09-30 20:09:43 - INFO - Step 2: Skipping syncing replay status.
2025-09-30 20:09:43 - INFO - Step 3: Fetching bot ratings...
2025-09-30 20:09:43 - INFO - Fetching master rating list from https://data.basil-ladder.net/stats/ranking.json...
2025-09-30 20:09:44 - INFO - Successfully loaded ratings for 291 bots from JSON.
2025-09-30 20:09:44 - INFO - Step 4: Extracting new games from BASIL ladder...
2025-09-30 20:09:44 - INFO - Fetching latest games from BASIL Ladder (Last 24h)...
2025-09-30 20:10:05 - INFO - Navigating to https://basil.bytekeeper.org/...
2025-09-30 20:10:07 - INFO - Waiting for page to load...
2025-09-30 20:10:07 - INFO - Clicking 'Last 24h' button...
2025-09-30 20:10:10 - INFO - Found 1098 games in the table
2025-09-30 20:11:09 - INFO - Browser closed.
2025-09-30 20:11:09 - INFO - Extracted data for 1098 games from the page.
2025-09-30 20:11:09 - INFO - Step 5: Updating games database with new games...
2025-09-30 20:11:09 - INFO - Attempting to update game database with newly scraped games...
2025-09-30 20:11:09 - INFO - Existing games in database: 206781
2025-09-30 20:11:09 - INFO - New games scraped: 1098
2025-09-30 20:12:10 - INFO - Found and skipped 538 duplicate game(s) already present in the database.
2025-09-30 20:12:10 - INFO - Found 560 new unique games.
2025-09-30 20:12:10 - INFO - Database size: 206781 -> 207341 (+560)
2025-09-30 20:12:12 - INFO - Database saved successfully to basil_ladder_games.csv
2025-09-30 20:12:12 - INFO - Step 6: Skipping replay download.
2025-09-30 20:12:12 - INFO - ==============================
2025-09-30 20:12:12 - INFO - Automated Scrape Task Finished
2025-09-30 20:12:12 - INFO - Outcome: SUCCESS
2025-09-30 20:12:12 - INFO - Total Duration: 148.85 seconds
2025-09-30 20:12:12 - INFO - ==============================
2025-10-01 08:12:48 - INFO - ==============================
2025-10-01 08:12:48 - INFO - Starting Automated Scrape Task
2025-10-01 08:12:48 - INFO - Download replays: Disabled
2025-10-01 08:12:48 - INFO - ==============================
2025-10-01 08:12:48 - INFO - Step 1: Loading existing game data...
2025-10-01 08:12:48 - INFO - Loading existing games data from basil_ladder_games.csv
2025-10-01 08:12:49 - INFO - Loaded 207341 games from existing database.
2025-10-01 08:12:49 - INFO - Step 2: Skipping syncing replay status.
2025-10-01 08:12:49 - INFO - Step 3: Fetching bot ratings...
2025-10-01 08:12:49 - INFO - Fetching master rating list from https://data.basil-ladder.net/stats/ranking.json...
2025-10-01 08:12:49 - INFO - Successfully loaded ratings for 291 bots from JSON.
2025-10-01 08:12:49 - INFO - Step 4: Extracting new games from BASIL ladder...
2025-10-01 08:12:49 - INFO - Fetching latest games from BASIL Ladder (Last 24h)...
2025-10-01 08:12:59 - INFO - Navigating to https://basil.bytekeeper.org/...
2025-10-01 08:13:00 - INFO - Waiting for page to load...
2025-10-01 08:13:00 - INFO - Clicking 'Last 24h' button...
2025-10-01 08:13:03 - INFO - Found 1108 games in the table
2025-10-01 08:14:01 - INFO - Browser closed.
2025-10-01 08:14:01 - INFO - Extracted data for 1108 games from the page.
2025-10-01 08:14:01 - INFO - Step 5: Updating games database with new games...
2025-10-01 08:14:01 - INFO - Attempting to update game database with newly scraped games...
2025-10-01 08:14:01 - INFO - Existing games in database: 207341
2025-10-01 08:14:01 - INFO - New games scraped: 1108
2025-10-01 08:15:04 - INFO - Found and skipped 576 duplicate game(s) already present in the database.
2025-10-01 08:15:04 - INFO - Found 532 new unique games.
2025-10-01 08:15:04 - INFO - Database size: 207341 -> 207873 (+532)
2025-10-01 08:15:05 - INFO - Database saved successfully to basil_ladder_games.csv
2025-10-01 08:15:05 - INFO - Step 6: Skipping replay download.
2025-10-01 08:15:05 - INFO - ==============================
2025-10-01 08:15:05 - INFO - Automated Scrape Task Finished
2025-10-01 08:15:05 - INFO - Outcome: SUCCESS
2025-10-01 08:15:05 - INFO - Total Duration: 137.15 seconds
2025-10-01 08:15:05 - INFO - ==============================
2025-10-01 20:10:29 - INFO - ==============================
2025-10-01 20:10:29 - INFO - Starting Automated Scrape Task
2025-10-01 20:10:29 - INFO - Download replays: Disabled
2025-10-01 20:10:29 - INFO - ==============================
2025-10-01 20:10:29 - INFO - Step 1: Loading existing game data...
2025-10-01 20:10:29 - INFO - Loading existing games data from basil_ladder_games.csv
2025-10-01 20:10:30 - INFO - Loaded 207873 games from existing database.
2025-10-01 20:10:30 - INFO - Step 2: Skipping syncing replay status.
2025-10-01 20:10:30 - INFO - Step 3: Fetching bot ratings...
2025-10-01 20:10:30 - INFO - Fetching master rating list from https://data.basil-ladder.net/stats/ranking.json...
2025-10-01 20:10:30 - INFO - Successfully loaded ratings for 291 bots from JSON.
2025-10-01 20:10:30 - INFO - Step 4: Extracting new games from BASIL ladder...
2025-10-01 20:10:30 - INFO - Fetching latest games from BASIL Ladder (Last 24h)...
2025-10-01 20:10:38 - INFO - Navigating to https://basil.bytekeeper.org/...
2025-10-01 20:10:39 - INFO - Waiting for page to load...
2025-10-01 20:10:39 - INFO - Clicking 'Last 24h' button...
2025-10-01 20:10:42 - INFO - Found 1100 games in the table
2025-10-01 20:11:39 - INFO - Browser closed.
2025-10-01 20:11:39 - INFO - Extracted data for 1100 games from the page.
2025-10-01 20:11:39 - INFO - Step 5: Updating games database with new games...
2025-10-01 20:11:39 - INFO - Attempting to update game database with newly scraped games...
2025-10-01 20:11:39 - INFO - Existing games in database: 207873
2025-10-01 20:11:39 - INFO - New games scraped: 1100
2025-10-01 20:12:41 - INFO - Found and skipped 552 duplicate game(s) already present in the database.
2025-10-01 20:12:41 - INFO - Found 548 new unique games.
2025-10-01 20:12:41 - INFO - Database size: 207873 -> 208421 (+548)
2025-10-01 20:12:42 - INFO - Database saved successfully to basil_ladder_games.csv
2025-10-01 20:12:42 - INFO - Step 6: Skipping replay download.
2025-10-01 20:12:42 - INFO - ==============================
2025-10-01 20:12:42 - INFO - Automated Scrape Task Finished
2025-10-01 20:12:42 - INFO - Outcome: SUCCESS
2025-10-01 20:12:42 - INFO - Total Duration: 132.86 seconds
2025-10-01 20:12:42 - INFO - ==============================
2025-10-02 08:12:28 - INFO - ==============================
2025-10-02 08:12:28 - INFO - Starting Automated Scrape Task
2025-10-02 08:12:28 - INFO - Download replays: Disabled
2025-10-02 08:12:28 - INFO - ==============================
2025-10-02 08:12:28 - INFO - Step 1: Loading existing game data...
2025-10-02 08:12:28 - INFO - Loading existing games data from basil_ladder_games.csv
2025-10-02 08:12:29 - INFO - Loaded 208421 games from existing database.
2025-10-02 08:12:29 - INFO - Step 2: Skipping syncing replay status.
2025-10-02 08:12:29 - INFO - Step 3: Fetching bot ratings...
2025-10-02 08:12:29 - INFO - Fetching master rating list from https://data.basil-ladder.net/stats/ranking.json...
2025-10-02 08:12:29 - INFO - Successfully loaded ratings for 291 bots from JSON.
2025-10-02 08:12:29 - INFO - Step 4: Extracting new games from BASIL ladder...
2025-10-02 08:12:29 - INFO - Fetching latest games from BASIL Ladder (Last 24h)...
2025-10-02 08:12:43 - INFO - Navigating to https://basil.bytekeeper.org/...
2025-10-02 08:12:44 - INFO - Waiting for page to load...
2025-10-02 08:12:45 - INFO - Clicking 'Last 24h' button...
2025-10-02 08:12:48 - INFO - Found 1141 games in the table
2025-10-02 08:14:05 - INFO - Browser closed.
2025-10-02 08:14:05 - INFO - Extracted data for 1141 games from the page.
2025-10-02 08:14:05 - INFO - Step 5: Updating games database with new games...
2025-10-02 08:14:05 - INFO - Attempting to update game database with newly scraped games...
2025-10-02 08:14:05 - INFO - Existing games in database: 208421
2025-10-02 08:14:05 - INFO - New games scraped: 1141
2025-10-02 08:15:11 - INFO - Found and skipped 571 duplicate game(s) already present in the database.
2025-10-02 08:15:11 - INFO - Found 570 new unique games.
2025-10-02 08:15:11 - INFO - Database size: 208421 -> 208991 (+570)
2025-10-02 08:15:12 - INFO - Database saved successfully to basil_ladder_games.csv
2025-10-02 08:15:12 - INFO - Step 6: Skipping replay download.
2025-10-02 08:15:12 - INFO - ==============================
2025-10-02 08:15:12 - INFO - Automated Scrape Task Finished
2025-10-02 08:15:12 - INFO - Outcome: SUCCESS
2025-10-02 08:15:12 - INFO - Total Duration: 164.24 seconds
2025-10-02 08:15:12 - INFO - ==============================
2025-10-02 20:09:46 - INFO - ==============================
2025-10-02 20:09:46 - INFO - Starting Automated Scrape Task
2025-10-02 20:09:46 - INFO - Download replays: Disabled
2025-10-02 20:09:46 - INFO - ==============================
2025-10-02 20:09:46 - INFO - Step 1: Loading existing game data...
2025-10-02 20:09:46 - INFO - Loading existing games data from basil_ladder_games.csv
2025-10-02 20:09:47 - INFO - Loaded 208991 games from existing database.
2025-10-02 20:09:47 - INFO - Step 2: Skipping syncing replay status.
2025-10-02 20:09:47 - INFO - Step 3: Fetching bot ratings...
2025-10-02 20:09:47 - INFO - Fetching master rating list from https://data.basil-ladder.net/stats/ranking.json...
2025-10-02 20:09:47 - INFO - Successfully loaded ratings for 291 bots from JSON.
2025-10-02 20:09:47 - INFO - Step 4: Extracting new games from BASIL ladder...
2025-10-02 20:09:47 - INFO - Fetching latest games from BASIL Ladder (Last 24h)...
2025-10-02 20:09:58 - INFO - Navigating to https://basil.bytekeeper.org/...
2025-10-02 20:09:59 - INFO - Waiting for page to load...
2025-10-02 20:09:59 - INFO - Clicking 'Last 24h' button...
2025-10-02 20:10:02 - INFO - Found 1139 games in the table
2025-10-02 20:11:02 - INFO - Browser closed.
2025-10-02 20:11:02 - INFO - Extracted data for 1139 games from the page.
2025-10-02 20:11:02 - INFO - Step 5: Updating games database with new games...
2025-10-02 20:11:02 - INFO - Attempting to update game database with newly scraped games...
2025-10-02 20:11:02 - INFO - Existing games in database: 208991
2025-10-02 20:11:02 - INFO - New games scraped: 1139
2025-10-02 20:12:07 - INFO - Found and skipped 583 duplicate game(s) already present in the database.
2025-10-02 20:12:07 - INFO - Found 556 new unique games.
2025-10-02 20:12:07 - INFO - Database size: 208991 -> 209547 (+556)
2025-10-02 20:12:08 - INFO - Database saved successfully to basil_ladder_games.csv
2025-10-02 20:12:08 - INFO - Step 6: Skipping replay download.
2025-10-02 20:12:08 - INFO - ==============================
2025-10-02 20:12:08 - INFO - Automated Scrape Task Finished
2025-10-02 20:12:08 - INFO - Outcome: SUCCESS
2025-10-02 20:12:08 - INFO - Total Duration: 141.81 seconds
2025-10-02 20:12:08 - INFO - ==============================
2025-10-03 08:11:59 - INFO - ==============================
2025-10-03 08:11:59 - INFO - Starting Automated Scrape Task
2025-10-03 08:11:59 - INFO - Download replays: Disabled
2025-10-03 08:11:59 - INFO - ==============================
2025-10-03 08:11:59 - INFO - Step 1: Loading existing game data...
2025-10-03 08:11:59 - INFO - Loading existing games data from basil_ladder_games.csv
2025-10-03 08:12:00 - INFO - Loaded 209547 games from existing database.
2025-10-03 08:12:00 - INFO - Step 2: Skipping syncing replay status.
2025-10-03 08:12:00 - INFO - Step 3: Fetching bot ratings...
2025-10-03 08:12:00 - INFO - Fetching master rating list from https://data.basil-ladder.net/stats/ranking.json...
2025-10-03 08:12:01 - INFO - Successfully loaded ratings for 291 bots from JSON.
2025-10-03 08:12:01 - INFO - Step 4: Extracting new games from BASIL ladder...
2025-10-03 08:12:01 - INFO - Fetching latest games from BASIL Ladder (Last 24h)...
2025-10-03 08:12:08 - INFO - Navigating to https://basil.bytekeeper.org/...
2025-10-03 08:12:09 - INFO - Waiting for page to load...
2025-10-03 08:12:09 - INFO - Clicking 'Last 24h' button...
2025-10-03 08:12:12 - INFO - Found 1139 games in the table
2025-10-03 08:13:10 - INFO - Browser closed.
2025-10-03 08:13:10 - INFO - Extracted data for 1139 games from the page.
2025-10-03 08:13:10 - INFO - Step 5: Updating games database with new games...
2025-10-03 08:13:10 - INFO - Attempting to update game database with newly scraped games...
2025-10-03 08:13:10 - INFO - Existing games in database: 209547
2025-10-03 08:13:10 - INFO - New games scraped: 1139
2025-10-03 08:14:12 - INFO - Found and skipped 571 duplicate game(s) already present in the database.
2025-10-03 08:14:12 - INFO - Found 568 new unique games.
2025-10-03 08:14:12 - INFO - Database size: 209547 -> 210115 (+568)
2025-10-03 08:14:13 - INFO - Database saved successfully to basil_ladder_games.csv
2025-10-03 08:14:13 - INFO - Step 6: Skipping replay download.
2025-10-03 08:14:13 - INFO - ==============================
2025-10-03 08:14:13 - INFO - Automated Scrape Task Finished
2025-10-03 08:14:13 - INFO - Outcome: SUCCESS
2025-10-03 08:14:13 - INFO - Total Duration: 133.75 seconds
2025-10-03 08:14:13 - INFO - ==============================
2025-10-03 20:09:32 - INFO - ==============================
2025-10-03 20:09:32 - INFO - Starting Automated Scrape Task
2025-10-03 20:09:32 - INFO - Download replays: Disabled
2025-10-03 20:09:32 - INFO - ==============================
2025-10-03 20:09:32 - INFO - Step 1: Loading existing game data...
2025-10-03 20:09:32 - INFO - Loading existing games data from basil_ladder_games.csv
2025-10-03 20:09:33 - INFO - Loaded 210115 games from existing database.
2025-10-03 20:09:33 - INFO - Step 2: Skipping syncing replay status.
2025-10-03 20:09:33 - INFO - Step 3: Fetching bot ratings...
2025-10-03 20:09:33 - INFO - Fetching master rating list from https://data.basil-ladder.net/stats/ranking.json...
2025-10-03 20:09:33 - INFO - Successfully loaded ratings for 291 bots from JSON.
2025-10-03 20:09:33 - INFO - Step 4: Extracting new games from BASIL ladder...
2025-10-03 20:09:33 - INFO - Fetching latest games from BASIL Ladder (Last 24h)...
2025-10-03 20:09:35 - INFO - Navigating to https://basil.bytekeeper.org/...
2025-10-03 20:09:35 - INFO - Waiting for page to load...
2025-10-03 20:09:35 - INFO - Clicking 'Last 24h' button...
2025-10-03 20:09:39 - INFO - Found 1138 games in the table
2025-10-03 20:10:42 - INFO - Browser closed.
2025-10-03 20:10:42 - INFO - Extracted data for 1138 games from the page.
2025-10-03 20:10:42 - INFO - Step 5: Updating games database with new games...
2025-10-03 20:10:42 - INFO - Attempting to update game database with newly scraped games...
2025-10-03 20:10:42 - INFO - Existing games in database: 210115
2025-10-03 20:10:42 - INFO - New games scraped: 1138
2025-10-03 20:11:47 - INFO - Found and skipped 587 duplicate game(s) already present in the database.
2025-10-03 20:11:47 - INFO - Found 551 new unique games.
2025-10-03 20:11:47 - INFO - Database size: 210115 -> 210666 (+551)
2025-10-03 20:11:49 - INFO - Database saved successfully to basil_ladder_games.csv
2025-10-03 20:11:49 - INFO - Step 6: Skipping replay download.
2025-10-03 20:11:49 - INFO - ==============================
2025-10-03 20:11:49 - INFO - Automated Scrape Task Finished
2025-10-03 20:11:49 - INFO - Outcome: SUCCESS
2025-10-03 20:11:49 - INFO - Total Duration: 136.67 seconds
2025-10-03 20:11:49 - INFO - ==============================
2025-10-04 08:10:38 - INFO - ==============================
2025-10-04 08:10:38 - INFO - Starting Automated Scrape Task
2025-10-04 08:10:38 - INFO - Download replays: Disabled
2025-10-04 08:10:38 - INFO - ==============================
2025-10-04 08:10:38 - INFO - Step 1: Loading existing game data...
2025-10-04 08:10:38 - INFO - Loading existing games data from basil_ladder_games.csv
2025-10-04 08:10:39 - INFO - Loaded 210666 games from existing database.
2025-10-04 08:10:39 - INFO - Step 2: Skipping syncing replay status.
2025-10-04 08:10:39 - INFO - Step 3: Fetching bot ratings...
2025-10-04 08:10:39 - INFO - Fetching master rating list from https://data.basil-ladder.net/stats/ranking.json...
2025-10-04 08:10:40 - INFO - Successfully loaded ratings for 291 bots from JSON.
2025-10-04 08:10:40 - INFO - Step 4: Extracting new games from BASIL ladder...
2025-10-04 08:10:40 - INFO - Fetching latest games from BASIL Ladder (Last 24h)...
2025-10-04 08:10:56 - INFO - Navigating to https://basil.bytekeeper.org/...
2025-10-04 08:10:58 - INFO - Waiting for page to load...
2025-10-04 08:10:58 - INFO - Clicking 'Last 24h' button...
2025-10-04 08:11:02 - INFO - Found 1095 games in the table
2025-10-04 08:12:00 - INFO - Browser closed.
2025-10-04 08:12:00 - INFO - Extracted data for 1095 games from the page.
2025-10-04 08:12:00 - INFO - Step 5: Updating games database with new games...
2025-10-04 08:12:00 - INFO - Attempting to update game database with newly scraped games...
2025-10-04 08:12:00 - INFO - Existing games in database: 210666
2025-10-04 08:12:00 - INFO - New games scraped: 1095
2025-10-04 08:13:02 - INFO - Found and skipped 569 duplicate game(s) already present in the database.
2025-10-04 08:13:02 - INFO - Found 526 new unique games.
2025-10-04 08:13:02 - INFO - Database size: 210666 -> 211192 (+526)
2025-10-04 08:13:03 - INFO - Database saved successfully to basil_ladder_games.csv
2025-10-04 08:13:03 - INFO - Step 6: Skipping replay download.
2025-10-04 08:13:03 - INFO - ==============================
2025-10-04 08:13:03 - INFO - Automated Scrape Task Finished
2025-10-04 08:13:03 - INFO - Outcome: SUCCESS
2025-10-04 08:13:03 - INFO - Total Duration: 144.72 seconds
2025-10-04 08:13:03 - INFO - ==============================
2025-10-04 20:08:04 - INFO - ==============================
2025-10-04 20:08:04 - INFO - Starting Automated Scrape Task
2025-10-04 20:08:04 - INFO - Download replays: Disabled
2025-10-04 20:08:04 - INFO - ==============================
2025-10-04 20:08:04 - INFO - Step 1: Loading existing game data...
2025-10-04 20:08:04 - INFO - Loading existing games data from basil_ladder_games.csv
2025-10-04 20:08:05 - INFO - Loaded 211192 games from existing database.
2025-10-04 20:08:05 - INFO - Step 2: Skipping syncing replay status.
2025-10-04 20:08:05 - INFO - Step 3: Fetching bot ratings...
2025-10-04 20:08:05 - INFO - Fetching master rating list from https://data.basil-ladder.net/stats/ranking.json...
2025-10-04 20:08:06 - INFO - Successfully loaded ratings for 292 bots from JSON.
2025-10-04 20:08:06 - INFO - Step 4: Extracting new games from BASIL ladder...
2025-10-04 20:08:06 - INFO - Fetching latest games from BASIL Ladder (Last 24h)...
2025-10-04 20:08:13 - INFO - Navigating to https://basil.bytekeeper.org/...
2025-10-04 20:08:14 - INFO - Waiting for page to load...
2025-10-04 20:08:14 - INFO - Clicking 'Last 24h' button...
2025-10-04 20:08:17 - INFO - Found 1068 games in the table
2025-10-04 20:09:12 - INFO - Browser closed.
2025-10-04 20:09:12 - INFO - Extracted data for 1068 games from the page.
2025-10-04 20:09:12 - INFO - Step 5: Updating games database with new games...
2025-10-04 20:09:12 - INFO - Attempting to update game database with newly scraped games...
2025-10-04 20:09:12 - INFO - Existing games in database: 211192
2025-10-04 20:09:12 - INFO - New games scraped: 1068
2025-10-04 20:10:13 - INFO - Found and skipped 544 duplicate game(s) already present in the database.
2025-10-04 20:10:13 - INFO - Found 524 new unique games.
2025-10-04 20:10:13 - INFO - Database size: 211192 -> 211716 (+524)
2025-10-04 20:10:14 - INFO - Database saved successfully to basil_ladder_games.csv
2025-10-04 20:10:14 - INFO - Step 6: Skipping replay download.
2025-10-04 20:10:14 - INFO - ==============================
2025-10-04 20:10:14 - INFO - Automated Scrape Task Finished
2025-10-04 20:10:14 - INFO - Outcome: SUCCESS
2025-10-04 20:10:14 - INFO - Total Duration: 129.74 seconds
2025-10-04 20:10:14 - INFO - ==============================
2025-10-05 08:10:18 - INFO - ==============================
2025-10-05 08:10:18 - INFO - Starting Automated Scrape Task
2025-10-05 08:10:18 - INFO - Download replays: Disabled
2025-10-05 08:10:18 - INFO - ==============================
2025-10-05 08:10:18 - INFO - Step 1: Loading existing game data...
2025-10-05 08:10:18 - INFO - Loading existing games data from basil_ladder_games.csv
2025-10-05 08:10:19 - INFO - Loaded 211716 games from existing database.
2025-10-05 08:10:19 - INFO - Step 2: Skipping syncing replay status.
2025-10-05 08:10:19 - INFO - Step 3: Fetching bot ratings...
2025-10-05 08:10:19 - INFO - Fetching master rating list from https://data.basil-ladder.net/stats/ranking.json...
2025-10-05 08:10:19 - INFO - Successfully loaded ratings for 292 bots from JSON.
2025-10-05 08:10:19 - INFO - Step 4: Extracting new games from BASIL ladder...
2025-10-05 08:10:19 - INFO - Fetching latest games from BASIL Ladder (Last 24h)...
2025-10-05 08:10:31 - INFO - Navigating to https://basil.bytekeeper.org/...
2025-10-05 08:10:32 - INFO - Waiting for page to load...
2025-10-05 08:10:32 - INFO - Clicking 'Last 24h' button...
2025-10-05 08:10:36 - INFO - Found 1111 games in the table
2025-10-05 08:11:38 - INFO - Browser closed.
2025-10-05 08:11:38 - INFO - Extracted data for 1111 games from the page.
2025-10-05 08:11:38 - INFO - Step 5: Updating games database with new games...
2025-10-05 08:11:38 - INFO - Attempting to update game database with newly scraped games...
2025-10-05 08:11:38 - INFO - Existing games in database: 211716
2025-10-05 08:11:38 - INFO - New games scraped: 1111
2025-10-05 08:12:42 - INFO - Found and skipped 543 duplicate game(s) already present in the database.
2025-10-05 08:12:42 - INFO - Found 568 new unique games.
2025-10-05 08:12:42 - INFO - Database size: 211716 -> 212284 (+568)
2025-10-05 08:12:44 - INFO - Database saved successfully to basil_ladder_games.csv
2025-10-05 08:12:44 - INFO - Step 6: Skipping replay download.
2025-10-05 08:12:44 - INFO - ==============================
2025-10-05 08:12:44 - INFO - Automated Scrape Task Finished
2025-10-05 08:12:44 - INFO - Outcome: SUCCESS
2025-10-05 08:12:44 - INFO - Total Duration: 145.36 seconds
2025-10-05 08:12:44 - INFO - ==============================
2025-10-05 20:08:55 - INFO - ==============================
2025-10-05 20:08:55 - INFO - Starting Automated Scrape Task
2025-10-05 20:08:55 - INFO - Download replays: Disabled
2025-10-05 20:08:55 - INFO - ==============================
2025-10-05 20:08:55 - INFO - Step 1: Loading existing game data...
2025-10-05 20:08:55 - INFO - Loading existing games data from basil_ladder_games.csv
2025-10-05 20:08:55 - INFO - Loaded 212284 games from existing database.
2025-10-05 20:08:55 - INFO - Step 2: Skipping syncing replay status.
2025-10-05 20:08:55 - INFO - Step 3: Fetching bot ratings...
2025-10-05 20:08:55 - INFO - Fetching master rating list from https://data.basil-ladder.net/stats/ranking.json...
2025-10-05 20:08:56 - INFO - Successfully loaded ratings for 292 bots from JSON.
2025-10-05 20:08:56 - INFO - Step 4: Extracting new games from BASIL ladder...
2025-10-05 20:08:56 - INFO - Fetching latest games from BASIL Ladder (Last 24h)...
2025-10-05 20:09:03 - INFO - Navigating to https://basil.bytekeeper.org/...
2025-10-05 20:09:04 - INFO - Waiting for page to load...
2025-10-05 20:09:04 - INFO - Clicking 'Last 24h' button...
2025-10-05 20:09:07 - INFO - Found 1150 games in the table
2025-10-05 20:10:09 - INFO - Browser closed.
2025-10-05 20:10:09 - INFO - Extracted data for 1150 games from the page.
2025-10-05 20:10:09 - INFO - Step 5: Updating games database with new games...
2025-10-05 20:10:09 - INFO - Attempting to update game database with newly scraped games...
2025-10-05 20:10:09 - INFO - Existing games in database: 212284
2025-10-05 20:10:09 - INFO - New games scraped: 1150
2025-10-05 20:11:16 - INFO - Found and skipped 590 duplicate game(s) already present in the database.
2025-10-05 20:11:16 - INFO - Found 560 new unique games.
2025-10-05 20:11:16 - INFO - Database size: 212284 -> 212844 (+560)
2025-10-05 20:11:18 - INFO - Database saved successfully to basil_ladder_games.csv
2025-10-05 20:11:18 - INFO - Step 6: Skipping replay download.
2025-10-05 20:11:18 - INFO - ==============================
2025-10-05 20:11:18 - INFO - Automated Scrape Task Finished
2025-10-05 20:11:18 - INFO - Outcome: SUCCESS
2025-10-05 20:11:18 - INFO - Total Duration: 143.05 seconds
2025-10-05 20:11:18 - INFO - ==============================
2025-10-06 08:13:09 - INFO - ==============================
2025-10-06 08:13:09 - INFO - Starting Automated Scrape Task
2025-10-06 08:13:09 - INFO - Download replays: Disabled
2025-10-06 08:13:09 - INFO - ==============================
2025-10-06 08:13:09 - INFO - Step 1: Loading existing game data...
2025-10-06 08:13:09 - INFO - Loading existing games data from basil_ladder_games.csv
2025-10-06 08:13:09 - INFO - Loaded 212844 games from existing database.
2025-10-06 08:13:09 - INFO - Step 2: Skipping syncing replay status.
2025-10-06 08:13:09 - INFO - Step 3: Fetching bot ratings...
2025-10-06 08:13:09 - INFO - Fetching master rating list from https://data.basil-ladder.net/stats/ranking.json...
2025-10-06 08:13:10 - INFO - Successfully loaded ratings for 292 bots from JSON.
2025-10-06 08:13:10 - INFO - Step 4: Extracting new games from BASIL ladder...
2025-10-06 08:13:10 - INFO - Fetching latest games from BASIL Ladder (Last 24h)...
2025-10-06 08:13:39 - INFO - Navigating to https://basil.bytekeeper.org/...
2025-10-06 08:13:42 - INFO - Waiting for page to load...
2025-10-06 08:13:42 - INFO - Clicking 'Last 24h' button...
2025-10-06 08:13:46 - INFO - Found 1138 games in the table
2025-10-06 08:14:46 - INFO - Browser closed.
2025-10-06 08:14:46 - INFO - Extracted data for 1138 games from the page.
2025-10-06 08:14:46 - INFO - Step 5: Updating games database with new games...
2025-10-06 08:14:46 - INFO - Attempting to update game database with newly scraped games...
2025-10-06 08:14:46 - INFO - Existing games in database: 212844
2025-10-06 08:14:46 - INFO - New games scraped: 1138
2025-10-06 08:15:51 - INFO - Found and skipped 583 duplicate game(s) already present in the database.
2025-10-06 08:15:51 - INFO - Found 555 new unique games.
2025-10-06 08:15:51 - INFO - Database size: 212844 -> 213399 (+555)
2025-10-06 08:15:52 - INFO - Database saved successfully to basil_ladder_games.csv
2025-10-06 08:15:52 - INFO - Step 6: Skipping replay download.
2025-10-06 08:15:52 - INFO - ==============================
2025-10-06 08:15:52 - INFO - Automated Scrape Task Finished
2025-10-06 08:15:52 - INFO - Outcome: SUCCESS
2025-10-06 08:15:52 - INFO - Total Duration: 163.61 seconds
2025-10-06 08:15:52 - INFO - ==============================
2025-10-06 20:09:30 - INFO - ==============================
2025-10-06 20:09:30 - INFO - Starting Automated Scrape Task
2025-10-06 20:09:30 - INFO - Download replays: Disabled
2025-10-06 20:09:30 - INFO - ==============================
2025-10-06 20:09:30 - INFO - Step 1: Loading existing game data...
2025-10-06 20:09:30 - INFO - Loading existing games data from basil_ladder_games.csv
2025-10-06 20:09:31 - INFO - Loaded 213399 games from existing database.
2025-10-06 20:09:31 - INFO - Step 2: Skipping syncing replay status.
2025-10-06 20:09:31 - INFO - Step 3: Fetching bot ratings...
2025-10-06 20:09:31 - INFO - Fetching master rating list from https://data.basil-ladder.net/stats/ranking.json...
2025-10-06 20:09:31 - INFO - Successfully loaded ratings for 292 bots from JSON.
2025-10-06 20:09:31 - INFO - Step 4: Extracting new games from BASIL ladder...
2025-10-06 20:09:31 - INFO - Fetching latest games from BASIL Ladder (Last 24h)...
2025-10-06 20:09:34 - INFO - Navigating to https://basil.bytekeeper.org/...
2025-10-06 20:09:35 - INFO - Waiting for page to load...
2025-10-06 20:09:35 - INFO - Clicking 'Last 24h' button...
2025-10-06 20:09:38 - INFO - Found 1157 games in the table
2025-10-06 20:10:41 - INFO - Browser closed.
2025-10-06 20:10:41 - INFO - Extracted data for 1157 games from the page.
2025-10-06 20:10:41 - INFO - Step 5: Updating games database with new games...
2025-10-06 20:10:41 - INFO - Attempting to update game database with newly scraped games...
2025-10-06 20:10:41 - INFO - Existing games in database: 213399
2025-10-06 20:10:41 - INFO - New games scraped: 1157
2025-10-06 20:11:47 - INFO - Found and skipped 576 duplicate game(s) already present in the database.
2025-10-06 20:11:47 - INFO - Found 581 new unique games.
2025-10-06 20:11:47 - INFO - Database size: 213399 -> 213980 (+581)
2025-10-06 20:11:49 - INFO - Database saved successfully to basil_ladder_games.csv
2025-10-06 20:11:49 - INFO - Step 6: Skipping replay download.
2025-10-06 20:11:49 - INFO - ==============================
2025-10-06 20:11:49 - INFO - Automated Scrape Task Finished
2025-10-06 20:11:49 - INFO - Outcome: SUCCESS
2025-10-06 20:11:49 - INFO - Total Duration: 138.53 seconds
2025-10-06 20:11:49 - INFO - ==============================
2025-10-07 08:13:04 - INFO - ==============================
2025-10-07 08:13:04 - INFO - Starting Automated Scrape Task
2025-10-07 08:13:04 - INFO - Download replays: Disabled
2025-10-07 08:13:04 - INFO - ==============================
2025-10-07 08:13:04 - INFO - Step 1: Loading existing game data...
2025-10-07 08:13:04 - INFO - Loading existing games data from basil_ladder_games.csv
2025-10-07 08:13:05 - INFO - Loaded 213980 games from existing database.
2025-10-07 08:13:05 - INFO - Step 2: Skipping syncing replay status.
2025-10-07 08:13:05 - INFO - Step 3: Fetching bot ratings...
2025-10-07 08:13:05 - INFO - Fetching master rating list from https://data.basil-ladder.net/stats/ranking.json...
2025-10-07 08:13:05 - INFO - Successfully loaded ratings for 292 bots from JSON.
2025-10-07 08:13:05 - INFO - Step 4: Extracting new games from BASIL ladder...
2025-10-07 08:13:05 - INFO - Fetching latest games from BASIL Ladder (Last 24h)...
2025-10-07 08:13:12 - INFO - Navigating to https://basil.bytekeeper.org/...
2025-10-07 08:13:13 - INFO - Waiting for page to load...
2025-10-07 08:13:13 - INFO - Clicking 'Last 24h' button...
2025-10-07 08:13:17 - INFO - Found 1127 games in the table
2025-10-07 08:14:15 - INFO - Browser closed.
2025-10-07 08:14:15 - INFO - Extracted data for 1127 games from the page.
2025-10-07 08:14:15 - INFO - Step 5: Updating games database with new games...
2025-10-07 08:14:15 - INFO - Attempting to update game database with newly scraped games...
2025-10-07 08:14:15 - INFO - Existing games in database: 213980
2025-10-07 08:14:15 - INFO - New games scraped: 1127
2025-10-07 08:15:20 - INFO - Found and skipped 597 duplicate game(s) already present in the database.
2025-10-07 08:15:20 - INFO - Found 530 new unique games.
2025-10-07 08:15:20 - INFO - Database size: 213980 -> 214510 (+530)
2025-10-07 08:15:21 - INFO - Database saved successfully to basil_ladder_games.csv
2025-10-07 08:15:21 - INFO - Step 6: Skipping replay download.
2025-10-07 08:15:21 - INFO - ==============================
2025-10-07 08:15:21 - INFO - Automated Scrape Task Finished
2025-10-07 08:15:21 - INFO - Outcome: SUCCESS
2025-10-07 08:15:21 - INFO - Total Duration: 137.19 seconds
2025-10-07 08:15:21 - INFO - ==============================
2025-10-07 20:09:25 - INFO - ==============================
2025-10-07 20:09:25 - INFO - Starting Automated Scrape Task
2025-10-07 20:09:25 - INFO - Download replays: Disabled
2025-10-07 20:09:25 - INFO - ==============================
2025-10-07 20:09:25 - INFO - Step 1: Loading existing game data...
2025-10-07 20:09:25 - INFO - Loading existing games data from basil_ladder_games.csv
2025-10-07 20:09:25 - INFO - Loaded 214510 games from existing database.
2025-10-07 20:09:25 - INFO - Step 2: Skipping syncing replay status.
2025-10-07 20:09:25 - INFO - Step 3: Fetching bot ratings...
2025-10-07 20:09:25 - INFO - Fetching master rating list from https://data.basil-ladder.net/stats/ranking.json...
2025-10-07 20:09:26 - INFO - Successfully loaded ratings for 292 bots from JSON.
2025-10-07 20:09:26 - INFO - Step 4: Extracting new games from BASIL ladder...
2025-10-07 20:09:26 - INFO - Fetching latest games from BASIL Ladder (Last 24h)...
2025-10-07 20:09:32 - INFO - Navigating to https://basil.bytekeeper.org/...
2025-10-07 20:09:33 - INFO - Waiting for page to load...
2025-10-07 20:09:33 - INFO - Clicking 'Last 24h' button...
2025-10-07 20:09:37 - INFO - Found 1102 games in the table
2025-10-07 20:10:35 - INFO - Browser closed.
2025-10-07 20:10:35 - INFO - Extracted data for 1102 games from the page.
2025-10-07 20:10:35 - INFO - Step 5: Updating games database with new games...
2025-10-07 20:10:35 - INFO - Attempting to update game database with newly scraped games...
2025-10-07 20:10:35 - INFO - Existing games in database: 214510
2025-10-07 20:10:35 - INFO - New games scraped: 1102
2025-10-07 20:11:44 - INFO - Found and skipped 577 duplicate game(s) already present in the database.
2025-10-07 20:11:44 - INFO - Found 525 new unique games.
2025-10-07 20:11:44 - INFO - Database size: 214510 -> 215035 (+525)
2025-10-07 20:11:45 - INFO - Database saved successfully to basil_ladder_games.csv
2025-10-07 20:11:45 - INFO - Step 6: Skipping replay download.
2025-10-07 20:11:45 - INFO - ==============================
2025-10-07 20:11:45 - INFO - Automated Scrape Task Finished
2025-10-07 20:11:45 - INFO - Outcome: SUCCESS
2025-10-07 20:11:45 - INFO - Total Duration: 139.96 seconds
2025-10-07 20:11:45 - INFO - ==============================
2025-10-08 08:13:21 - INFO - ==============================
2025-10-08 08:13:21 - INFO - Starting Automated Scrape Task
2025-10-08 08:13:21 - INFO - Download replays: Disabled
2025-10-08 08:13:21 - INFO - ==============================
2025-10-08 08:13:21 - INFO - Step 1: Loading existing game data...
2025-10-08 08:13:21 - INFO - Loading existing games data from basil_ladder_games.csv
2025-10-08 08:13:21 - INFO - Loaded 215035 games from existing database.
2025-10-08 08:13:21 - INFO - Step 2: Skipping syncing replay status.
2025-10-08 08:13:21 - INFO - Step 3: Fetching bot ratings...
2025-10-08 08:13:21 - INFO - Fetching master rating list from https://data.basil-ladder.net/stats/ranking.json...
2025-10-08 08:13:22 - INFO - Successfully loaded ratings for 292 bots from JSON.
2025-10-08 08:13:22 - INFO - Step 4: Extracting new games from BASIL ladder...
2025-10-08 08:13:22 - INFO - Fetching latest games from BASIL Ladder (Last 24h)...
2025-10-08 08:13:29 - INFO - Navigating to https://basil.bytekeeper.org/...
2025-10-08 08:13:30 - INFO - Waiting for page to load...
2025-10-08 08:13:30 - INFO - Clicking 'Last 24h' button...
2025-10-08 08:13:34 - INFO - Found 1107 games in the table
2025-10-08 08:14:32 - INFO - Browser closed.
2025-10-08 08:14:32 - INFO - Extracted data for 1107 games from the page.
2025-10-08 08:14:32 - INFO - Step 5: Updating games database with new games...
2025-10-08 08:14:32 - INFO - Attempting to update game database with newly scraped games...
2025-10-08 08:14:32 - INFO - Existing games in database: 215035
2025-10-08 08:14:32 - INFO - New games scraped: 1107
2025-10-08 08:15:36 - INFO - Found and skipped 545 duplicate game(s) already present in the database.
2025-10-08 08:15:36 - INFO - Found 562 new unique games.
2025-10-08 08:15:36 - INFO - Database size: 215035 -> 215597 (+562)
2025-10-08 08:15:37 - INFO - Database saved successfully to basil_ladder_games.csv
2025-10-08 08:15:37 - INFO - Step 6: Skipping replay download.
2025-10-08 08:15:37 - INFO - ==============================
2025-10-08 08:15:37 - INFO - Automated Scrape Task Finished
2025-10-08 08:15:37 - INFO - Outcome: SUCCESS
2025-10-08 08:15:37 - INFO - Total Duration: 136.13 seconds
2025-10-08 08:15:37 - INFO - ==============================
2025-10-08 20:10:02 - INFO - ==============================
2025-10-08 20:10:02 - INFO - Starting Automated Scrape Task
2025-10-08 20:10:02 - INFO - Download replays: Disabled
2025-10-08 20:10:02 - INFO - ==============================
2025-10-08 20:10:02 - INFO - Step 1: Loading existing game data...
2025-10-08 20:10:02 - INFO - Loading existing games data from basil_ladder_games.csv
2025-10-08 20:10:03 - INFO - Loaded 215597 games from existing database.
2025-10-08 20:10:03 - INFO - Step 2: Skipping syncing replay status.
2025-10-08 20:10:03 - INFO - Step 3: Fetching bot ratings...
2025-10-08 20:10:03 - INFO - Fetching master rating list from https://data.basil-ladder.net/stats/ranking.json...
2025-10-08 20:10:04 - INFO - Successfully loaded ratings for 292 bots from JSON.
2025-10-08 20:10:04 - INFO - Step 4: Extracting new games from BASIL ladder...
2025-10-08 20:10:04 - INFO - Fetching latest games from BASIL Ladder (Last 24h)...
2025-10-08 20:10:14 - INFO - Navigating to https://basil.bytekeeper.org/...
2025-10-08 20:10:15 - INFO - Waiting for page to load...
2025-10-08 20:10:15 - INFO - Clicking 'Last 24h' button...
2025-10-08 20:10:19 - INFO - Found 1099 games in the table
2025-10-08 20:11:17 - INFO - Browser closed.
2025-10-08 20:11:17 - INFO - Extracted data for 1099 games from the page.
2025-10-08 20:11:17 - INFO - Step 5: Updating games database with new games...
2025-10-08 20:11:17 - INFO - Attempting to update game database with newly scraped games...
2025-10-08 20:11:17 - INFO - Existing games in database: 215597
2025-10-08 20:11:17 - INFO - New games scraped: 1099
2025-10-08 20:12:21 - INFO - Found and skipped 564 duplicate game(s) already present in the database.
2025-10-08 20:12:21 - INFO - Found 535 new unique games.
2025-10-08 20:12:21 - INFO - Database size: 215597 -> 216132 (+535)
2025-10-08 20:12:22 - INFO - Database saved successfully to basil_ladder_games.csv
2025-10-08 20:12:22 - INFO - Step 6: Skipping replay download.
2025-10-08 20:12:22 - INFO - ==============================
2025-10-08 20:12:22 - INFO - Automated Scrape Task Finished
2025-10-08 20:12:22 - INFO - Outcome: SUCCESS
2025-10-08 20:12:22 - INFO - Total Duration: 139.93 seconds
2025-10-08 20:12:22 - INFO - ==============================
2025-10-09 08:12:38 - INFO - ==============================
2025-10-09 08:12:38 - INFO - Starting Automated Scrape Task
2025-10-09 08:12:38 - INFO - Download replays: Disabled
2025-10-09 08:12:38 - INFO - ==============================
2025-10-09 08:12:38 - INFO - Step 1: Loading existing game data...
2025-10-09 08:12:38 - INFO - Loading existing games data from basil_ladder_games.csv
2025-10-09 08:12:39 - INFO - Loaded 216132 games from existing database.
2025-10-09 08:12:39 - INFO - Step 2: Skipping syncing replay status.
2025-10-09 08:12:39 - INFO - Step 3: Fetching bot ratings...
2025-10-09 08:12:39 - INFO - Fetching master rating list from https://data.basil-ladder.net/stats/ranking.json...
2025-10-09 08:12:39 - INFO - Successfully loaded ratings for 292 bots from JSON.
2025-10-09 08:12:39 - INFO - Step 4: Extracting new games from BASIL ladder...
2025-10-09 08:12:39 - INFO - Fetching latest games from BASIL Ladder (Last 24h)...
2025-10-09 08:12:50 - INFO - Navigating to https://basil.bytekeeper.org/...
2025-10-09 08:12:51 - INFO - Waiting for page to load...
2025-10-09 08:12:51 - INFO - Clicking 'Last 24h' button...
2025-10-09 08:12:55 - INFO - Found 1119 games in the table
2025-10-09 08:14:00 - INFO - Browser closed.
2025-10-09 08:14:00 - INFO - Extracted data for 1119 games from the page.
2025-10-09 08:14:00 - INFO - Step 5: Updating games database with new games...
2025-10-09 08:14:00 - INFO - Attempting to update game database with newly scraped games...
2025-10-09 08:14:00 - INFO - Existing games in database: 216132
2025-10-09 08:14:00 - INFO - New games scraped: 1119
2025-10-09 08:15:06 - INFO - Found and skipped 565 duplicate game(s) already present in the database.
2025-10-09 08:15:06 - INFO - Found 554 new unique games.
2025-10-09 08:15:06 - INFO - Database size: 216132 -> 216686 (+554)
2025-10-09 08:15:08 - INFO - Database saved successfully to basil_ladder_games.csv
2025-10-09 08:15:08 - INFO - Step 6: Skipping replay download.
2025-10-09 08:15:08 - INFO - ==============================
2025-10-09 08:15:08 - INFO - Automated Scrape Task Finished
2025-10-09 08:15:08 - INFO - Outcome: SUCCESS
2025-10-09 08:15:08 - INFO - Total Duration: 149.49 seconds
2025-10-09 08:15:08 - INFO - ==============================
2025-10-09 20:09:46 - INFO - ==============================
2025-10-09 20:09:46 - INFO - Starting Automated Scrape Task
2025-10-09 20:09:46 - INFO - Download replays: Disabled
2025-10-09 20:09:46 - INFO - ==============================
2025-10-09 20:09:46 - INFO - Step 1: Loading existing game data...
2025-10-09 20:09:46 - INFO - Loading existing games data from basil_ladder_games.csv
2025-10-09 20:09:46 - INFO - Loaded 216686 games from existing database.
2025-10-09 20:09:46 - INFO - Step 2: Skipping syncing replay status.
2025-10-09 20:09:46 - INFO - Step 3: Fetching bot ratings...
2025-10-09 20:09:46 - INFO - Fetching master rating list from https://data.basil-ladder.net/stats/ranking.json...
2025-10-09 20:09:47 - INFO - Successfully loaded ratings for 292 bots from JSON.
2025-10-09 20:09:47 - INFO - Step 4: Extracting new games from BASIL ladder...
2025-10-09 20:09:47 - INFO - Fetching latest games from BASIL Ladder (Last 24h)...
2025-10-09 20:09:48 - INFO - Navigating to https://basil.bytekeeper.org/...
2025-10-09 20:09:49 - INFO - Waiting for page to load...
2025-10-09 20:09:49 - INFO - Clicking 'Last 24h' button...
2025-10-09 20:09:52 - INFO - Found 1124 games in the table
2025-10-09 20:10:53 - INFO - Browser closed.
2025-10-09 20:10:53 - INFO - Extracted data for 1124 games from the page.
2025-10-09 20:10:53 - INFO - Step 5: Updating games database with new games...
2025-10-09 20:10:53 - INFO - Attempting to update game database with newly scraped games...
2025-10-09 20:10:53 - INFO - Existing games in database: 216686
2025-10-09 20:10:53 - INFO - New games scraped: 1124
2025-10-09 20:12:00 - INFO - Found and skipped 588 duplicate game(s) already present in the database.
2025-10-09 20:12:00 - INFO - Found 536 new unique games.
2025-10-09 20:12:00 - INFO - Database size: 216686 -> 217222 (+536)
2025-10-09 20:12:01 - INFO - Database saved successfully to basil_ladder_games.csv
2025-10-09 20:12:01 - INFO - Step 6: Skipping replay download.
2025-10-09 20:12:01 - INFO - ==============================
2025-10-09 20:12:01 - INFO - Automated Scrape Task Finished
2025-10-09 20:12:01 - INFO - Outcome: SUCCESS
2025-10-09 20:12:01 - INFO - Total Duration: 134.85 seconds
2025-10-09 20:12:01 - INFO - ==============================
2025-10-10 08:12:58 - INFO - ==============================
2025-10-10 08:12:58 - INFO - Starting Automated Scrape Task
2025-10-10 08:12:58 - INFO - Download replays: Disabled
2025-10-10 08:12:58 - INFO - ==============================
2025-10-10 08:12:58 - INFO - Step 1: Loading existing game data...
2025-10-10 08:12:58 - INFO - Loading existing games data from basil_ladder_games.csv
2025-10-10 08:12:58 - INFO - Loaded 217222 games from existing database.
2025-10-10 08:12:58 - INFO - Step 2: Skipping syncing replay status.
2025-10-10 08:12:58 - INFO - Step 3: Fetching bot ratings...
2025-10-10 08:12:58 - INFO - Fetching master rating list from https://data.basil-ladder.net/stats/ranking.json...
2025-10-10 08:12:59 - INFO - Successfully loaded ratings for 292 bots from JSON.
2025-10-10 08:12:59 - INFO - Step 4: Extracting new games from BASIL ladder...
2025-10-10 08:12:59 - INFO - Fetching latest games from BASIL Ladder (Last 24h)...
2025-10-10 08:13:08 - INFO - Navigating to https://basil.bytekeeper.org/...
2025-10-10 08:13:09 - INFO - Waiting for page to load...
2025-10-10 08:13:09 - INFO - Clicking 'Last 24h' button...
2025-10-10 08:13:13 - INFO - Found 1103 games in the table
2025-10-10 08:14:13 - INFO - Browser closed.
2025-10-10 08:14:13 - INFO - Extracted data for 1103 games from the page.
2025-10-10 08:14:13 - INFO - Step 5: Updating games database with new games...
2025-10-10 08:14:13 - INFO - Attempting to update game database with newly scraped games...
2025-10-10 08:14:13 - INFO - Existing games in database: 217222
2025-10-10 08:14:13 - INFO - New games scraped: 1103
2025-10-10 08:15:17 - INFO - Found and skipped 559 duplicate game(s) already present in the database.
2025-10-10 08:15:17 - INFO - Found 544 new unique games.
2025-10-10 08:15:17 - INFO - Database size: 217222 -> 217766 (+544)
2025-10-10 08:15:18 - INFO - Database saved successfully to basil_ladder_games.csv
2025-10-10 08:15:18 - INFO - Step 6: Skipping replay download.
2025-10-10 08:15:18 - INFO - ==============================
2025-10-10 08:15:18 - INFO - Automated Scrape Task Finished
2025-10-10 08:15:18 - INFO - Outcome: SUCCESS
2025-10-10 08:15:18 - INFO - Total Duration: 140.37 seconds
2025-10-10 08:15:18 - INFO - ==============================
2025-10-10 20:09:45 - INFO - ==============================
2025-10-10 20:09:45 - INFO - Starting Automated Scrape Task
2025-10-10 20:09:45 - INFO - Download replays: Disabled
2025-10-10 20:09:45 - INFO - ==============================
2025-10-10 20:09:45 - INFO - Step 1: Loading existing game data...
2025-10-10 20:09:45 - INFO - Loading existing games data from basil_ladder_games.csv
2025-10-10 20:09:45 - INFO - Loaded 217766 games from existing database.
2025-10-10 20:09:45 - INFO - Step 2: Skipping syncing replay status.
2025-10-10 20:09:45 - INFO - Step 3: Fetching bot ratings...
2025-10-10 20:09:45 - INFO - Fetching master rating list from https://data.basil-ladder.net/stats/ranking.json...
2025-10-10 20:09:46 - INFO - Successfully loaded ratings for 292 bots from JSON.
2025-10-10 20:09:46 - INFO - Step 4: Extracting new games from BASIL ladder...
2025-10-10 20:09:46 - INFO - Fetching latest games from BASIL Ladder (Last 24h)...
2025-10-10 20:10:16 - INFO - Navigating to https://basil.bytekeeper.org/...
2025-10-10 20:10:18 - INFO - Waiting for page to load...
2025-10-10 20:10:18 - INFO - Clicking 'Last 24h' button...
2025-10-10 20:10:22 - INFO - Found 1106 games in the table
2025-10-10 20:11:20 - INFO - Browser closed.
2025-10-10 20:11:20 - INFO - Extracted data for 1106 games from the page.
2025-10-10 20:11:20 - INFO - Step 5: Updating games database with new games...
2025-10-10 20:11:20 - INFO - Attempting to update game database with newly scraped games...
2025-10-10 20:11:20 - INFO - Existing games in database: 217766
2025-10-10 20:11:20 - INFO - New games scraped: 1106
2025-10-10 20:12:25 - INFO - Found and skipped 561 duplicate game(s) already present in the database.
2025-10-10 20:12:25 - INFO - Found 545 new unique games.
2025-10-10 20:12:25 - INFO - Database size: 217766 -> 218311 (+545)
2025-10-10 20:12:27 - INFO - Database saved successfully to basil_ladder_games.csv
2025-10-10 20:12:27 - INFO - Step 6: Skipping replay download.
2025-10-10 20:12:27 - INFO - ==============================
2025-10-10 20:12:27 - INFO - Automated Scrape Task Finished
2025-10-10 20:12:27 - INFO - Outcome: SUCCESS
2025-10-10 20:12:27 - INFO - Total Duration: 161.90 seconds
2025-10-10 20:12:27 - INFO - ==============================
2025-10-11 08:10:37 - INFO - ==============================
2025-10-11 08:10:37 - INFO - Starting Automated Scrape Task
2025-10-11 08:10:37 - INFO - Download replays: Disabled
2025-10-11 08:10:37 - INFO - ==============================
2025-10-11 08:10:37 - INFO - Step 1: Loading existing game data...
2025-10-11 08:10:37 - INFO - Loading existing games data from basil_ladder_games.csv
2025-10-11 08:10:37 - INFO - Loaded 218311 games from existing database.
2025-10-11 08:10:37 - INFO - Step 2: Skipping syncing replay status.
2025-10-11 08:10:37 - INFO - Step 3: Fetching bot ratings...
2025-10-11 08:10:37 - INFO - Fetching master rating list from https://data.basil-ladder.net/stats/ranking.json...
2025-10-11 08:10:38 - INFO - Successfully loaded ratings for 292 bots from JSON.
2025-10-11 08:10:38 - INFO - Step 4: Extracting new games from BASIL ladder...
2025-10-11 08:10:38 - INFO - Fetching latest games from BASIL Ladder (Last 24h)...
2025-10-11 08:10:45 - INFO - Navigating to https://basil.bytekeeper.org/...
2025-10-11 08:10:46 - INFO - Waiting for page to load...
2025-10-11 08:10:46 - INFO - Clicking 'Last 24h' button...
2025-10-11 08:10:49 - INFO - Found 1128 games in the table
2025-10-11 08:11:52 - INFO - Browser closed.
2025-10-11 08:11:52 - INFO - Extracted data for 1128 games from the page.
2025-10-11 08:11:52 - INFO - Step 5: Updating games database with new games...
2025-10-11 08:11:52 - INFO - Attempting to update game database with newly scraped games...
2025-10-11 08:11:52 - INFO - Existing games in database: 218311
2025-10-11 08:11:52 - INFO - New games scraped: 1128
2025-10-11 08:12:59 - INFO - Found and skipped 563 duplicate game(s) already present in the database.
2025-10-11 08:12:59 - INFO - Found 565 new unique games.
2025-10-11 08:12:59 - INFO - Database size: 218311 -> 218876 (+565)
2025-10-11 08:13:00 - INFO - Database saved successfully to basil_ladder_games.csv
2025-10-11 08:13:00 - INFO - Step 6: Skipping replay download.
2025-10-11 08:13:00 - INFO - ==============================
2025-10-11 08:13:00 - INFO - Automated Scrape Task Finished
2025-10-11 08:13:00 - INFO - Outcome: SUCCESS
2025-10-11 08:13:00 - INFO - Total Duration: 143.73 seconds
2025-10-11 08:13:00 - INFO - ==============================
2025-10-11 20:08:08 - INFO - ==============================
2025-10-11 20:08:08 - INFO - Starting Automated Scrape Task
2025-10-11 20:08:08 - INFO - Download replays: Disabled
2025-10-11 20:08:08 - INFO - ==============================
2025-10-11 20:08:08 - INFO - Step 1: Loading existing game data...
2025-10-11 20:08:08 - INFO - Loading existing games data from basil_ladder_games.csv
2025-10-11 20:08:09 - INFO - Loaded 218876 games from existing database.
2025-10-11 20:08:09 - INFO - Step 2: Skipping syncing replay status.
2025-10-11 20:08:09 - INFO - Step 3: Fetching bot ratings...
2025-10-11 20:08:09 - INFO - Fetching master rating list from https://data.basil-ladder.net/stats/ranking.json...
2025-10-11 20:08:10 - INFO - Successfully loaded ratings for 292 bots from JSON.
2025-10-11 20:08:10 - INFO - Step 4: Extracting new games from BASIL ladder...
2025-10-11 20:08:10 - INFO - Fetching latest games from BASIL Ladder (Last 24h)...
2025-10-11 20:08:12 - INFO - Navigating to https://basil.bytekeeper.org/...
2025-10-11 20:08:12 - INFO - Waiting for page to load...
2025-10-11 20:08:12 - INFO - Clicking 'Last 24h' button...
2025-10-11 20:08:16 - INFO - Found 1143 games in the table
2025-10-11 20:09:17 - INFO - Browser closed.
2025-10-11 20:09:17 - INFO - Extracted data for 1143 games from the page.
2025-10-11 20:09:17 - INFO - Step 5: Updating games database with new games...
2025-10-11 20:09:17 - INFO - Attempting to update game database with newly scraped games...
2025-10-11 20:09:17 - INFO - Existing games in database: 218876
2025-10-11 20:09:17 - INFO - New games scraped: 1143
2025-10-11 20:10:25 - INFO - Found and skipped 588 duplicate game(s) already present in the database.
2025-10-11 20:10:25 - INFO - Found 555 new unique games.
2025-10-11 20:10:25 - INFO - Database size: 218876 -> 219431 (+555)
2025-10-11 20:10:26 - INFO - Database saved successfully to basil_ladder_games.csv
2025-10-11 20:10:26 - INFO - Step 6: Skipping replay download.
2025-10-11 20:10:26 - INFO - ==============================
2025-10-11 20:10:26 - INFO - Automated Scrape Task Finished
2025-10-11 20:10:26 - INFO - Outcome: SUCCESS
2025-10-11 20:10:26 - INFO - Total Duration: 137.71 seconds
2025-10-11 20:10:26 - INFO - ==============================
2025-10-12 08:10:35 - INFO - ==============================
2025-10-12 08:10:35 - INFO - Starting Automated Scrape Task
2025-10-12 08:10:35 - INFO - Download replays: Disabled
2025-10-12 08:10:35 - INFO - ==============================
2025-10-12 08:10:35 - INFO - Step 1: Loading existing game data...
2025-10-12 08:10:35 - INFO - Loading existing games data from basil_ladder_games.csv
2025-10-12 08:10:36 - INFO - Loaded 219431 games from existing database.
2025-10-12 08:10:36 - INFO - Step 2: Skipping syncing replay status.
2025-10-12 08:10:36 - INFO - Step 3: Fetching bot ratings...
2025-10-12 08:10:36 - INFO - Fetching master rating list from https://data.basil-ladder.net/stats/ranking.json...
2025-10-12 08:10:37 - INFO - Successfully loaded ratings for 292 bots from JSON.
2025-10-12 08:10:37 - INFO - Step 4: Extracting new games from BASIL ladder...
2025-10-12 08:10:37 - INFO - Fetching latest games from BASIL Ladder (Last 24h)...
2025-10-12 08:10:43 - INFO - Navigating to https://basil.bytekeeper.org/...
2025-10-12 08:10:44 - INFO - Waiting for page to load...
2025-10-12 08:10:44 - INFO - Clicking 'Last 24h' button...
2025-10-12 08:10:48 - INFO - Found 1130 games in the table
2025-10-12 08:11:47 - INFO - Browser closed.
2025-10-12 08:11:47 - INFO - Extracted data for 1130 games from the page.
2025-10-12 08:11:47 - INFO - Step 5: Updating games database with new games...
2025-10-12 08:11:47 - INFO - Attempting to update game database with newly scraped games...
2025-10-12 08:11:47 - INFO - Existing games in database: 219431
2025-10-12 08:11:47 - INFO - New games scraped: 1130
2025-10-12 08:12:54 - INFO - Found and skipped 578 duplicate game(s) already present in the database.
2025-10-12 08:12:54 - INFO - Found 552 new unique games.
2025-10-12 08:12:54 - INFO - Database size: 219431 -> 219983 (+552)
2025-10-12 08:12:55 - INFO - Database saved successfully to basil_ladder_games.csv
2025-10-12 08:12:55 - INFO - Step 6: Skipping replay download.
2025-10-12 08:12:55 - INFO - ==============================
2025-10-12 08:12:55 - INFO - Automated Scrape Task Finished
2025-10-12 08:12:55 - INFO - Outcome: SUCCESS
2025-10-12 08:12:55 - INFO - Total Duration: 140.16 seconds
2025-10-12 08:12:55 - INFO - ==============================
2025-10-12 20:09:14 - INFO - ==============================
2025-10-12 20:09:14 - INFO - Starting Automated Scrape Task
2025-10-12 20:09:14 - INFO - Download replays: Disabled
2025-10-12 20:09:14 - INFO - ==============================
2025-10-12 20:09:14 - INFO - Step 1: Loading existing game data...
2025-10-12 20:09:14 - INFO - Loading existing games data from basil_ladder_games.csv
2025-10-12 20:09:15 - INFO - Loaded 219983 games from existing database.
2025-10-12 20:09:15 - INFO - Step 2: Skipping syncing replay status.
2025-10-12 20:09:15 - INFO - Step 3: Fetching bot ratings...
2025-10-12 20:09:15 - INFO - Fetching master rating list from https://data.basil-ladder.net/stats/ranking.json...
2025-10-12 20:09:15 - INFO - Successfully loaded ratings for 292 bots from JSON.
2025-10-12 20:09:15 - INFO - Step 4: Extracting new games from BASIL ladder...
2025-10-12 20:09:15 - INFO - Fetching latest games from BASIL Ladder (Last 24h)...
2025-10-12 20:09:17 - INFO - Navigating to https://basil.bytekeeper.org/...
2025-10-12 20:09:17 - INFO - Waiting for page to load...
2025-10-12 20:09:17 - INFO - Clicking 'Last 24h' button...
2025-10-12 20:09:21 - INFO - Found 1136 games in the table
2025-10-12 20:10:22 - INFO - Browser closed.
2025-10-12 20:10:22 - INFO - Extracted data for 1136 games from the page.
2025-10-12 20:10:22 - INFO - Step 5: Updating games database with new games...
2025-10-12 20:10:22 - INFO - Attempting to update game database with newly scraped games...
2025-10-12 20:10:22 - INFO - Existing games in database: 219983
2025-10-12 20:10:22 - INFO - New games scraped: 1136
2025-10-12 20:11:29 - INFO - Found and skipped 578 duplicate game(s) already present in the database.
2025-10-12 20:11:29 - INFO - Found 558 new unique games.
2025-10-12 20:11:29 - INFO - Database size: 219983 -> 220541 (+558)
2025-10-12 20:11:31 - INFO - Database saved successfully to basil_ladder_games.csv
2025-10-12 20:11:31 - INFO - Step 6: Skipping replay download.
2025-10-12 20:11:31 - INFO - ==============================
2025-10-12 20:11:31 - INFO - Automated Scrape Task Finished
2025-10-12 20:11:31 - INFO - Outcome: SUCCESS
2025-10-12 20:11:31 - INFO - Total Duration: 136.53 seconds
2025-10-12 20:11:31 - INFO - ==============================
2025-10-13 08:14:30 - INFO - ==============================
2025-10-13 08:14:30 - INFO - Starting Automated Scrape Task
2025-10-13 08:14:30 - INFO - Download replays: Disabled
2025-10-13 08:14:30 - INFO - ==============================
2025-10-13 08:14:30 - INFO - Step 1: Loading existing game data...
2025-10-13 08:14:30 - INFO - Loading existing games data from basil_ladder_games.csv
2025-10-13 08:14:30 - INFO - Loaded 220541 games from existing database.
2025-10-13 08:14:30 - INFO - Step 2: Skipping syncing replay status.
2025-10-13 08:14:30 - INFO - Step 3: Fetching bot ratings...
2025-10-13 08:14:30 - INFO - Fetching master rating list from https://data.basil-ladder.net/stats/ranking.json...
2025-10-13 08:14:31 - INFO - Successfully loaded ratings for 292 bots from JSON.
2025-10-13 08:14:31 - INFO - Step 4: Extracting new games from BASIL ladder...
2025-10-13 08:14:31 - INFO - Fetching latest games from BASIL Ladder (Last 24h)...
2025-10-13 08:14:44 - INFO - Navigating to https://basil.bytekeeper.org/...
2025-10-13 08:14:45 - INFO - Waiting for page to load...
2025-10-13 08:14:45 - INFO - Clicking 'Last 24h' button...
2025-10-13 08:14:48 - INFO - Found 1141 games in the table
2025-10-13 08:15:49 - INFO - Browser closed.
2025-10-13 08:15:49 - INFO - Extracted data for 1141 games from the page.
2025-10-13 08:15:49 - INFO - Step 5: Updating games database with new games...
2025-10-13 08:15:49 - INFO - Attempting to update game database with newly scraped games...
2025-10-13 08:15:49 - INFO - Existing games in database: 220541
2025-10-13 08:15:49 - INFO - New games scraped: 1141
2025-10-13 08:16:57 - INFO - Found and skipped 581 duplicate game(s) already present in the database.
2025-10-13 08:16:57 - INFO - Found 560 new unique games.
2025-10-13 08:16:57 - INFO - Database size: 220541 -> 221101 (+560)
2025-10-13 08:16:58 - INFO - Database saved successfully to basil_ladder_games.csv
2025-10-13 08:16:58 - INFO - Step 6: Skipping replay download.
2025-10-13 08:16:58 - INFO - ==============================
2025-10-13 08:16:58 - INFO - Automated Scrape Task Finished
2025-10-13 08:16:58 - INFO - Outcome: SUCCESS
2025-10-13 08:16:58 - INFO - Total Duration: 148.51 seconds
2025-10-13 08:16:58 - INFO - ==============================
2025-10-13 20:10:12 - INFO - ==============================
2025-10-13 20:10:12 - INFO - Starting Automated Scrape Task
2025-10-13 20:10:12 - INFO - Download replays: Disabled
2025-10-13 20:10:12 - INFO - ==============================
2025-10-13 20:10:12 - INFO - Step 1: Loading existing game data...
2025-10-13 20:10:12 - INFO - Loading existing games data from basil_ladder_games.csv
2025-10-13 20:10:13 - INFO - Loaded 221101 games from existing database.
2025-10-13 20:10:13 - INFO - Step 2: Skipping syncing replay status.
2025-10-13 20:10:13 - INFO - Step 3: Fetching bot ratings...
2025-10-13 20:10:13 - INFO - Fetching master rating list from https://data.basil-ladder.net/stats/ranking.json...
2025-10-13 20:10:13 - INFO - Successfully loaded ratings for 292 bots from JSON.
2025-10-13 20:10:13 - INFO - Step 4: Extracting new games from BASIL ladder...
2025-10-13 20:10:13 - INFO - Fetching latest games from BASIL Ladder (Last 24h)...
2025-10-13 20:10:21 - INFO - Navigating to https://basil.bytekeeper.org/...
2025-10-13 20:10:22 - INFO - Waiting for page to load...
2025-10-13 20:10:22 - INFO - Clicking 'Last 24h' button...
2025-10-13 20:10:25 - INFO - Found 1147 games in the table
2025-10-13 20:11:32 - INFO - Browser closed.
2025-10-13 20:11:32 - INFO - Extracted data for 1147 games from the page.
2025-10-13 20:11:32 - INFO - Step 5: Updating games database with new games...
2025-10-13 20:11:32 - INFO - Attempting to update game database with newly scraped games...
2025-10-13 20:11:32 - INFO - Existing games in database: 221101
2025-10-13 20:11:32 - INFO - New games scraped: 1147
2025-10-13 20:12:42 - INFO - Found and skipped 584 duplicate game(s) already present in the database.
2025-10-13 20:12:42 - INFO - Found 563 new unique games.
2025-10-13 20:12:42 - INFO - Database size: 221101 -> 221664 (+563)
2025-10-13 20:12:43 - INFO - Database saved successfully to basil_ladder_games.csv
2025-10-13 20:12:43 - INFO - Step 6: Skipping replay download.
2025-10-13 20:12:43 - INFO - ==============================
2025-10-13 20:12:43 - INFO - Automated Scrape Task Finished
2025-10-13 20:12:43 - INFO - Outcome: SUCCESS
2025-10-13 20:12:43 - INFO - Total Duration: 150.64 seconds
2025-10-13 20:12:43 - INFO - ==============================
2025-10-14 08:11:42 - INFO - ==============================
2025-10-14 08:11:42 - INFO - Starting Automated Scrape Task
2025-10-14 08:11:42 - INFO - Download replays: Disabled
2025-10-14 08:11:42 - INFO - ==============================
2025-10-14 08:11:42 - INFO - Step 1: Loading existing game data...
2025-10-14 08:11:42 - INFO - Loading existing games data from basil_ladder_games.csv
2025-10-14 08:11:43 - INFO - Loaded 221664 games from existing database.
2025-10-14 08:11:43 - INFO - Step 2: Skipping syncing replay status.
2025-10-14 08:11:43 - INFO - Step 3: Fetching bot ratings...
2025-10-14 08:11:43 - INFO - Fetching master rating list from https://data.basil-ladder.net/stats/ranking.json...
2025-10-14 08:11:43 - INFO - Successfully loaded ratings for 292 bots from JSON.
2025-10-14 08:11:43 - INFO - Step 4: Extracting new games from BASIL ladder...
2025-10-14 08:11:43 - INFO - Fetching latest games from BASIL Ladder (Last 24h)...
2025-10-14 08:11:52 - INFO - Navigating to https://basil.bytekeeper.org/...
2025-10-14 08:11:53 - INFO - Waiting for page to load...
2025-10-14 08:11:53 - INFO - Clicking 'Last 24h' button...
2025-10-14 08:11:56 - INFO - Found 1147 games in the table
2025-10-14 08:12:58 - INFO - Browser closed.
2025-10-14 08:12:58 - INFO - Extracted data for 1147 games from the page.
2025-10-14 08:12:58 - INFO - Step 5: Updating games database with new games...
2025-10-14 08:12:58 - INFO - Attempting to update game database with newly scraped games...
2025-10-14 08:12:58 - INFO - Existing games in database: 221664
2025-10-14 08:12:58 - INFO - New games scraped: 1147
2025-10-14 08:14:07 - INFO - Found and skipped 589 duplicate game(s) already present in the database.
2025-10-14 08:14:07 - INFO - Found 558 new unique games.
2025-10-14 08:14:07 - INFO - Database size: 221664 -> 222222 (+558)
2025-10-14 08:14:08 - INFO - Database saved successfully to basil_ladder_games.csv
2025-10-14 08:14:08 - INFO - Step 6: Skipping replay download.
2025-10-14 08:14:08 - INFO - ==============================
2025-10-14 08:14:08 - INFO - Automated Scrape Task Finished
2025-10-14 08:14:08 - INFO - Outcome: SUCCESS
2025-10-14 08:14:08 - INFO - Total Duration: 146.06 seconds
2025-10-14 08:14:08 - INFO - ==============================
2025-10-14 20:10:01 - INFO - ==============================
2025-10-14 20:10:01 - INFO - Starting Automated Scrape Task
2025-10-14 20:10:01 - INFO - Download replays: Disabled
2025-10-14 20:10:01 - INFO - ==============================
2025-10-14 20:10:01 - INFO - Step 1: Loading existing game data...
2025-10-14 20:10:01 - INFO - Loading existing games data from basil_ladder_games.csv
2025-10-14 20:10:02 - INFO - Loaded 222222 games from existing database.
2025-10-14 20:10:02 - INFO - Step 2: Skipping syncing replay status.
2025-10-14 20:10:02 - INFO - Step 3: Fetching bot ratings...
2025-10-14 20:10:02 - INFO - Fetching master rating list from https://data.basil-ladder.net/stats/ranking.json...
2025-10-14 20:10:02 - INFO - Successfully loaded ratings for 292 bots from JSON.
2025-10-14 20:10:02 - INFO - Step 4: Extracting new games from BASIL ladder...
2025-10-14 20:10:02 - INFO - Fetching latest games from BASIL Ladder (Last 24h)...
2025-10-14 20:10:14 - INFO - Navigating to https://basil.bytekeeper.org/...
2025-10-14 20:10:15 - INFO - Waiting for page to load...
2025-10-14 20:10:15 - INFO - Clicking 'Last 24h' button...
2025-10-14 20:10:19 - INFO - Found 1155 games in the table
2025-10-14 20:11:22 - INFO - Browser closed.
2025-10-14 20:11:22 - INFO - Extracted data for 1155 games from the page.
2025-10-14 20:11:22 - INFO - Step 5: Updating games database with new games...
2025-10-14 20:11:22 - INFO - Attempting to update game database with newly scraped games...
2025-10-14 20:11:22 - INFO - Existing games in database: 222222
2025-10-14 20:11:22 - INFO - New games scraped: 1155
2025-10-14 20:12:31 - INFO - Found and skipped 584 duplicate game(s) already present in the database.
2025-10-14 20:12:31 - INFO - Found 571 new unique games.
2025-10-14 20:12:31 - INFO - Database size: 222222 -> 222793 (+571)
2025-10-14 20:12:33 - INFO - Database saved successfully to basil_ladder_games.csv
2025-10-14 20:12:33 - INFO - Step 6: Skipping replay download.
2025-10-14 20:12:33 - INFO - ==============================
2025-10-14 20:12:33 - INFO - Automated Scrape Task Finished
2025-10-14 20:12:33 - INFO - Outcome: SUCCESS
2025-10-14 20:12:33 - INFO - Total Duration: 151.50 seconds
2025-10-14 20:12:33 - INFO - ==============================
2025-10-15 08:13:14 - INFO - ==============================
2025-10-15 08:13:14 - INFO - Starting Automated Scrape Task
2025-10-15 08:13:14 - INFO - Download replays: Disabled
2025-10-15 08:13:14 - INFO - ==============================
2025-10-15 08:13:14 - INFO - Step 1: Loading existing game data...
2025-10-15 08:13:14 - INFO - Loading existing games data from basil_ladder_games.csv
2025-10-15 08:13:15 - INFO - Loaded 222793 games from existing database.
2025-10-15 08:13:15 - INFO - Step 2: Skipping syncing replay status.
2025-10-15 08:13:15 - INFO - Step 3: Fetching bot ratings...
2025-10-15 08:13:15 - INFO - Fetching master rating list from https://data.basil-ladder.net/stats/ranking.json...
2025-10-15 08:13:15 - INFO - Successfully loaded ratings for 292 bots from JSON.
2025-10-15 08:13:15 - INFO - Step 4: Extracting new games from BASIL ladder...
2025-10-15 08:13:15 - INFO - Fetching latest games from BASIL Ladder (Last 24h)...
2025-10-15 08:13:25 - INFO - Navigating to https://basil.bytekeeper.org/...
2025-10-15 08:13:26 - INFO - Waiting for page to load...
2025-10-15 08:13:26 - INFO - Clicking 'Last 24h' button...
2025-10-15 08:13:29 - INFO - Found 1176 games in the table
2025-10-15 08:14:31 - INFO - Browser closed.
2025-10-15 08:14:31 - INFO - Extracted data for 1176 games from the page.
2025-10-15 08:14:31 - INFO - Step 5: Updating games database with new games...
2025-10-15 08:14:31 - INFO - Attempting to update game database with newly scraped games...
2025-10-15 08:14:31 - INFO - Existing games in database: 222793
2025-10-15 08:14:31 - INFO - New games scraped: 1176
2025-10-15 08:15:42 - INFO - Found and skipped 596 duplicate game(s) already present in the database.
2025-10-15 08:15:42 - INFO - Found 580 new unique games.
2025-10-15 08:15:42 - INFO - Database size: 222793 -> 223373 (+580)
2025-10-15 08:15:43 - INFO - Database saved successfully to basil_ladder_games.csv
2025-10-15 08:15:43 - INFO - Step 6: Skipping replay download.
2025-10-15 08:15:43 - INFO - ==============================
2025-10-15 08:15:43 - INFO - Automated Scrape Task Finished
2025-10-15 08:15:43 - INFO - Outcome: SUCCESS
2025-10-15 08:15:43 - INFO - Total Duration: 149.32 seconds
2025-10-15 08:15:43 - INFO - ==============================
2025-10-15 20:10:36 - INFO - ==============================
2025-10-15 20:10:36 - INFO - Starting Automated Scrape Task
2025-10-15 20:10:36 - INFO - Download replays: Disabled
2025-10-15 20:10:36 - INFO - ==============================
2025-10-15 20:10:36 - INFO - Step 1: Loading existing game data...
2025-10-15 20:10:36 - INFO - Loading existing games data from basil_ladder_games.csv
2025-10-15 20:10:37 - INFO - Loaded 223373 games from existing database.
2025-10-15 20:10:37 - INFO - Step 2: Skipping syncing replay status.
2025-10-15 20:10:37 - INFO - Step 3: Fetching bot ratings...
2025-10-15 20:10:37 - INFO - Fetching master rating list from https://data.basil-ladder.net/stats/ranking.json...
2025-10-15 20:10:37 - INFO - Successfully loaded ratings for 292 bots from JSON.
2025-10-15 20:10:37 - INFO - Step 4: Extracting new games from BASIL ladder...
2025-10-15 20:10:37 - INFO - Fetching latest games from BASIL Ladder (Last 24h)...
2025-10-15 20:10:39 - INFO - Navigating to https://basil.bytekeeper.org/...
2025-10-15 20:10:39 - INFO - Waiting for page to load...
2025-10-15 20:10:39 - INFO - Clicking 'Last 24h' button...
2025-10-15 20:10:43 - INFO - Found 1123 games in the table
2025-10-15 20:11:40 - INFO - Browser closed.
2025-10-15 20:11:40 - INFO - Extracted data for 1123 games from the page.
2025-10-15 20:11:40 - INFO - Step 5: Updating games database with new games...
2025-10-15 20:11:40 - INFO - Attempting to update game database with newly scraped games...
2025-10-15 20:11:40 - INFO - Existing games in database: 223373
2025-10-15 20:11:40 - INFO - New games scraped: 1123
2025-10-15 20:12:48 - INFO - Found and skipped 599 duplicate game(s) already present in the database.
2025-10-15 20:12:48 - INFO - Found 524 new unique games.
2025-10-15 20:12:48 - INFO - Database size: 223373 -> 223897 (+524)
2025-10-15 20:12:49 - INFO - Database saved successfully to basil_ladder_games.csv
2025-10-15 20:12:49 - INFO - Step 6: Skipping replay download.
2025-10-15 20:12:49 - INFO - ==============================
2025-10-15 20:12:49 - INFO - Automated Scrape Task Finished
2025-10-15 20:12:49 - INFO - Outcome: SUCCESS
2025-10-15 20:12:49 - INFO - Total Duration: 133.30 seconds
2025-10-15 20:12:49 - INFO - ==============================
2025-10-16 08:13:19 - INFO - ==============================
2025-10-16 08:13:19 - INFO - Starting Automated Scrape Task
2025-10-16 08:13:19 - INFO - Download replays: Disabled
2025-10-16 08:13:19 - INFO - ==============================
2025-10-16 08:13:19 - INFO - Step 1: Loading existing game data...
2025-10-16 08:13:19 - INFO - Loading existing games data from basil_ladder_games.csv
2025-10-16 08:13:20 - INFO - Loaded 223897 games from existing database.
2025-10-16 08:13:20 - INFO - Step 2: Skipping syncing replay status.
2025-10-16 08:13:20 - INFO - Step 3: Fetching bot ratings...
2025-10-16 08:13:20 - INFO - Fetching master rating list from https://data.basil-ladder.net/stats/ranking.json...
2025-10-16 08:13:21 - INFO - Successfully loaded ratings for 292 bots from JSON.
2025-10-16 08:13:21 - INFO - Step 4: Extracting new games from BASIL ladder...
2025-10-16 08:13:21 - INFO - Fetching latest games from BASIL Ladder (Last 24h)...
2025-10-16 08:13:30 - INFO - Navigating to https://basil.bytekeeper.org/...
2025-10-16 08:13:31 - INFO - Waiting for page to load...
2025-10-16 08:13:31 - INFO - Clicking 'Last 24h' button...
2025-10-16 08:13:34 - INFO - Found 1114 games in the table
2025-10-16 08:14:34 - INFO - Browser closed.
2025-10-16 08:14:34 - INFO - Extracted data for 1114 games from the page.
2025-10-16 08:14:34 - INFO - Step 5: Updating games database with new games...
2025-10-16 08:14:34 - INFO - Attempting to update game database with newly scraped games...
2025-10-16 08:14:34 - INFO - Existing games in database: 223897
2025-10-16 08:14:34 - INFO - New games scraped: 1114
2025-10-16 08:15:41 - INFO - Found and skipped 544 duplicate game(s) already present in the database.
2025-10-16 08:15:41 - INFO - Found 570 new unique games.
2025-10-16 08:15:41 - INFO - Database size: 223897 -> 224467 (+570)
2025-10-16 08:15:43 - INFO - Database saved successfully to basil_ladder_games.csv
2025-10-16 08:15:43 - INFO - Step 6: Skipping replay download.
2025-10-16 08:15:43 - INFO - ==============================
2025-10-16 08:15:43 - INFO - Automated Scrape Task Finished
2025-10-16 08:15:43 - INFO - Outcome: SUCCESS
2025-10-16 08:15:43 - INFO - Total Duration: 143.31 seconds
2025-10-16 08:15:43 - INFO - ==============================
2025-10-16 20:10:06 - INFO - ==============================
2025-10-16 20:10:06 - INFO - Starting Automated Scrape Task
2025-10-16 20:10:06 - INFO - Download replays: Disabled
2025-10-16 20:10:06 - INFO - ==============================
2025-10-16 20:10:06 - INFO - Step 1: Loading existing game data...
2025-10-16 20:10:06 - INFO - Loading existing games data from basil_ladder_games.csv
2025-10-16 20:10:07 - INFO - Loaded 224467 games from existing database.
2025-10-16 20:10:07 - INFO - Step 2: Skipping syncing replay status.
2025-10-16 20:10:07 - INFO - Step 3: Fetching bot ratings...
2025-10-16 20:10:07 - INFO - Fetching master rating list from https://data.basil-ladder.net/stats/ranking.json...
2025-10-16 20:10:08 - INFO - Successfully loaded ratings for 292 bots from JSON.
2025-10-16 20:10:08 - INFO - Step 4: Extracting new games from BASIL ladder...
2025-10-16 20:10:08 - INFO - Fetching latest games from BASIL Ladder (Last 24h)...
2025-10-16 20:10:17 - INFO - Navigating to https://basil.bytekeeper.org/...
2025-10-16 20:10:18 - INFO - Waiting for page to load...
2025-10-16 20:10:18 - INFO - Clicking 'Last 24h' button...
2025-10-16 20:10:22 - INFO - Found 1131 games in the table
2025-10-16 20:11:25 - INFO - Browser closed.
2025-10-16 20:11:25 - INFO - Extracted data for 1131 games from the page.
2025-10-16 20:11:25 - INFO - Step 5: Updating games database with new games...
2025-10-16 20:11:25 - INFO - Attempting to update game database with newly scraped games...
2025-10-16 20:11:25 - INFO - Existing games in database: 224467
2025-10-16 20:11:25 - INFO - New games scraped: 1131
2025-10-16 20:12:33 - INFO - Found and skipped 594 duplicate game(s) already present in the database.
2025-10-16 20:12:33 - INFO - Found 537 new unique games.
2025-10-16 20:12:33 - INFO - Database size: 224467 -> 225004 (+537)
2025-10-16 20:12:35 - INFO - Database saved successfully to basil_ladder_games.csv
2025-10-16 20:12:35 - INFO - Step 6: Skipping replay download.
2025-10-16 20:12:35 - INFO - ==============================
2025-10-16 20:12:35 - INFO - Automated Scrape Task Finished
2025-10-16 20:12:35 - INFO - Outcome: SUCCESS
2025-10-16 20:12:35 - INFO - Total Duration: 148.55 seconds
2025-10-16 20:12:35 - INFO - ==============================
2025-10-17 08:13:28 - INFO - ==============================
2025-10-17 08:13:28 - INFO - Starting Automated Scrape Task
2025-10-17 08:13:28 - INFO - Download replays: Disabled
2025-10-17 08:13:28 - INFO - ==============================
2025-10-17 08:13:28 - INFO - Step 1: Loading existing game data...
2025-10-17 08:13:28 - INFO - Loading existing games data from basil_ladder_games.csv
2025-10-17 08:13:28 - INFO - Loaded 225004 games from existing database.
2025-10-17 08:13:28 - INFO - Step 2: Skipping syncing replay status.
2025-10-17 08:13:28 - INFO - Step 3: Fetching bot ratings...
2025-10-17 08:13:28 - INFO - Fetching master rating list from https://data.basil-ladder.net/stats/ranking.json...
2025-10-17 08:13:29 - INFO - Successfully loaded ratings for 292 bots from JSON.
2025-10-17 08:13:29 - INFO - Step 4: Extracting new games from BASIL ladder...
2025-10-17 08:13:29 - INFO - Fetching latest games from BASIL Ladder (Last 24h)...
2025-10-17 08:13:35 - INFO - Navigating to https://basil.bytekeeper.org/...
2025-10-17 08:13:36 - INFO - Waiting for page to load...
2025-10-17 08:13:36 - INFO - Clicking 'Last 24h' button...
2025-10-17 08:13:40 - INFO - Found 1152 games in the table
2025-10-17 08:14:46 - INFO - Browser closed.
2025-10-17 08:14:46 - INFO - Extracted data for 1152 games from the page.
2025-10-17 08:14:46 - INFO - Step 5: Updating games database with new games...
2025-10-17 08:14:46 - INFO - Attempting to update game database with newly scraped games...
2025-10-17 08:14:46 - INFO - Existing games in database: 225004
2025-10-17 08:14:46 - INFO - New games scraped: 1152
2025-10-17 08:15:56 - INFO - Found and skipped 565 duplicate game(s) already present in the database.
2025-10-17 08:15:56 - INFO - Found 587 new unique games.
2025-10-17 08:15:56 - INFO - Database size: 225004 -> 225591 (+587)
2025-10-17 08:15:58 - INFO - Database saved successfully to basil_ladder_games.csv
2025-10-17 08:15:58 - INFO - Step 6: Skipping replay download.
2025-10-17 08:15:58 - INFO - ==============================
2025-10-17 08:15:58 - INFO - Automated Scrape Task Finished
2025-10-17 08:15:58 - INFO - Outcome: SUCCESS
2025-10-17 08:15:58 - INFO - Total Duration: 149.78 seconds
2025-10-17 08:15:58 - INFO - ==============================
2025-10-17 20:10:17 - INFO - ==============================
2025-10-17 20:10:17 - INFO - Starting Automated Scrape Task
2025-10-17 20:10:17 - INFO - Download replays: Disabled
2025-10-17 20:10:17 - INFO - ==============================
2025-10-17 20:10:17 - INFO - Step 1: Loading existing game data...
2025-10-17 20:10:17 - INFO - Loading existing games data from basil_ladder_games.csv
2025-10-17 20:10:18 - INFO - Loaded 225591 games from existing database.
2025-10-17 20:10:18 - INFO - Step 2: Skipping syncing replay status.
2025-10-17 20:10:18 - INFO - Step 3: Fetching bot ratings...
2025-10-17 20:10:18 - INFO - Fetching master rating list from https://data.basil-ladder.net/stats/ranking.json...
2025-10-17 20:10:19 - INFO - Successfully loaded ratings for 292 bots from JSON.
2025-10-17 20:10:19 - INFO - Step 4: Extracting new games from BASIL ladder...
2025-10-17 20:10:19 - INFO - Fetching latest games from BASIL Ladder (Last 24h)...
2025-10-17 20:10:30 - INFO - Navigating to https://basil.bytekeeper.org/...
2025-10-17 20:10:31 - INFO - Waiting for page to load...
2025-10-17 20:10:31 - INFO - Clicking 'Last 24h' button...
2025-10-17 20:10:35 - INFO - Found 1183 games in the table
2025-10-17 20:11:43 - INFO - Browser closed.
2025-10-17 20:11:43 - INFO - Extracted data for 1183 games from the page.
2025-10-17 20:11:43 - INFO - Step 5: Updating games database with new games...
2025-10-17 20:11:43 - INFO - Attempting to update game database with newly scraped games...
2025-10-17 20:11:43 - INFO - Existing games in database: 225591
2025-10-17 20:11:43 - INFO - New games scraped: 1183
2025-10-17 20:12:55 - INFO - Found and skipped 616 duplicate game(s) already present in the database.
2025-10-17 20:12:55 - INFO - Found 567 new unique games.
2025-10-17 20:12:55 - INFO - Database size: 225591 -> 226158 (+567)
2025-10-17 20:12:56 - INFO - Database saved successfully to basil_ladder_games.csv
2025-10-17 20:12:56 - INFO - Step 6: Skipping replay download.
2025-10-17 20:12:56 - INFO - ==============================
2025-10-17 20:12:56 - INFO - Automated Scrape Task Finished
2025-10-17 20:12:56 - INFO - Outcome: SUCCESS
2025-10-17 20:12:56 - INFO - Total Duration: 158.97 seconds
2025-10-17 20:12:56 - INFO - ==============================
2025-10-18 08:10:59 - INFO - ==============================
2025-10-18 08:10:59 - INFO - Starting Automated Scrape Task
2025-10-18 08:10:59 - INFO - Download replays: Disabled
2025-10-18 08:10:59 - INFO - ==============================
2025-10-18 08:10:59 - INFO - Step 1: Loading existing game data...
2025-10-18 08:10:59 - INFO - Loading existing games data from basil_ladder_games.csv
2025-10-18 08:11:00 - INFO - Loaded 226158 games from existing database.
2025-10-18 08:11:00 - INFO - Step 2: Skipping syncing replay status.
2025-10-18 08:11:00 - INFO - Step 3: Fetching bot ratings...
2025-10-18 08:11:00 - INFO - Fetching master rating list from https://data.basil-ladder.net/stats/ranking.json...
2025-10-18 08:11:01 - INFO - Successfully loaded ratings for 292 bots from JSON.
2025-10-18 08:11:01 - INFO - Step 4: Extracting new games from BASIL ladder...
2025-10-18 08:11:01 - INFO - Fetching latest games from BASIL Ladder (Last 24h)...
2025-10-18 08:11:08 - INFO - Navigating to https://basil.bytekeeper.org/...
2025-10-18 08:11:09 - INFO - Waiting for page to load...
2025-10-18 08:11:09 - INFO - Clicking 'Last 24h' button...
2025-10-18 08:11:12 - INFO - Found 1137 games in the table
2025-10-18 08:12:15 - INFO - Browser closed.
2025-10-18 08:12:15 - INFO - Extracted data for 1137 games from the page.
2025-10-18 08:12:15 - INFO - Step 5: Updating games database with new games...
2025-10-18 08:12:15 - INFO - Attempting to update game database with newly scraped games...
2025-10-18 08:12:15 - INFO - Existing games in database: 226158
2025-10-18 08:12:15 - INFO - New games scraped: 1137
2025-10-18 08:13:24 - INFO - Found and skipped 586 duplicate game(s) already present in the database.
2025-10-18 08:13:24 - INFO - Found 551 new unique games.
2025-10-18 08:13:24 - INFO - Database size: 226158 -> 226709 (+551)
2025-10-18 08:13:25 - INFO - Database saved successfully to basil_ladder_games.csv
2025-10-18 08:13:25 - INFO - Step 6: Skipping replay download.
2025-10-18 08:13:25 - INFO - ==============================
2025-10-18 08:13:25 - INFO - Automated Scrape Task Finished
2025-10-18 08:13:25 - INFO - Outcome: SUCCESS
2025-10-18 08:13:25 - INFO - Total Duration: 145.62 seconds
2025-10-18 08:13:25 - INFO - ==============================
2025-10-18 20:08:26 - INFO - ==============================
2025-10-18 20:08:26 - INFO - Starting Automated Scrape Task
2025-10-18 20:08:26 - INFO - Download replays: Disabled
2025-10-18 20:08:26 - INFO - ==============================
2025-10-18 20:08:26 - INFO - Step 1: Loading existing game data...
2025-10-18 20:08:26 - INFO - Loading existing games data from basil_ladder_games.csv
2025-10-18 20:08:26 - INFO - Loaded 226709 games from existing database.
2025-10-18 20:08:26 - INFO - Step 2: Skipping syncing replay status.
2025-10-18 20:08:26 - INFO - Step 3: Fetching bot ratings...
2025-10-18 20:08:26 - INFO - Fetching master rating list from https://data.basil-ladder.net/stats/ranking.json...
2025-10-18 20:08:27 - INFO - Successfully loaded ratings for 292 bots from JSON.
2025-10-18 20:08:27 - INFO - Step 4: Extracting new games from BASIL ladder...
2025-10-18 20:08:27 - INFO - Fetching latest games from BASIL Ladder (Last 24h)...
2025-10-18 20:08:35 - INFO - Navigating to https://basil.bytekeeper.org/...
2025-10-18 20:08:36 - INFO - Waiting for page to load...
2025-10-18 20:08:36 - INFO - Clicking 'Last 24h' button...
2025-10-18 20:08:40 - INFO - Found 1113 games in the table
2025-10-18 20:09:42 - INFO - Browser closed.
2025-10-18 20:09:42 - INFO - Extracted data for 1113 games from the page.
2025-10-18 20:09:42 - INFO - Step 5: Updating games database with new games...
2025-10-18 20:09:42 - INFO - Attempting to update game database with newly scraped games...
2025-10-18 20:09:42 - INFO - Existing games in database: 226709
2025-10-18 20:09:42 - INFO - New games scraped: 1113
2025-10-18 20:10:50 - INFO - Found and skipped 561 duplicate game(s) already present in the database.
2025-10-18 20:10:50 - INFO - Found 552 new unique games.
2025-10-18 20:10:50 - INFO - Database size: 226709 -> 227261 (+552)
2025-10-18 20:10:51 - INFO - Database saved successfully to basil_ladder_games.csv
2025-10-18 20:10:51 - INFO - Step 6: Skipping replay download.
2025-10-18 20:10:51 - INFO - ==============================
2025-10-18 20:10:51 - INFO - Automated Scrape Task Finished
2025-10-18 20:10:51 - INFO - Outcome: SUCCESS
2025-10-18 20:10:51 - INFO - Total Duration: 145.65 seconds
2025-10-18 20:10:51 - INFO - ==============================
2025-10-19 08:10:24 - INFO - ==============================
2025-10-19 08:10:24 - INFO - Starting Automated Scrape Task
2025-10-19 08:10:24 - INFO - Download replays: Disabled
2025-10-19 08:10:24 - INFO - ==============================
2025-10-19 08:10:24 - INFO - Step 1: Loading existing game data...
2025-10-19 08:10:24 - INFO - Loading existing games data from basil_ladder_games.csv
2025-10-19 08:10:24 - INFO - Loaded 227261 games from existing database.
2025-10-19 08:10:24 - INFO - Step 2: Skipping syncing replay status.
2025-10-19 08:10:24 - INFO - Step 3: Fetching bot ratings...
2025-10-19 08:10:24 - INFO - Fetching master rating list from https://data.basil-ladder.net/stats/ranking.json...
2025-10-19 08:10:25 - INFO - Successfully loaded ratings for 292 bots from JSON.
2025-10-19 08:10:25 - INFO - Step 4: Extracting new games from BASIL ladder...
2025-10-19 08:10:25 - INFO - Fetching latest games from BASIL Ladder (Last 24h)...
2025-10-19 08:10:32 - INFO - Navigating to https://basil.bytekeeper.org/...
2025-10-19 08:10:33 - INFO - Waiting for page to load...
2025-10-19 08:10:33 - INFO - Clicking 'Last 24h' button...
2025-10-19 08:10:36 - INFO - Found 1119 games in the table
2025-10-19 08:11:37 - INFO - Browser closed.
2025-10-19 08:11:37 - INFO - Extracted data for 1119 games from the page.
2025-10-19 08:11:37 - INFO - Step 5: Updating games database with new games...
2025-10-19 08:11:37 - INFO - Attempting to update game database with newly scraped games...
2025-10-19 08:11:37 - INFO - Existing games in database: 227261
2025-10-19 08:11:37 - INFO - New games scraped: 1119
2025-10-19 08:12:46 - INFO - Found and skipped 564 duplicate game(s) already present in the database.
2025-10-19 08:12:46 - INFO - Found 555 new unique games.
2025-10-19 08:12:46 - INFO - Database size: 227261 -> 227816 (+555)
2025-10-19 08:12:47 - INFO - Database saved successfully to basil_ladder_games.csv
2025-10-19 08:12:47 - INFO - Step 6: Skipping replay download.
2025-10-19 08:12:47 - INFO - ==============================
2025-10-19 08:12:47 - INFO - Automated Scrape Task Finished
2025-10-19 08:12:47 - INFO - Outcome: SUCCESS
2025-10-19 08:12:47 - INFO - Total Duration: 143.05 seconds
2025-10-19 08:12:47 - INFO - ==============================
2025-10-19 20:09:31 - INFO - ==============================
2025-10-19 20:09:31 - INFO - Starting Automated Scrape Task
2025-10-19 20:09:31 - INFO - Download replays: Disabled
2025-10-19 20:09:31 - INFO - ==============================
2025-10-19 20:09:31 - INFO - Step 1: Loading existing game data...
2025-10-19 20:09:31 - INFO - Loading existing games data from basil_ladder_games.csv
2025-10-19 20:09:31 - INFO - Loaded 227816 games from existing database.
2025-10-19 20:09:31 - INFO - Step 2: Skipping syncing replay status.
2025-10-19 20:09:31 - INFO - Step 3: Fetching bot ratings...
2025-10-19 20:09:31 - INFO - Fetching master rating list from https://data.basil-ladder.net/stats/ranking.json...
2025-10-19 20:09:32 - INFO - Successfully loaded ratings for 292 bots from JSON.
2025-10-19 20:09:32 - INFO - Step 4: Extracting new games from BASIL ladder...
2025-10-19 20:09:32 - INFO - Fetching latest games from BASIL Ladder (Last 24h)...
2025-10-19 20:09:39 - INFO - Navigating to https://basil.bytekeeper.org/...
2025-10-19 20:09:40 - INFO - Waiting for page to load...
2025-10-19 20:09:40 - INFO - Clicking 'Last 24h' button...
2025-10-19 20:09:43 - INFO - Found 1158 games in the table
2025-10-19 20:10:47 - INFO - Browser closed.
2025-10-19 20:10:47 - INFO - Extracted data for 1158 games from the page.
2025-10-19 20:10:47 - INFO - Step 5: Updating games database with new games...
2025-10-19 20:10:47 - INFO - Attempting to update game database with newly scraped games...
2025-10-19 20:10:47 - INFO - Existing games in database: 227816
2025-10-19 20:10:47 - INFO - New games scraped: 1158
2025-10-19 20:11:58 - INFO - Found and skipped 574 duplicate game(s) already present in the database.
2025-10-19 20:11:58 - INFO - Found 584 new unique games.
2025-10-19 20:11:58 - INFO - Database size: 227816 -> 228400 (+584)
2025-10-19 20:11:59 - INFO - Database saved successfully to basil_ladder_games.csv
2025-10-19 20:11:59 - INFO - Step 6: Skipping replay download.
2025-10-19 20:11:59 - INFO - ==============================
2025-10-19 20:11:59 - INFO - Automated Scrape Task Finished
2025-10-19 20:11:59 - INFO - Outcome: SUCCESS
2025-10-19 20:11:59 - INFO - Total Duration: 148.20 seconds
2025-10-19 20:11:59 - INFO - ==============================
2025-10-20 08:13:33 - INFO - ==============================
2025-10-20 08:13:33 - INFO - Starting Automated Scrape Task
2025-10-20 08:13:33 - INFO - Download replays: Disabled
2025-10-20 08:13:33 - INFO - ==============================
2025-10-20 08:13:33 - INFO - Step 1: Loading existing game data...
2025-10-20 08:13:33 - INFO - Loading existing games data from basil_ladder_games.csv
2025-10-20 08:13:34 - INFO - Loaded 228400 games from existing database.
2025-10-20 08:13:34 - INFO - Step 2: Skipping syncing replay status.
2025-10-20 08:13:34 - INFO - Step 3: Fetching bot ratings...
2025-10-20 08:13:34 - INFO - Fetching master rating list from https://data.basil-ladder.net/stats/ranking.json...
2025-10-20 08:13:35 - INFO - Successfully loaded ratings for 292 bots from JSON.
2025-10-20 08:13:35 - INFO - Step 4: Extracting new games from BASIL ladder...
2025-10-20 08:13:35 - INFO - Fetching latest games from BASIL Ladder (Last 24h)...
2025-10-20 08:13:56 - INFO - Navigating to https://basil.bytekeeper.org/...
2025-10-20 08:13:57 - INFO - Waiting for page to load...
2025-10-20 08:13:58 - INFO - Clicking 'Last 24h' button...
2025-10-20 08:14:01 - INFO - Found 1166 games in the table
2025-10-20 08:15:06 - INFO - Browser closed.
2025-10-20 08:15:06 - INFO - Extracted data for 1166 games from the page.
2025-10-20 08:15:06 - INFO - Step 5: Updating games database with new games...
2025-10-20 08:15:06 - INFO - Attempting to update game database with newly scraped games...
2025-10-20 08:15:06 - INFO - Existing games in database: 228400
2025-10-20 08:15:06 - INFO - New games scraped: 1166
2025-10-20 08:16:17 - INFO - Found and skipped 602 duplicate game(s) already present in the database.
2025-10-20 08:16:17 - INFO - Found 564 new unique games.
2025-10-20 08:16:17 - INFO - Database size: 228400 -> 228964 (+564)
2025-10-20 08:16:18 - INFO - Database saved successfully to basil_ladder_games.csv
2025-10-20 08:16:18 - INFO - Step 6: Skipping replay download.
2025-10-20 08:16:18 - INFO - ==============================
2025-10-20 08:16:18 - INFO - Automated Scrape Task Finished
2025-10-20 08:16:18 - INFO - Outcome: SUCCESS
2025-10-20 08:16:18 - INFO - Total Duration: 165.03 seconds
2025-10-20 08:16:18 - INFO - ==============================
2025-10-20 20:10:11 - INFO - ==============================
2025-10-20 20:10:11 - INFO - Starting Automated Scrape Task
2025-10-20 20:10:11 - INFO - Download replays: Disabled
2025-10-20 20:10:11 - INFO - ==============================
2025-10-20 20:10:11 - INFO - Step 1: Loading existing game data...
2025-10-20 20:10:11 - INFO - Loading existing games data from basil_ladder_games.csv
2025-10-20 20:10:12 - INFO - Loaded 228964 games from existing database.
2025-10-20 20:10:12 - INFO - Step 2: Skipping syncing replay status.
2025-10-20 20:10:12 - INFO - Step 3: Fetching bot ratings...
2025-10-20 20:10:12 - INFO - Fetching master rating list from https://data.basil-ladder.net/stats/ranking.json...
2025-10-20 20:10:12 - INFO - Successfully loaded ratings for 292 bots from JSON.
2025-10-20 20:10:12 - INFO - Step 4: Extracting new games from BASIL ladder...
2025-10-20 20:10:12 - INFO - Fetching latest games from BASIL Ladder (Last 24h)...
2025-10-20 20:10:19 - INFO - Navigating to https://basil.bytekeeper.org/...
2025-10-20 20:10:20 - INFO - Waiting for page to load...
2025-10-20 20:10:20 - INFO - Clicking 'Last 24h' button...
2025-10-20 20:10:23 - INFO - Found 1180 games in the table
2025-10-20 20:11:30 - INFO - Browser closed.
2025-10-20 20:11:30 - INFO - Extracted data for 1180 games from the page.
2025-10-20 20:11:30 - INFO - Step 5: Updating games database with new games...
2025-10-20 20:11:30 - INFO - Attempting to update game database with newly scraped games...
2025-10-20 20:11:30 - INFO - Existing games in database: 228964
2025-10-20 20:11:30 - INFO - New games scraped: 1180
2025-10-20 20:12:44 - INFO - Found and skipped 586 duplicate game(s) already present in the database.
2025-10-20 20:12:44 - INFO - Found 594 new unique games.
2025-10-20 20:12:44 - INFO - Database size: 228964 -> 229558 (+594)
2025-10-20 20:12:45 - INFO - Database saved successfully to basil_ladder_games.csv
2025-10-20 20:12:45 - INFO - Step 6: Skipping replay download.
2025-10-20 20:12:45 - INFO - ==============================
2025-10-20 20:12:45 - INFO - Automated Scrape Task Finished
2025-10-20 20:12:45 - INFO - Outcome: SUCCESS
2025-10-20 20:12:45 - INFO - Total Duration: 153.96 seconds
2025-10-20 20:12:45 - INFO - ==============================
2025-10-21 08:13:50 - INFO - ==============================
2025-10-21 08:13:50 - INFO - Starting Automated Scrape Task
2025-10-21 08:13:50 - INFO - Download replays: Disabled
2025-10-21 08:13:50 - INFO - ==============================
2025-10-21 08:13:50 - INFO - Step 1: Loading existing game data...
2025-10-21 08:13:50 - INFO - Loading existing games data from basil_ladder_games.csv
2025-10-21 08:13:50 - INFO - Loaded 229558 games from existing database.
2025-10-21 08:13:50 - INFO - Step 2: Skipping syncing replay status.
2025-10-21 08:13:50 - INFO - Step 3: Fetching bot ratings...
2025-10-21 08:13:50 - INFO - Fetching master rating list from https://data.basil-ladder.net/stats/ranking.json...
2025-10-21 08:13:51 - INFO - Successfully loaded ratings for 292 bots from JSON.
2025-10-21 08:13:51 - INFO - Step 4: Extracting new games from BASIL ladder...
2025-10-21 08:13:51 - INFO - Fetching latest games from BASIL Ladder (Last 24h)...
2025-10-21 08:14:15 - INFO - Navigating to https://basil.bytekeeper.org/...
2025-10-21 08:14:19 - INFO - Waiting for page to load...
2025-10-21 08:14:19 - INFO - Clicking 'Last 24h' button...
2025-10-21 08:14:23 - INFO - Found 1228 games in the table
2025-10-21 08:15:28 - INFO - Browser closed.
2025-10-21 08:15:28 - INFO - Extracted data for 1228 games from the page.
2025-10-21 08:15:28 - INFO - Step 5: Updating games database with new games...
2025-10-21 08:15:28 - INFO - Attempting to update game database with newly scraped games...
2025-10-21 08:15:28 - INFO - Existing games in database: 229558
2025-10-21 08:15:28 - INFO - New games scraped: 1228
2025-10-21 08:16:45 - INFO - Found and skipped 622 duplicate game(s) already present in the database.
2025-10-21 08:16:45 - INFO - Found 606 new unique games.
2025-10-21 08:16:45 - INFO - Database size: 229558 -> 230164 (+606)
2025-10-21 08:16:46 - INFO - Database saved successfully to basil_ladder_games.csv
2025-10-21 08:16:46 - INFO - Step 6: Skipping replay download.
2025-10-21 08:16:46 - INFO - ==============================
2025-10-21 08:16:46 - INFO - Automated Scrape Task Finished
2025-10-21 08:16:46 - INFO - Outcome: SUCCESS
2025-10-21 08:16:46 - INFO - Total Duration: 176.37 seconds
2025-10-21 08:16:46 - INFO - ==============================
2025-10-21 20:10:37 - INFO - ==============================
2025-10-21 20:10:37 - INFO - Starting Automated Scrape Task
2025-10-21 20:10:37 - INFO - Download replays: Disabled
2025-10-21 20:10:37 - INFO - ==============================
2025-10-21 20:10:37 - INFO - Step 1: Loading existing game data...
2025-10-21 20:10:37 - INFO - Loading existing games data from basil_ladder_games.csv
2025-10-21 20:10:37 - INFO - Loaded 230164 games from existing database.
2025-10-21 20:10:37 - INFO - Step 2: Skipping syncing replay status.
2025-10-21 20:10:37 - INFO - Step 3: Fetching bot ratings...
2025-10-21 20:10:37 - INFO - Fetching master rating list from https://data.basil-ladder.net/stats/ranking.json...
2025-10-21 20:10:38 - INFO - Successfully loaded ratings for 292 bots from JSON.
2025-10-21 20:10:38 - INFO - Step 4: Extracting new games from BASIL ladder...
2025-10-21 20:10:38 - INFO - Fetching latest games from BASIL Ladder (Last 24h)...
2025-10-21 20:10:46 - INFO - Navigating to https://basil.bytekeeper.org/...
2025-10-21 20:10:47 - INFO - Waiting for page to load...
2025-10-21 20:10:47 - INFO - Clicking 'Last 24h' button...
2025-10-21 20:10:51 - INFO - Found 1252 games in the table
2025-10-21 20:11:56 - INFO - Browser closed.
2025-10-21 20:11:56 - INFO - Extracted data for 1252 games from the page.
2025-10-21 20:11:56 - INFO - Step 5: Updating games database with new games...
2025-10-21 20:11:56 - INFO - Attempting to update game database with newly scraped games...
2025-10-21 20:11:56 - INFO - Existing games in database: 230164
2025-10-21 20:11:56 - INFO - New games scraped: 1252
2025-10-21 20:13:13 - INFO - Found and skipped 629 duplicate game(s) already present in the database.
2025-10-21 20:13:13 - INFO - Found 623 new unique games.
2025-10-21 20:13:13 - INFO - Database size: 230164 -> 230787 (+623)
2025-10-21 20:13:14 - INFO - Database saved successfully to basil_ladder_games.csv
2025-10-21 20:13:14 - INFO - Step 6: Skipping replay download.
2025-10-21 20:13:14 - INFO - ==============================
2025-10-21 20:13:14 - INFO - Automated Scrape Task Finished
2025-10-21 20:13:14 - INFO - Outcome: SUCCESS
2025-10-21 20:13:14 - INFO - Total Duration: 157.51 seconds
2025-10-21 20:13:14 - INFO - ==============================
2025-10-22 08:14:33 - INFO - ==============================
2025-10-22 08:14:33 - INFO - Starting Automated Scrape Task
2025-10-22 08:14:33 - INFO - Download replays: Disabled
2025-10-22 08:14:33 - INFO - ==============================
2025-10-22 08:14:33 - INFO - Step 1: Loading existing game data...
2025-10-22 08:14:33 - INFO - Loading existing games data from basil_ladder_games.csv
2025-10-22 08:14:34 - INFO - Loaded 230787 games from existing database.
2025-10-22 08:14:34 - INFO - Step 2: Skipping syncing replay status.
2025-10-22 08:14:34 - INFO - Step 3: Fetching bot ratings...
2025-10-22 08:14:34 - INFO - Fetching master rating list from https://data.basil-ladder.net/stats/ranking.json...
2025-10-22 08:14:34 - INFO - Successfully loaded ratings for 292 bots from JSON.
2025-10-22 08:14:34 - INFO - Step 4: Extracting new games from BASIL ladder...
2025-10-22 08:14:34 - INFO - Fetching latest games from BASIL Ladder (Last 24h)...
2025-10-22 08:14:41 - INFO - Navigating to https://basil.bytekeeper.org/...
2025-10-22 08:14:42 - INFO - Waiting for page to load...
2025-10-22 08:14:42 - INFO - Clicking 'Last 24h' button...
2025-10-22 08:14:45 - INFO - Found 1222 games in the table
2025-10-22 08:15:57 - INFO - Browser closed.
2025-10-22 08:15:57 - INFO - Extracted data for 1222 games from the page.
2025-10-22 08:15:57 - INFO - Step 5: Updating games database with new games...
2025-10-22 08:15:57 - INFO - Attempting to update game database with newly scraped games...
2025-10-22 08:15:57 - INFO - Existing games in database: 230787
2025-10-22 08:15:57 - INFO - New games scraped: 1222
2025-10-22 08:17:14 - INFO - Found and skipped 657 duplicate game(s) already present in the database.
2025-10-22 08:17:14 - INFO - Found 565 new unique games.
2025-10-22 08:17:14 - INFO - Database size: 230787 -> 231352 (+565)
2025-10-22 08:17:15 - INFO - Database saved successfully to basil_ladder_games.csv
2025-10-22 08:17:15 - INFO - Step 6: Skipping replay download.
2025-10-22 08:17:15 - INFO - ==============================
2025-10-22 08:17:15 - INFO - Automated Scrape Task Finished
2025-10-22 08:17:15 - INFO - Outcome: SUCCESS
2025-10-22 08:17:15 - INFO - Total Duration: 161.85 seconds
2025-10-22 08:17:15 - INFO - ==============================
2025-10-22 20:10:48 - INFO - ==============================
2025-10-22 20:10:48 - INFO - Starting Automated Scrape Task
2025-10-22 20:10:48 - INFO - Download replays: Disabled
2025-10-22 20:10:48 - INFO - ==============================
2025-10-22 20:10:48 - INFO - Step 1: Loading existing game data...
2025-10-22 20:10:48 - INFO - Loading existing games data from basil_ladder_games.csv
2025-10-22 20:10:48 - INFO - Loaded 231352 games from existing database.
2025-10-22 20:10:48 - INFO - Step 2: Skipping syncing replay status.
2025-10-22 20:10:48 - INFO - Step 3: Fetching bot ratings...
2025-10-22 20:10:48 - INFO - Fetching master rating list from https://data.basil-ladder.net/stats/ranking.json...
2025-10-22 20:10:49 - INFO - Successfully loaded ratings for 292 bots from JSON.
2025-10-22 20:10:49 - INFO - Step 4: Extracting new games from BASIL ladder...
2025-10-22 20:10:49 - INFO - Fetching latest games from BASIL Ladder (Last 24h)...
2025-10-22 20:10:59 - INFO - Navigating to https://basil.bytekeeper.org/...
2025-10-22 20:11:00 - INFO - Waiting for page to load...
2025-10-22 20:11:00 - INFO - Clicking 'Last 24h' button...
2025-10-22 20:11:03 - INFO - Found 1200 games in the table
2025-10-22 20:12:08 - INFO - Browser closed.
2025-10-22 20:12:08 - INFO - Extracted data for 1200 games from the page.
2025-10-22 20:12:08 - INFO - Step 5: Updating games database with new games...
2025-10-22 20:12:08 - INFO - Attempting to update game database with newly scraped games...
2025-10-22 20:12:08 - INFO - Existing games in database: 231352
2025-10-22 20:12:08 - INFO - New games scraped: 1200
2025-10-22 20:13:22 - INFO - Found and skipped 600 duplicate game(s) already present in the database.
2025-10-22 20:13:22 - INFO - Found 600 new unique games.
2025-10-22 20:13:22 - INFO - Database size: 231352 -> 231952 (+600)
2025-10-22 20:13:24 - INFO - Database saved successfully to basil_ladder_games.csv
2025-10-22 20:13:24 - INFO - Step 6: Skipping replay download.
2025-10-22 20:13:24 - INFO - ==============================
2025-10-22 20:13:24 - INFO - Automated Scrape Task Finished
2025-10-22 20:13:24 - INFO - Outcome: SUCCESS
2025-10-22 20:13:24 - INFO - Total Duration: 155.98 seconds
2025-10-22 20:13:24 - INFO - ==============================
2025-10-23 08:13:17 - INFO - ==============================
2025-10-23 08:13:17 - INFO - Starting Automated Scrape Task
2025-10-23 08:13:17 - INFO - Download replays: Disabled
2025-10-23 08:13:17 - INFO - ==============================
2025-10-23 08:13:17 - INFO - Step 1: Loading existing game data...
2025-10-23 08:13:17 - INFO - Loading existing games data from basil_ladder_games.csv
2025-10-23 08:13:17 - INFO - Loaded 231952 games from existing database.
2025-10-23 08:13:17 - INFO - Step 2: Skipping syncing replay status.
2025-10-23 08:13:17 - INFO - Step 3: Fetching bot ratings...
2025-10-23 08:13:17 - INFO - Fetching master rating list from https://data.basil-ladder.net/stats/ranking.json...
2025-10-23 08:13:18 - INFO - Successfully loaded ratings for 292 bots from JSON.
2025-10-23 08:13:18 - INFO - Step 4: Extracting new games from BASIL ladder...
2025-10-23 08:13:18 - INFO - Fetching latest games from BASIL Ladder (Last 24h)...
2025-10-23 08:13:25 - INFO - Navigating to https://basil.bytekeeper.org/...
2025-10-23 08:13:26 - INFO - Waiting for page to load...
2025-10-23 08:13:26 - INFO - Clicking 'Last 24h' button...
2025-10-23 08:13:30 - INFO - Found 1190 games in the table
2025-10-23 08:14:39 - INFO - Browser closed.
2025-10-23 08:14:39 - INFO - Extracted data for 1190 games from the page.
2025-10-23 08:14:39 - INFO - Step 5: Updating games database with new games...
2025-10-23 08:14:39 - INFO - Attempting to update game database with newly scraped games...
2025-10-23 08:14:39 - INFO - Existing games in database: 231952
2025-10-23 08:14:39 - INFO - New games scraped: 1190
2025-10-23 08:15:54 - INFO - Found and skipped 617 duplicate game(s) already present in the database.
2025-10-23 08:15:54 - INFO - Found 573 new unique games.
2025-10-23 08:15:54 - INFO - Database size: 231952 -> 232525 (+573)
2025-10-23 08:15:55 - INFO - Database saved successfully to basil_ladder_games.csv
2025-10-23 08:15:55 - INFO - Step 6: Skipping replay download.
2025-10-23 08:15:55 - INFO - ==============================
2025-10-23 08:15:55 - INFO - Automated Scrape Task Finished
2025-10-23 08:15:55 - INFO - Outcome: SUCCESS
2025-10-23 08:15:55 - INFO - Total Duration: 158.37 seconds
2025-10-23 08:15:55 - INFO - ==============================
2025-10-23 20:10:00 - INFO - ==============================
2025-10-23 20:10:00 - INFO - Starting Automated Scrape Task
2025-10-23 20:10:00 - INFO - Download replays: Disabled
2025-10-23 20:10:00 - INFO - ==============================
2025-10-23 20:10:00 - INFO - Step 1: Loading existing game data...
2025-10-23 20:10:00 - INFO - Loading existing games data from basil_ladder_games.csv
2025-10-23 20:10:00 - INFO - Loaded 232525 games from existing database.
2025-10-23 20:10:00 - INFO - Step 2: Skipping syncing replay status.
2025-10-23 20:10:00 - INFO - Step 3: Fetching bot ratings...
2025-10-23 20:10:00 - INFO - Fetching master rating list from https://data.basil-ladder.net/stats/ranking.json...
2025-10-23 20:10:01 - INFO - Successfully loaded ratings for 292 bots from JSON.
2025-10-23 20:10:01 - INFO - Step 4: Extracting new games from BASIL ladder...
2025-10-23 20:10:01 - INFO - Fetching latest games from BASIL Ladder (Last 24h)...
2025-10-23 20:10:03 - INFO - Navigating to https://basil.bytekeeper.org/...
2025-10-23 20:10:04 - INFO - Waiting for page to load...
2025-10-23 20:10:04 - INFO - Clicking 'Last 24h' button...
2025-10-23 20:10:07 - INFO - Found 1027 games in the table
2025-10-23 20:11:03 - INFO - Browser closed.
2025-10-23 20:11:03 - INFO - Extracted data for 1027 games from the page.
2025-10-23 20:11:03 - INFO - Step 5: Updating games database with new games...
2025-10-23 20:11:03 - INFO - Attempting to update game database with newly scraped games...
2025-10-23 20:11:03 - INFO - Existing games in database: 232525
2025-10-23 20:11:03 - INFO - New games scraped: 1027
2025-10-23 20:12:06 - INFO - Found and skipped 618 duplicate game(s) already present in the database.
2025-10-23 20:12:06 - INFO - Found 409 new unique games.
2025-10-23 20:12:06 - INFO - Database size: 232525 -> 232934 (+409)
2025-10-23 20:12:07 - INFO - Database saved successfully to basil_ladder_games.csv
2025-10-23 20:12:07 - INFO - Step 6: Skipping replay download.
2025-10-23 20:12:07 - INFO - ==============================
2025-10-23 20:12:07 - INFO - Automated Scrape Task Finished
2025-10-23 20:12:07 - INFO - Outcome: SUCCESS
2025-10-23 20:12:07 - INFO - Total Duration: 127.36 seconds
2025-10-23 20:12:07 - INFO - ==============================
2025-10-24 08:12:52 - INFO - ==============================
2025-10-24 08:12:52 - INFO - Starting Automated Scrape Task
2025-10-24 08:12:52 - INFO - Download replays: Disabled
2025-10-24 08:12:52 - INFO - ==============================
2025-10-24 08:12:52 - INFO - Step 1: Loading existing game data...
2025-10-24 08:12:52 - INFO - Loading existing games data from basil_ladder_games.csv
2025-10-24 08:12:53 - INFO - Loaded 232934 games from existing database.
2025-10-24 08:12:53 - INFO - Step 2: Skipping syncing replay status.
2025-10-24 08:12:53 - INFO - Step 3: Fetching bot ratings...
2025-10-24 08:12:53 - INFO - Fetching master rating list from https://data.basil-ladder.net/stats/ranking.json...
2025-10-24 08:12:53 - INFO - Successfully loaded ratings for 292 bots from JSON.
2025-10-24 08:12:53 - INFO - Step 4: Extracting new games from BASIL ladder...
2025-10-24 08:12:53 - INFO - Fetching latest games from BASIL Ladder (Last 24h)...
2025-10-24 08:13:00 - INFO - Navigating to https://basil.bytekeeper.org/...
2025-10-24 08:13:00 - INFO - Waiting for page to load...
2025-10-24 08:13:00 - INFO - Clicking 'Last 24h' button...
2025-10-24 08:13:04 - INFO - Found 635 games in the table
2025-10-24 08:13:38 - INFO - Browser closed.
2025-10-24 08:13:38 - INFO - Extracted data for 635 games from the page.
2025-10-24 08:13:38 - INFO - Step 5: Updating games database with new games...
2025-10-24 08:13:38 - INFO - Attempting to update game database with newly scraped games...
2025-10-24 08:13:38 - INFO - Existing games in database: 232934
2025-10-24 08:13:38 - INFO - New games scraped: 635
2025-10-24 08:14:18 - INFO - Found and skipped 421 duplicate game(s) already present in the database.
2025-10-24 08:14:18 - INFO - Found 214 new unique games.
2025-10-24 08:14:18 - INFO - Database size: 232934 -> 233148 (+214)
2025-10-24 08:14:20 - INFO - Database saved successfully to basil_ladder_games.csv
2025-10-24 08:14:20 - INFO - Step 6: Skipping replay download.
2025-10-24 08:14:20 - INFO - ==============================
2025-10-24 08:14:20 - INFO - Automated Scrape Task Finished
2025-10-24 08:14:20 - INFO - Outcome: SUCCESS
2025-10-24 08:14:20 - INFO - Total Duration: 87.46 seconds
2025-10-24 08:14:20 - INFO - ==============================
2025-10-24 20:09:50 - INFO - ==============================
2025-10-24 20:09:50 - INFO - Starting Automated Scrape Task
2025-10-24 20:09:50 - INFO - Download replays: Disabled
2025-10-24 20:09:50 - INFO - ==============================
2025-10-24 20:09:50 - INFO - Step 1: Loading existing game data...
2025-10-24 20:09:50 - INFO - Loading existing games data from basil_ladder_games.csv
2025-10-24 20:09:50 - INFO - Loaded 233148 games from existing database.
2025-10-24 20:09:50 - INFO - Step 2: Skipping syncing replay status.
2025-10-24 20:09:50 - INFO - Step 3: Fetching bot ratings...
2025-10-24 20:09:50 - INFO - Fetching master rating list from https://data.basil-ladder.net/stats/ranking.json...
2025-10-24 20:09:51 - INFO - Successfully loaded ratings for 292 bots from JSON.
2025-10-24 20:09:51 - INFO - Step 4: Extracting new games from BASIL ladder...
2025-10-24 20:09:51 - INFO - Fetching latest games from BASIL Ladder (Last 24h)...
2025-10-24 20:09:58 - INFO - Navigating to https://basil.bytekeeper.org/...
2025-10-24 20:09:59 - INFO - Waiting for page to load...
2025-10-24 20:09:59 - INFO - Clicking 'Last 24h' button...
2025-10-24 20:10:03 - INFO - Found 827 games in the table
2025-10-24 20:10:46 - INFO - Browser closed.
2025-10-24 20:10:46 - INFO - Extracted data for 827 games from the page.
2025-10-24 20:10:46 - INFO - Step 5: Updating games database with new games...
2025-10-24 20:10:46 - INFO - Attempting to update game database with newly scraped games...
2025-10-24 20:10:46 - INFO - Existing games in database: 233148
2025-10-24 20:10:46 - INFO - New games scraped: 827
2025-10-24 20:11:38 - INFO - Found and skipped 221 duplicate game(s) already present in the database.
2025-10-24 20:11:38 - INFO - Found 606 new unique games.
2025-10-24 20:11:38 - INFO - Database size: 233148 -> 233754 (+606)
2025-10-24 20:11:39 - INFO - Database saved successfully to basil_ladder_games.csv
2025-10-24 20:11:39 - INFO - Step 6: Skipping replay download.
2025-10-24 20:11:39 - INFO - ==============================
2025-10-24 20:11:39 - INFO - Automated Scrape Task Finished
2025-10-24 20:11:39 - INFO - Outcome: SUCCESS
2025-10-24 20:11:39 - INFO - Total Duration: 109.61 seconds
2025-10-24 20:11:39 - INFO - ==============================
2025-10-25 08:10:42 - INFO - ==============================
2025-10-25 08:10:42 - INFO - Starting Automated Scrape Task
2025-10-25 08:10:42 - INFO - Download replays: Disabled
2025-10-25 08:10:42 - INFO - ==============================
2025-10-25 08:10:42 - INFO - Step 1: Loading existing game data...
2025-10-25 08:10:42 - INFO - Loading existing games data from basil_ladder_games.csv
2025-10-25 08:10:42 - INFO - Loaded 233754 games from existing database.
2025-10-25 08:10:42 - INFO - Step 2: Skipping syncing replay status.
2025-10-25 08:10:42 - INFO - Step 3: Fetching bot ratings...
2025-10-25 08:10:42 - INFO - Fetching master rating list from https://data.basil-ladder.net/stats/ranking.json...
2025-10-25 08:10:43 - INFO - Successfully loaded ratings for 292 bots from JSON.
2025-10-25 08:10:43 - INFO - Step 4: Extracting new games from BASIL ladder...
2025-10-25 08:10:43 - INFO - Fetching latest games from BASIL Ladder (Last 24h)...
2025-10-25 08:10:50 - INFO - Navigating to https://basil.bytekeeper.org/...
2025-10-25 08:10:50 - INFO - Waiting for page to load...
2025-10-25 08:10:50 - INFO - Clicking 'Last 24h' button...
2025-10-25 08:10:54 - INFO - Found 1256 games in the table
2025-10-25 08:12:00 - INFO - Browser closed.
2025-10-25 08:12:00 - INFO - Extracted data for 1256 games from the page.
2025-10-25 08:12:00 - INFO - Step 5: Updating games database with new games...
2025-10-25 08:12:00 - INFO - Attempting to update game database with newly scraped games...
2025-10-25 08:12:00 - INFO - Existing games in database: 233754
2025-10-25 08:12:00 - INFO - New games scraped: 1256
2025-10-25 08:13:19 - INFO - Found and skipped 640 duplicate game(s) already present in the database.
2025-10-25 08:13:19 - INFO - Found 616 new unique games.
2025-10-25 08:13:19 - INFO - Database size: 233754 -> 234370 (+616)
2025-10-25 08:13:21 - INFO - Database saved successfully to basil_ladder_games.csv
2025-10-25 08:13:21 - INFO - Step 6: Skipping replay download.
2025-10-25 08:13:21 - INFO - ==============================
2025-10-25 08:13:21 - INFO - Automated Scrape Task Finished
2025-10-25 08:13:21 - INFO - Outcome: SUCCESS
2025-10-25 08:13:21 - INFO - Total Duration: 159.14 seconds
2025-10-25 08:13:21 - INFO - ==============================
2025-10-25 20:09:24 - INFO - ==============================
2025-10-25 20:09:24 - INFO - Starting Automated Scrape Task
2025-10-25 20:09:24 - INFO - Download replays: Disabled
2025-10-25 20:09:24 - INFO - ==============================
2025-10-25 20:09:24 - INFO - Step 1: Loading existing game data...
2025-10-25 20:09:24 - INFO - Loading existing games data from basil_ladder_games.csv
2025-10-25 20:09:25 - INFO - Loaded 234370 games from existing database.
2025-10-25 20:09:25 - INFO - Step 2: Skipping syncing replay status.
2025-10-25 20:09:25 - INFO - Step 3: Fetching bot ratings...
2025-10-25 20:09:25 - INFO - Fetching master rating list from https://data.basil-ladder.net/stats/ranking.json...
2025-10-25 20:09:25 - INFO - Successfully loaded ratings for 292 bots from JSON.
2025-10-25 20:09:25 - INFO - Step 4: Extracting new games from BASIL ladder...
2025-10-25 20:09:25 - INFO - Fetching latest games from BASIL Ladder (Last 24h)...
2025-10-25 20:09:38 - INFO - Navigating to https://basil.bytekeeper.org/...
2025-10-25 20:09:39 - INFO - Waiting for page to load...
2025-10-25 20:09:40 - INFO - Clicking 'Last 24h' button...
2025-10-25 20:09:43 - INFO - Found 1252 games in the table
2025-10-25 20:10:53 - INFO - Browser closed.
2025-10-25 20:10:53 - INFO - Extracted data for 1252 games from the page.
2025-10-25 20:10:53 - INFO - Step 5: Updating games database with new games...
2025-10-25 20:10:53 - INFO - Attempting to update game database with newly scraped games...
2025-10-25 20:10:53 - INFO - Existing games in database: 234370
2025-10-25 20:10:53 - INFO - New games scraped: 1252
2025-10-25 20:12:13 - INFO - Found and skipped 644 duplicate game(s) already present in the database.
2025-10-25 20:12:13 - INFO - Found 608 new unique games.
2025-10-25 20:12:13 - INFO - Database size: 234370 -> 234978 (+608)
2025-10-25 20:12:15 - INFO - Database saved successfully to basil_ladder_games.csv
2025-10-25 20:12:15 - INFO - Step 6: Skipping replay download.
2025-10-25 20:12:15 - INFO - ==============================
2025-10-25 20:12:15 - INFO - Automated Scrape Task Finished
2025-10-25 20:12:15 - INFO - Outcome: SUCCESS
2025-10-25 20:12:15 - INFO - Total Duration: 170.99 seconds
2025-10-25 20:12:15 - INFO - ==============================
2025-10-26 08:11:15 - INFO - ==============================
2025-10-26 08:11:15 - INFO - Starting Automated Scrape Task
2025-10-26 08:11:15 - INFO - Download replays: Disabled
2025-10-26 08:11:15 - INFO - ==============================
2025-10-26 08:11:15 - INFO - Step 1: Loading existing game data...
2025-10-26 08:11:15 - INFO - Loading existing games data from basil_ladder_games.csv
2025-10-26 08:11:16 - INFO - Loaded 234978 games from existing database.
2025-10-26 08:11:16 - INFO - Step 2: Skipping syncing replay status.
2025-10-26 08:11:16 - INFO - Step 3: Fetching bot ratings...
2025-10-26 08:11:16 - INFO - Fetching master rating list from https://data.basil-ladder.net/stats/ranking.json...
2025-10-26 08:11:16 - INFO - Successfully loaded ratings for 292 bots from JSON.
2025-10-26 08:11:16 - INFO - Step 4: Extracting new games from BASIL ladder...
2025-10-26 08:11:16 - INFO - Fetching latest games from BASIL Ladder (Last 24h)...
2025-10-26 08:11:24 - INFO - Navigating to https://basil.bytekeeper.org/...
2025-10-26 08:11:25 - INFO - Waiting for page to load...
2025-10-26 08:11:25 - INFO - Clicking 'Last 24h' button...
2025-10-26 08:11:28 - INFO - Found 1188 games in the table
2025-10-26 08:12:31 - INFO - Browser closed.
2025-10-26 08:12:31 - INFO - Extracted data for 1188 games from the page.
2025-10-26 08:12:31 - INFO - Step 5: Updating games database with new games...
2025-10-26 08:12:31 - INFO - Attempting to update game database with newly scraped games...
2025-10-26 08:12:31 - INFO - Existing games in database: 234978
2025-10-26 08:12:31 - INFO - New games scraped: 1188
2025-10-26 08:13:46 - INFO - Found and skipped 630 duplicate game(s) already present in the database.
2025-10-26 08:13:46 - INFO - Found 558 new unique games.
2025-10-26 08:13:46 - INFO - Database size: 234978 -> 235536 (+558)
2025-10-26 08:13:48 - INFO - Database saved successfully to basil_ladder_games.csv
2025-10-26 08:13:48 - INFO - Step 6: Skipping replay download.
2025-10-26 08:13:48 - INFO - ==============================
2025-10-26 08:13:48 - INFO - Automated Scrape Task Finished
2025-10-26 08:13:48 - INFO - Outcome: SUCCESS
2025-10-26 08:13:48 - INFO - Total Duration: 152.34 seconds
2025-10-26 08:13:48 - INFO - ==============================
2025-10-26 20:09:41 - INFO - ==============================
2025-10-26 20:09:41 - INFO - Starting Automated Scrape Task
2025-10-26 20:09:41 - INFO - Download replays: Disabled
2025-10-26 20:09:41 - INFO - ==============================
2025-10-26 20:09:41 - INFO - Step 1: Loading existing game data...
2025-10-26 20:09:41 - INFO - Loading existing games data from basil_ladder_games.csv
2025-10-26 20:09:41 - INFO - Loaded 235536 games from existing database.
2025-10-26 20:09:41 - INFO - Step 2: Skipping syncing replay status.
2025-10-26 20:09:41 - INFO - Step 3: Fetching bot ratings...
2025-10-26 20:09:41 - INFO - Fetching master rating list from https://data.basil-ladder.net/stats/ranking.json...
2025-10-26 20:09:42 - INFO - Successfully loaded ratings for 292 bots from JSON.
2025-10-26 20:09:42 - INFO - Step 4: Extracting new games from BASIL ladder...
2025-10-26 20:09:42 - INFO - Fetching latest games from BASIL Ladder (Last 24h)...
2025-10-26 20:09:50 - INFO - Navigating to https://basil.bytekeeper.org/...
2025-10-26 20:09:51 - INFO - Waiting for page to load...
2025-10-26 20:09:51 - INFO - Clicking 'Last 24h' button...
2025-10-26 20:09:54 - INFO - Found 1103 games in the table
2025-10-26 20:10:53 - INFO - Browser closed.
2025-10-26 20:10:53 - INFO - Extracted data for 1103 games from the page.
2025-10-26 20:10:53 - INFO - Step 5: Updating games database with new games...
2025-10-26 20:10:53 - INFO - Attempting to update game database with newly scraped games...
2025-10-26 20:10:53 - INFO - Existing games in database: 235536
2025-10-26 20:10:53 - INFO - New games scraped: 1103
2025-10-26 20:12:02 - INFO - Found and skipped 579 duplicate game(s) already present in the database.
2025-10-26 20:12:02 - INFO - Found 524 new unique games.
2025-10-26 20:12:02 - INFO - Database size: 235536 -> 236060 (+524)
2025-10-26 20:12:04 - INFO - Database saved successfully to basil_ladder_games.csv
2025-10-26 20:12:04 - INFO - Step 6: Skipping replay download.
2025-10-26 20:12:04 - INFO - ==============================
2025-10-26 20:12:04 - INFO - Automated Scrape Task Finished
2025-10-26 20:12:04 - INFO - Outcome: SUCCESS
2025-10-26 20:12:04 - INFO - Total Duration: 142.69 seconds
2025-10-26 20:12:04 - INFO - ==============================
2025-10-27 08:14:03 - INFO - ==============================
2025-10-27 08:14:03 - INFO - Starting Automated Scrape Task
2025-10-27 08:14:03 - INFO - Download replays: Disabled
2025-10-27 08:14:03 - INFO - ==============================
2025-10-27 08:14:03 - INFO - Step 1: Loading existing game data...
2025-10-27 08:14:03 - INFO - Loading existing games data from basil_ladder_games.csv
2025-10-27 08:14:03 - INFO - Loaded 236060 games from existing database.
2025-10-27 08:14:03 - INFO - Step 2: Skipping syncing replay status.
2025-10-27 08:14:03 - INFO - Step 3: Fetching bot ratings...
2025-10-27 08:14:03 - INFO - Fetching master rating list from https://data.basil-ladder.net/stats/ranking.json...
2025-10-27 08:14:04 - INFO - Successfully loaded ratings for 292 bots from JSON.
2025-10-27 08:14:04 - INFO - Step 4: Extracting new games from BASIL ladder...
2025-10-27 08:14:04 - INFO - Fetching latest games from BASIL Ladder (Last 24h)...
2025-10-27 08:14:12 - INFO - Navigating to https://basil.bytekeeper.org/...
2025-10-27 08:14:13 - INFO - Waiting for page to load...
2025-10-27 08:14:14 - INFO - Clicking 'Last 24h' button...
2025-10-27 08:14:17 - INFO - Found 915 games in the table
2025-10-27 08:15:05 - INFO - Browser closed.
2025-10-27 08:15:05 - INFO - Extracted data for 915 games from the page.
2025-10-27 08:15:05 - INFO - Step 5: Updating games database with new games...
2025-10-27 08:15:05 - INFO - Attempting to update game database with newly scraped games...
2025-10-27 08:15:05 - INFO - Existing games in database: 236060
2025-10-27 08:15:05 - INFO - New games scraped: 915
2025-10-27 08:16:03 - INFO - Found and skipped 568 duplicate game(s) already present in the database.
2025-10-27 08:16:03 - INFO - Found 347 new unique games.
2025-10-27 08:16:03 - INFO - Database size: 236060 -> 236407 (+347)
2025-10-27 08:16:04 - INFO - Database saved successfully to basil_ladder_games.csv
2025-10-27 08:16:04 - INFO - Step 6: Skipping replay download.
2025-10-27 08:16:04 - INFO - ==============================
2025-10-27 08:16:04 - INFO - Automated Scrape Task Finished
2025-10-27 08:16:04 - INFO - Outcome: SUCCESS
2025-10-27 08:16:04 - INFO - Total Duration: 121.79 seconds
2025-10-27 08:16:04 - INFO - ==============================
